{"textures":{"0":"freeminecraftmodels:entity/11_em_blood_elemental/blood_elemental","1":"freeminecraftmodels:entity/11_em_blood_elemental/flame_fx"},"display":{"head":{"scale":[4.0,4.0,4.0],"translation":[0,-6.4,0]}},"elements":[{"from":[2.8146,-0.10214996,0.22194958],"to":[13.1854,6.379551,6.7036495],"rotation":{"origin":[21.1156005859375,1.3177989281738292,4.849749565124512],"angle":22.5,"axis":"z"},"faces":{"north":{"uv":[5.877,2.252,6.373,2.5605],"texture":"#0","tintindex":0,"rotation":0},"east":{"uv":[1.877,3.8145,2.1855,4.123],"texture":"#0","tintindex":0,"rotation":0},"south":{"uv":[5.877,2.627,6.373,2.9355],"texture":"#0","tintindex":0,"rotation":0},"west":{"uv":[6.752,4.377,7.0605,4.6855],"texture":"#0","tintindex":0,"rotation":0},"up":{"uv":[6.4355,0.3105,5.9395,0.002],"texture":"#0","tintindex":0,"rotation":0},"down":{"uv":[2.498,6.002,2.002,6.3105],"texture":"#0","tintindex":0,"rotation":0}}},{"from":[4.110901,1.84235,-0.42625046],"to":[10.592701,7.027752,7.3518496],"rotation":{"origin":[21.1156005859375,1.3177989281738292,4.849749565124512],"angle":22.5,"axis":"z"},"faces":{"north":{"uv":[7.1895,3.1895,7.498,3.4355],"texture":"#0","tintindex":0,"rotation":0},"east":{"uv":[1.127,6.877,1.498,7.123],"texture":"#0","tintindex":0,"rotation":0},"south":{"uv":[5.4395,7.1895,5.748,7.4355],"texture":"#0","tintindex":0,"rotation":0},"west":{"uv":[5.5645,6.877,5.9355,7.123],"texture":"#0","tintindex":0,"rotation":0},"up":{"uv":[6.5605,6.748,6.252,6.377],"texture":"#0","tintindex":0,"rotation":0},"down":{"uv":[1.623,6.4395,1.3145,6.8105],"texture":"#0","tintindex":0,"rotation":0}}},{"from":[4.110901,7.027752,2.8146496],"to":[10.592701,10.916752,4.1109495],"rotation":{"origin":[21.1156005859375,1.3177989281738292,4.849749565124512],"angle":22.5,"axis":"z"},"faces":{"north":{"uv":[7.877,4.127,8.1855,4.3105],"texture":"#0","tintindex":0,"rotation":0},"east":{"uv":[6.0645,4.8145,6.123,4.998],"texture":"#0","tintindex":0,"rotation":0},"south":{"uv":[7.877,4.8145,8.1855,4.998],"texture":"#0","tintindex":0,"rotation":0},"west":{"uv":[5.4395,6.9395,5.498,7.123],"texture":"#0","tintindex":0,"rotation":0},"up":{"uv":[5.0605,1.8105,4.752,1.752],"texture":"#0","tintindex":0,"rotation":0},"down":{"uv":[5.748,0.502,5.4395,0.5605],"texture":"#0","tintindex":0,"rotation":0}}},{"from":[2.8146,7.027752,3.4627495],"to":[9.296301,16.10215,3.4627495],"rotation":{"origin":[21.1156005859375,1.3177989281738292,4.849749565124512],"angle":22.5,"axis":"z"},"faces":{"north":{"uv":[4.8105,6.3145,4.502,6.748],"texture":"#0","tintindex":0,"rotation":0},"east":{"uv":[4.0645,10.0645,4.0645,10.498],"texture":"#0","tintindex":0,"rotation":0},"south":{"uv":[4.502,6.3145,4.8105,6.748],"texture":"#0","tintindex":0,"rotation":0},"west":{"uv":[2.377,10.0645,2.377,10.498],"texture":"#0","tintindex":0,"rotation":0},"up":{"uv":[10.0645,4.252,10.373,4.252],"texture":"#0","tintindex":0,"rotation":0},"down":{"uv":[10.0645,4.502,10.373,4.502],"texture":"#0","tintindex":0,"rotation":0}}},{"from":[4.110901,5.083252,7.3518496],"to":[10.592701,5.083252,16.42625],"rotation":{"origin":[21.1156005859375,1.3177989281738292,4.849749565124512],"angle":22.5,"axis":"z"},"faces":{"north":{"uv":[10.373,4.002,10.0645,4.002],"texture":"#0","tintindex":0,"rotation":0},"east":{"uv":[10.498,4.1895,10.0645,4.1895],"texture":"#0","tintindex":0,"rotation":0},"south":{"uv":[10.373,4.127,10.0645,4.127],"texture":"#0","tintindex":0,"rotation":0},"west":{"uv":[10.498,4.0645,10.0645,4.0645],"texture":"#0","tintindex":0,"rotation":0},"up":{"uv":[2.9395,6.748,3.248,6.3145],"texture":"#0","tintindex":0,"rotation":0},"down":{"uv":[2.9395,6.3145,3.248,6.748],"texture":"#0","tintindex":0,"rotation":0}}},{"from":[5.407301,4.435051,7.3518496],"to":[9.296301,5.73135,9.94455],"rotation":{"origin":[21.1156005859375,1.3177989281738292,4.849749565124512],"angle":22.5,"axis":"z"},"faces":{"north":{"uv":[6.752,3.8145,6.9355,3.873],"texture":"#0","tintindex":0,"rotation":0},"east":{"uv":[9.002,8.502,9.123,8.5605],"texture":"#0","tintindex":0,"rotation":0},"south":{"uv":[7.3145,4.127,7.498,4.1855],"texture":"#0","tintindex":0,"rotation":0},"west":{"uv":[9.252,8.377,9.373,8.4355],"texture":"#0","tintindex":0,"rotation":0},"up":{"uv":[0.6855,9.6855,0.502,9.5645],"texture":"#0","tintindex":0,"rotation":0},"down":{"uv":[0.9355,9.5645,0.752,9.6855],"texture":"#0","tintindex":0,"rotation":0}}}]}