{"textures":{"0":"freeminecraftmodels:entity/11_em_blood_elemental/blood_elemental","1":"freeminecraftmodels:entity/11_em_blood_elemental/flame_fx"},"display":{"head":{"scale":[4.0,4.0,4.0],"translation":[0,-6.4,0]}},"elements":[{"from":[15.961249,0.79800034,6.37955],"to":[20.49855,3.3906002,9.62045],"rotation":{"origin":[26.65584945678711,33.79224903956299,5.497950077056885],"angle":-45.0,"axis":"z"},"faces":{"north":{"uv":[9.5938,1.9395,9.377,2.0605],"texture":"#0","tintindex":0,"rotation":0},"east":{"uv":[3.2188,9.8145,3.0645,9.9355],"texture":"#0","tintindex":0,"rotation":0},"south":{"uv":[9.5938,2.127,9.377,2.248],"texture":"#0","tintindex":0,"rotation":0},"west":{"uv":[1.6563,9.8145,1.502,9.9355],"texture":"#0","tintindex":0,"rotation":0},"up":{"uv":[6.3145,9.2188,6.5313,9.0645],"texture":"#0","tintindex":0,"rotation":0},"down":{"uv":[7.627,9.0645,7.8438,9.2188],"texture":"#0","tintindex":0,"rotation":0}}},{"from":[16.28535,-0.49839973,6.70365],"to":[20.17445,5.9833,9.2963505],"rotation":{"origin":[26.65584945678711,33.79224903956299,5.497950077056885],"angle":-45.0,"axis":"z"},"faces":{"north":{"uv":[2.873,8.127,2.6895,8.4355],"texture":"#0","tintindex":0,"rotation":0},"east":{"uv":[0.873,8.8145,0.752,9.123],"texture":"#0","tintindex":0,"rotation":0},"south":{"uv":[4.3105,8.127,4.127,8.4355],"texture":"#0","tintindex":0,"rotation":0},"west":{"uv":[8.9355,0.5645,8.8145,0.873],"texture":"#0","tintindex":0,"rotation":0},"up":{"uv":[2.002,9.873,2.1855,9.752],"texture":"#0","tintindex":0,"rotation":0},"down":{"uv":[2.627,9.752,2.8105,9.873],"texture":"#0","tintindex":0,"rotation":0}}},{"from":[-4.4985504,10.016701,7.02775],"to":[-1.9058514,16.498402,8.97225],"faces":{"north":{"uv":[1.0605,8.8145,0.9395,9.123],"texture":"#0","tintindex":0,"rotation":0},"east":{"uv":[6.0313,9.3145,5.9395,9.623],"texture":"#0","tintindex":0,"rotation":0},"south":{"uv":[1.998,8.8145,1.877,9.123],"texture":"#0","tintindex":0,"rotation":0},"west":{"uv":[5.8438,9.3145,5.752,9.623],"texture":"#0","tintindex":0,"rotation":0},"up":{"uv":[10.002,1.4688,10.123,1.377],"texture":"#0","tintindex":0,"rotation":0},"down":{"uv":[1.5645,10.002,1.6855,10.0938],"texture":"#0","tintindex":0,"rotation":0}},"rotation":{"origin":[26.65584945678711,33.79224903956299,5.497950077056885],"angle":0.0,"axis":"x"}}]}