{"textures":{"0":"freeminecraftmodels:entity/11_em_blood_elemental/blood_elemental","1":"freeminecraftmodels:entity/11_em_blood_elemental/flame_fx"},"display":{"head":{"scale":[4.0,4.0,4.0],"translation":[0,-6.4,0]}},"elements":[{"from":[-8.606199,-13.698048,5.24525],"to":[4.3573008,-8.512648,10.430651],"rotation":{"origin":[-15.032198905944824,-7.198699637499999,5.530550003051758],"angle":45.0,"axis":"z"},"faces":{"north":{"uv":[6.623,3.002,6.002,3.248],"texture":"#0","tintindex":0,"rotation":0},"east":{"uv":[3.3105,7.502,3.0645,7.748],"texture":"#0","tintindex":0,"rotation":0},"south":{"uv":[6.623,3.3145,6.002,3.5605],"texture":"#0","tintindex":0,"rotation":0},"west":{"uv":[7.748,2.627,7.502,2.873],"texture":"#0","tintindex":0,"rotation":0},"up":{"uv":[6.0645,3.873,6.6855,3.627],"texture":"#0","tintindex":0,"rotation":0},"down":{"uv":[6.0645,4.502,6.6855,4.748],"texture":"#0","tintindex":0,"rotation":0}}},{"from":[0.9807005,-4.572048,5.89345],"to":[4.8697004,5.798752,9.78255],"rotation":{"origin":[-15.032198905944824,-7.198699637499999,5.530550003051758],"angle":22.5,"axis":"z"},"faces":{"north":{"uv":[3.623,6.8145,3.4395,7.3105],"texture":"#0","tintindex":0,"rotation":0},"east":{"uv":[7.0605,6.877,6.877,7.373],"texture":"#0","tintindex":0,"rotation":0},"south":{"uv":[7.0605,6.3145,6.877,6.8105],"texture":"#0","tintindex":0,"rotation":0},"west":{"uv":[5.0605,6.8145,4.877,7.3105],"texture":"#0","tintindex":0,"rotation":0},"up":{"uv":[0.002,9.0605,0.1855,8.877],"texture":"#0","tintindex":0,"rotation":0},"down":{"uv":[0.4395,8.877,0.623,9.0605],"texture":"#0","tintindex":0,"rotation":0}}},{"from":[-12.497299,13.3933525,6.21755],"to":[-9.256399,23.764053,9.45845],"rotation":{"origin":[-15.032198905944824,-7.198699637499999,5.530550003051758],"angle":-22.5,"axis":"z"},"faces":{"north":{"uv":[4.0938,7.252,3.9395,7.748],"texture":"#0","tintindex":0,"rotation":0},"east":{"uv":[0.4063,7.3145,0.252,7.8105],"texture":"#0","tintindex":0,"rotation":0},"south":{"uv":[0.1563,7.3145,0.002,7.8105],"texture":"#0","tintindex":0,"rotation":0},"west":{"uv":[7.4063,4.5645,7.252,5.0605],"texture":"#0","tintindex":0,"rotation":0},"up":{"uv":[9.377,4.7188,9.5313,4.5645],"texture":"#0","tintindex":0,"rotation":0},"down":{"uv":[6.502,9.377,6.6563,9.5313],"texture":"#0","tintindex":0,"rotation":0}}},{"from":[-0.7853985,11.404152,5.89345],"to":[3.1037016,23.07125,9.78255],"rotation":{"origin":[-15.032198905944824,-7.198699637499999,5.530550003051758],"angle":-22.5,"axis":"z"},"faces":{"north":{"uv":[1.873,6.4395,1.6895,6.998],"texture":"#0","tintindex":0,"rotation":0},"east":{"uv":[0.4355,6.6895,0.252,7.248],"texture":"#0","tintindex":0,"rotation":0},"south":{"uv":[0.1855,6.6895,0.002,7.248],"texture":"#0","tintindex":0,"rotation":0},"west":{"uv":[6.8105,6.3145,6.627,6.873],"texture":"#0","tintindex":0,"rotation":0},"up":{"uv":[9.002,5.0605,9.1855,4.877],"texture":"#0","tintindex":0,"rotation":0},"down":{"uv":[9.002,5.127,9.1855,5.3105],"texture":"#0","tintindex":0,"rotation":0}}},{"from":[16.4459,0.89045334,6.21755],"to":[28.112999,4.1313515,9.45845],"rotation":{"origin":[-15.032198905944824,-7.198699637499999,5.530550003051758],"angle":22.5,"axis":"z"},"faces":{"north":{"uv":[7.498,5.8145,6.9395,5.9688],"texture":"#0","tintindex":0,"rotation":0},"east":{"uv":[9.5313,9.0645,9.377,9.2188],"texture":"#0","tintindex":0,"rotation":0},"south":{"uv":[7.623,1.8145,7.0645,1.9688],"texture":"#0","tintindex":0,"rotation":0},"west":{"uv":[8.0313,9.377,7.877,9.5313],"texture":"#0","tintindex":0,"rotation":0},"up":{"uv":[7.127,0.1563,7.6855,0.002],"texture":"#0","tintindex":0,"rotation":0},"down":{"uv":[6.1895,7.127,6.748,7.2813],"texture":"#0","tintindex":0,"rotation":0}}},{"from":[14.1773,-7.3593483,6.21755],"to":[17.418201,0.41865158,9.45845],"rotation":{"origin":[-15.032198905944824,-7.198699637499999,5.530550003051758],"angle":22.5,"axis":"z"},"faces":{"north":{"uv":[3.4688,7.9395,3.3145,8.3105],"texture":"#0","tintindex":0,"rotation":0},"east":{"uv":[1.7188,8.002,1.5645,8.373],"texture":"#0","tintindex":0,"rotation":0},"south":{"uv":[8.1563,1.502,8.002,1.873],"texture":"#0","tintindex":0,"rotation":0},"west":{"uv":[1.4688,8.002,1.3145,8.373],"texture":"#0","tintindex":0,"rotation":0},"up":{"uv":[9.1895,9.5313,9.3438,9.377],"texture":"#0","tintindex":0,"rotation":0},"down":{"uv":[9.4395,0.1895,9.5938,0.3438],"texture":"#0","tintindex":0,"rotation":0}}},{"from":[16.4786,11.01165,5.5693502],"to":[21.663898,15.548851,10.754749],"faces":{"north":{"uv":[8.498,3.8145,8.252,4.0313],"texture":"#0","tintindex":0,"rotation":0},"east":{"uv":[8.498,7.252,8.252,7.4688],"texture":"#0","tintindex":0,"rotation":0},"south":{"uv":[8.498,6.9395,8.252,7.1563],"texture":"#0","tintindex":0,"rotation":0},"west":{"uv":[7.0605,8.252,6.8145,8.4688],"texture":"#0","tintindex":0,"rotation":0},"up":{"uv":[6.627,7.9355,6.873,7.6895],"texture":"#0","tintindex":0,"rotation":0},"down":{"uv":[7.6895,7.627,7.9355,7.873],"texture":"#0","tintindex":0,"rotation":0}},"rotation":{"origin":[-15.032198905944824,-7.198699637499999,5.530550003051758],"angle":0.0,"axis":"x"}},{"from":[17.126701,8.418953,5.5693502],"to":[21.0158,11.01165,8.16205],"faces":{"north":{"uv":[0.1855,9.752,0.002,9.873],"texture":"#0","tintindex":0,"rotation":0},"east":{"uv":[1.873,9.9395,1.752,10.0605],"texture":"#0","tintindex":0,"rotation":0},"south":{"uv":[0.4355,9.752,0.252,9.873],"texture":"#0","tintindex":0,"rotation":0},"west":{"uv":[0.8105,9.9395,0.6895,10.0605],"texture":"#0","tintindex":0,"rotation":0},"up":{"uv":[0.502,9.873,0.6855,9.752],"texture":"#0","tintindex":0,"rotation":0},"down":{"uv":[0.752,9.752,0.9355,9.873],"texture":"#0","tintindex":0,"rotation":0}},"rotation":{"origin":[-15.032198905944824,-7.198699637499999,5.530550003051758],"angle":0.0,"axis":"x"}},{"from":[23.575802,0.566452,5.89345],"to":[25.520302,4.455452,9.78255],"rotation":{"origin":[-15.032198905944824,-7.198699637499999,5.530550003051758],"angle":22.5,"axis":"z"},"faces":{"north":{"uv":[2.3438,9.8145,2.252,9.998],"texture":"#0","tintindex":0,"rotation":0},"east":{"uv":[9.1855,5.627,9.002,5.8105],"texture":"#0","tintindex":0,"rotation":0},"south":{"uv":[8.5313,9.8145,8.4395,9.998],"texture":"#0","tintindex":0,"rotation":0},"west":{"uv":[9.1855,5.377,9.002,5.5605],"texture":"#0","tintindex":0,"rotation":0},"up":{"uv":[8.627,9.998,8.7188,9.8145],"texture":"#0","tintindex":0,"rotation":0},"down":{"uv":[9.0645,9.8145,9.1563,9.998],"texture":"#0","tintindex":0,"rotation":0}}},{"from":[-1.4334993,13.348652,5.24525],"to":[1.8073015,21.12675,10.430651],"rotation":{"origin":[-15.032198905944824,-7.198699637499999,5.530550003051758],"angle":-22.5,"axis":"z"},"faces":{"north":{"uv":[8.2188,4.377,8.0645,4.748],"texture":"#0","tintindex":0,"rotation":0},"east":{"uv":[1.8105,7.0645,1.5645,7.4355],"texture":"#0","tintindex":0,"rotation":0},"south":{"uv":[4.5938,8.0645,4.4395,8.4355],"texture":"#0","tintindex":0,"rotation":0},"west":{"uv":[7.3105,0.9395,7.0645,1.3105],"texture":"#0","tintindex":0,"rotation":0},"up":{"uv":[4.627,8.998,4.7813,8.752],"texture":"#0","tintindex":0,"rotation":0},"down":{"uv":[5.752,8.752,5.9063,8.998],"texture":"#0","tintindex":0,"rotation":0}}},{"from":[0.3325014,1.9097519,5.24525],"to":[5.5179014,3.2060509,10.430651],"rotation":{"origin":[-15.032198905944824,-7.198699637499999,5.530550003051758],"angle":22.5,"axis":"z"},"faces":{"north":{"uv":[9.877,9.502,10.123,9.5605],"texture":"#0","tintindex":0,"rotation":0},"east":{"uv":[9.877,9.627,10.123,9.6855],"texture":"#0","tintindex":0,"rotation":0},"south":{"uv":[0.002,9.9395,0.248,9.998],"texture":"#0","tintindex":0,"rotation":0},"west":{"uv":[9.9395,0.127,10.1855,0.1855],"texture":"#0","tintindex":0,"rotation":0},"up":{"uv":[7.623,7.873,7.377,7.627],"texture":"#0","tintindex":0,"rotation":0},"down":{"uv":[1.623,7.6895,1.377,7.9355],"texture":"#0","tintindex":0,"rotation":0}}},{"from":[-8.563398,12.052353,7.8379498],"to":[-1.4334993,22.42305,7.8379498],"rotation":{"origin":[-15.032198905944824,-7.198699637499999,5.530550003051758],"angle":-22.5,"axis":"z"},"faces":{"north":{"uv":[2.9688,5.752,2.627,6.248],"texture":"#0","tintindex":0,"rotation":0},"east":{"uv":[0.252,10.0645,0.252,10.5605],"texture":"#0","tintindex":0,"rotation":0},"south":{"uv":[2.627,5.752,2.9688,6.248],"texture":"#0","tintindex":0,"rotation":0},"west":{"uv":[0.1895,10.0645,0.1895,10.5605],"texture":"#0","tintindex":0,"rotation":0},"up":{"uv":[10.002,3.002,10.3438,3.002],"texture":"#0","tintindex":0,"rotation":0},"down":{"uv":[10.002,8.8145,10.3438,8.8145],"texture":"#0","tintindex":0,"rotation":0}}},{"from":[1.2740011,6.271652,8.12325],"to":[28.4973,21.827751,8.12325],"rotation":{"origin":[14.237473684111393,14.697902458463354,8.123241203051759],"angle":45.0,"axis":"z"},"faces":{"north":{"uv":[0.0,2.75,2.625,4.25],"texture":"#1","tintindex":0,"rotation":0},"east":{"uv":[7.25,1.25,7.25,2.75],"texture":"#1","tintindex":0,"rotation":0},"south":{"uv":[2.625,2.75,0.0,4.25],"texture":"#1","tintindex":0,"rotation":0},"west":{"uv":[4.5,7.5,4.5,9.0],"texture":"#1","tintindex":0,"rotation":0},"up":{"uv":[10.0,3.25,7.375,3.25],"texture":"#1","tintindex":0,"rotation":0},"down":{"uv":[10.0,3.375,7.375,3.375],"texture":"#1","tintindex":0,"rotation":0}}},{"from":[-4.3831987,2.4747505,7.79915],"to":[11.173001,29.698051,7.79915],"rotation":{"origin":[5.987580803419306,23.864450103676802,8.123241203051759],"angle":-22.5,"axis":"z"},"faces":{"north":{"uv":[0.0,0.0,1.5,2.625],"texture":"#1","tintindex":0,"rotation":0},"east":{"uv":[4.25,7.5,4.25,10.125],"texture":"#1","tintindex":0,"rotation":0},"south":{"uv":[1.5,0.0,0.0,2.625],"texture":"#1","tintindex":0,"rotation":0},"west":{"uv":[4.375,7.5,4.375,10.125],"texture":"#1","tintindex":0,"rotation":0},"up":{"uv":[7.0,4.25,5.5,4.25],"texture":"#1","tintindex":0,"rotation":0},"down":{"uv":[8.875,3.125,7.375,3.125],"texture":"#1","tintindex":0,"rotation":0}}},{"from":[0.3325014,-0.68294907,5.24525],"to":[5.5179014,0.6133499,10.430651],"rotation":{"origin":[-15.032198905944824,-7.198699637499999,5.530550003051758],"angle":22.5,"axis":"z"},"faces":{"north":{"uv":[9.877,9.502,10.123,9.5605],"texture":"#0","tintindex":0,"rotation":0},"east":{"uv":[9.877,9.627,10.123,9.6855],"texture":"#0","tintindex":0,"rotation":0},"south":{"uv":[0.002,9.9395,0.248,9.998],"texture":"#0","tintindex":0,"rotation":0},"west":{"uv":[9.9395,0.127,10.1855,0.1855],"texture":"#0","tintindex":0,"rotation":0},"up":{"uv":[7.623,7.873,7.377,7.627],"texture":"#0","tintindex":0,"rotation":0},"down":{"uv":[1.623,7.6895,1.377,7.9355],"texture":"#0","tintindex":0,"rotation":0}}},{"from":[8.9919,-12.544748,6.21755],"to":[12.2328005,-4.7667503,9.45845],"rotation":{"origin":[-15.032198905944824,-7.198699637499999,5.530550003051758],"angle":22.5,"axis":"z"},"faces":{"north":{"uv":[1.9688,8.002,1.8145,8.373],"texture":"#0","tintindex":0,"rotation":0},"east":{"uv":[4.9063,8.002,4.752,8.373],"texture":"#0","tintindex":0,"rotation":0},"south":{"uv":[8.1563,3.5645,8.002,3.9355],"texture":"#0","tintindex":0,"rotation":0},"west":{"uv":[8.1563,3.127,8.002,3.498],"texture":"#0","tintindex":0,"rotation":0},"up":{"uv":[9.4395,0.5938,9.5938,0.4395],"texture":"#0","tintindex":0,"rotation":0},"down":{"uv":[9.4395,4.8145,9.5938,4.9688],"texture":"#0","tintindex":0,"rotation":0}}},{"from":[1.1107016,2.5906525,6.54165],"to":[7.5924006,5.1833534,9.13435],"faces":{"north":{"uv":[8.998,1.752,8.6895,1.873],"texture":"#0","tintindex":0,"rotation":0},"east":{"uv":[10.0605,0.627,9.9395,0.748],"texture":"#0","tintindex":0,"rotation":0},"south":{"uv":[8.998,4.6895,8.6895,4.8105],"texture":"#0","tintindex":0,"rotation":0},"west":{"uv":[0.623,9.9395,0.502,10.0605],"texture":"#0","tintindex":0,"rotation":0},"up":{"uv":[8.752,4.498,9.0605,4.377],"texture":"#0","tintindex":0,"rotation":0},"down":{"uv":[7.0645,8.752,7.373,8.873],"texture":"#0","tintindex":0,"rotation":0}},"rotation":{"origin":[-15.032198905944824,-7.198699637499999,5.530550003051758],"angle":0.0,"axis":"x"}}]}