{"textures":{"0":"freeminecraftmodels:entity/11_em_blood_elemental/blood_elemental","1":"freeminecraftmodels:entity/11_em_blood_elemental/flame_fx"},"display":{"head":{"scale":[4.0,4.0,4.0],"translation":[0,-6.4,0]}},"elements":[{"from":[17.1392,1.02145,-4.7080507],"to":[19.7319,4.910452,1.7737491],"rotation":{"origin":[8.0,1.8408988274658213,3.520749092102051],"angle":22.5,"axis":"x"},"faces":{"north":{"uv":[4.877,9.502,4.998,9.6855],"texture":"#0","tintindex":0,"rotation":0},"east":{"uv":[7.752,0.002,8.0605,0.1855],"texture":"#0","tintindex":0,"rotation":0},"south":{"uv":[5.0645,9.502,5.1855,9.6855],"texture":"#0","tintindex":0,"rotation":0},"west":{"uv":[7.752,5.127,8.0605,5.3105],"texture":"#0","tintindex":0,"rotation":0},"up":{"uv":[8.6855,7.5605,8.5645,7.252],"texture":"#0","tintindex":0,"rotation":0},"down":{"uv":[8.6855,7.627,8.5645,7.9355],"texture":"#0","tintindex":0,"rotation":0}}},{"from":[8.0,-1.5730495,9.326849],"to":[8.0,16.57585,23.58665],"rotation":{"origin":[8.0,1.8408988274658213,3.520749092102051],"angle":22.5,"axis":"x"},"faces":{"north":{"uv":[8.002,10.002,8.002,10.873],"texture":"#0","tintindex":0,"rotation":0},"east":{"uv":[0.002,1.377,0.6855,2.248],"texture":"#0","tintindex":0,"rotation":0},"south":{"uv":[8.0645,10.002,8.0645,10.873],"texture":"#0","tintindex":0,"rotation":0},"west":{"uv":[0.752,1.877,1.4355,2.748],"texture":"#0","tintindex":0,"rotation":0},"up":{"uv":[8.127,10.6855,8.127,10.002],"texture":"#0","tintindex":0,"rotation":0},"down":{"uv":[8.1895,10.002,8.1895,10.6855],"texture":"#0","tintindex":0,"rotation":0}}},{"from":[6.7037,-4.1657505,8.030549],"to":[9.2963,11.390451,17.10495],"rotation":{"origin":[8.0,1.8408988274658213,3.520749092102051],"angle":22.5,"axis":"x"},"faces":{"north":{"uv":[6.002,6.877,6.123,7.623],"texture":"#0","tintindex":0,"rotation":0},"east":{"uv":[2.9395,3.502,3.373,4.248],"texture":"#0","tintindex":0,"rotation":0},"south":{"uv":[0.502,6.9395,0.623,7.6855],"texture":"#0","tintindex":0,"rotation":0},"west":{"uv":[3.4395,3.502,3.873,4.248],"texture":"#0","tintindex":0,"rotation":0},"up":{"uv":[0.8105,7.373,0.6895,6.9395],"texture":"#0","tintindex":0,"rotation":0},"down":{"uv":[4.0605,8.1895,3.9395,8.623],"texture":"#0","tintindex":0,"rotation":0}}},{"from":[11.889,1.0196495,6.734149],"to":[18.3708,3.6123505,14.512249],"rotation":{"origin":[8.0,1.8408988274658213,3.520749092102051],"angle":22.5,"axis":"x"},"faces":{"north":{"uv":[8.9395,0.9395,9.248,1.0605],"texture":"#0","tintindex":0,"rotation":0},"east":{"uv":[8.5645,1.377,8.9355,1.498],"texture":"#0","tintindex":0,"rotation":0},"south":{"uv":[8.9395,1.127,9.248,1.248],"texture":"#0","tintindex":0,"rotation":0},"west":{"uv":[8.5645,1.5645,8.9355,1.6855],"texture":"#0","tintindex":0,"rotation":0},"up":{"uv":[6.873,5.1855,6.5645,4.8145],"texture":"#0","tintindex":0,"rotation":0},"down":{"uv":[6.9355,3.9395,6.627,4.3105],"texture":"#0","tintindex":0,"rotation":0}}},{"from":[-2.3708,1.0196495,6.734149],"to":[4.111,3.6123505,14.512249],"rotation":{"origin":[8.0,1.8408988274658213,3.520749092102051],"angle":22.5,"axis":"x"},"faces":{"north":{"uv":[8.377,8.8145,8.6855,8.9355],"texture":"#0","tintindex":0,"rotation":0},"east":{"uv":[8.502,0.002,8.873,0.123],"texture":"#0","tintindex":0,"rotation":0},"south":{"uv":[8.9395,0.002,9.248,0.123],"texture":"#0","tintindex":0,"rotation":0},"west":{"uv":[8.502,1.9395,8.873,2.0605],"texture":"#0","tintindex":0,"rotation":0},"up":{"uv":[3.998,6.873,3.6895,6.502],"texture":"#0","tintindex":0,"rotation":0},"down":{"uv":[4.373,6.502,4.0645,6.873],"texture":"#0","tintindex":0,"rotation":0}}},{"from":[4.111,-4.1657505,6.734149],"to":[11.889,8.79775,14.512249],"rotation":{"origin":[8.0,1.8408988274658213,3.520749092102051],"angle":22.5,"axis":"x"},"faces":{"north":{"uv":[2.1895,4.9395,2.5605,5.5605],"texture":"#0","tintindex":0,"rotation":0},"east":{"uv":[5.002,3.6895,5.373,4.3105],"texture":"#0","tintindex":0,"rotation":0},"south":{"uv":[5.002,4.377,5.373,4.998],"texture":"#0","tintindex":0,"rotation":0},"west":{"uv":[2.627,5.0645,2.998,5.6855],"texture":"#0","tintindex":0,"rotation":0},"up":{"uv":[4.9355,4.0605,4.5645,3.6895],"texture":"#0","tintindex":0,"rotation":0},"down":{"uv":[0.373,5.9395,0.002,6.3105],"texture":"#0","tintindex":0,"rotation":0}}},{"from":[-1.0257998,-4.1657505,1.5488491],"to":[17.025799,7.5014515,13.215949],"rotation":{"origin":[8.0,1.8408988274658213,3.520749092102051],"angle":22.5,"axis":"x"},"faces":{"north":{"uv":[1.502,2.5645,2.373,3.123],"texture":"#0","tintindex":0,"rotation":0},"east":{"uv":[0.627,3.752,1.1855,4.3105],"texture":"#0","tintindex":0,"rotation":0},"south":{"uv":[2.877,0.002,3.748,0.5605],"texture":"#0","tintindex":0,"rotation":0},"west":{"uv":[3.8145,0.002,4.373,0.5605],"texture":"#0","tintindex":0,"rotation":0},"up":{"uv":[3.748,1.1855,2.877,0.627],"texture":"#0","tintindex":0,"rotation":0},"down":{"uv":[3.3105,2.877,2.4395,3.4355],"texture":"#0","tintindex":0,"rotation":0}}},{"from":[-3.6995,5.9908504,-5.1719513],"to":[-1.1068001,12.472651,-1.2829509],"rotation":{"origin":[8.0,1.8408988274658213,3.520749092102051],"angle":22.5,"axis":"x"},"faces":{"north":{"uv":[6.8105,8.5645,6.6895,8.873],"texture":"#0","tintindex":0,"rotation":0},"east":{"uv":[4.373,7.752,4.1895,8.0605],"texture":"#0","tintindex":0,"rotation":0},"south":{"uv":[6.998,8.5645,6.877,8.873],"texture":"#0","tintindex":0,"rotation":0},"west":{"uv":[7.9355,3.252,7.752,3.5605],"texture":"#0","tintindex":0,"rotation":0},"up":{"uv":[9.502,3.998,9.623,3.8145],"texture":"#0","tintindex":0,"rotation":0},"down":{"uv":[4.0645,9.502,4.1855,9.6855],"texture":"#0","tintindex":0,"rotation":0}}},{"from":[17.1068,5.9908504,-5.1719513],"to":[19.699501,12.472651,-1.2829509],"rotation":{"origin":[8.0,1.8408988274658213,3.520749092102051],"angle":22.5,"axis":"x"},"faces":{"north":{"uv":[6.6895,8.5645,6.8105,8.873],"texture":"#0","tintindex":0,"rotation":0},"east":{"uv":[7.752,3.252,7.9355,3.5605],"texture":"#0","tintindex":0,"rotation":0},"south":{"uv":[6.877,8.5645,6.998,8.873],"texture":"#0","tintindex":0,"rotation":0},"west":{"uv":[4.1895,7.752,4.373,8.0605],"texture":"#0","tintindex":0,"rotation":0},"up":{"uv":[9.623,3.998,9.502,3.8145],"texture":"#0","tintindex":0,"rotation":0},"down":{"uv":[4.1855,9.502,4.0645,9.6855],"texture":"#0","tintindex":0,"rotation":0}}},{"from":[4.7591,5.94145,-7.586651],"to":[11.2409,9.83045,-4.993951],"rotation":{"origin":[8.0,1.8408988274658213,3.520749092102051],"angle":45.0,"axis":"x"},"faces":{"north":{"uv":[7.502,4.877,7.8105,5.0605],"texture":"#0","tintindex":0,"rotation":0},"east":{"uv":[4.252,9.502,4.373,9.6855],"texture":"#0","tintindex":0,"rotation":0},"south":{"uv":[7.6895,6.0645,7.998,6.248],"texture":"#0","tintindex":0,"rotation":0},"west":{"uv":[4.6895,9.502,4.8105,9.6855],"texture":"#0","tintindex":0,"rotation":0},"up":{"uv":[8.873,6.998,8.5645,6.877],"texture":"#0","tintindex":0,"rotation":0},"down":{"uv":[8.873,7.0645,8.5645,7.1855],"texture":"#0","tintindex":0,"rotation":0}}},{"from":[2.1664,5.9908504,-5.1719513],"to":[13.8336,9.87995,-2.5792508],"rotation":{"origin":[8.0,1.8408988274658213,3.520749092102051],"angle":22.5,"axis":"x"},"faces":{"north":{"uv":[6.4395,0.627,6.998,0.8105],"texture":"#0","tintindex":0,"rotation":0},"east":{"uv":[2.6895,9.502,2.8105,9.6855],"texture":"#0","tintindex":0,"rotation":0},"south":{"uv":[6.502,0.002,7.0605,0.1855],"texture":"#0","tintindex":0,"rotation":0},"west":{"uv":[9.502,3.0645,9.623,3.248],"texture":"#0","tintindex":0,"rotation":0},"up":{"uv":[1.998,7.623,1.4395,7.502],"texture":"#0","tintindex":0,"rotation":0},"down":{"uv":[8.0605,2.0645,7.502,2.1855],"texture":"#0","tintindex":0,"rotation":0}}},{"from":[5.4073,1.02145,-4.7080507],"to":[10.5927,4.910452,1.7737491],"rotation":{"origin":[8.0,1.8408988274658213,3.520749092102051],"angle":22.5,"axis":"x"},"faces":{"north":{"uv":[6.0645,8.4395,6.3105,8.623],"texture":"#0","tintindex":0,"rotation":0},"east":{"uv":[7.752,6.5645,8.0605,6.748],"texture":"#0","tintindex":0,"rotation":0},"south":{"uv":[6.377,8.4395,6.623,8.623],"texture":"#0","tintindex":0,"rotation":0},"west":{"uv":[7.752,6.8145,8.0605,6.998],"texture":"#0","tintindex":0,"rotation":0},"up":{"uv":[7.4355,2.748,7.1895,2.4395],"texture":"#0","tintindex":0,"rotation":0},"down":{"uv":[7.4355,2.8145,7.1895,3.123],"texture":"#0","tintindex":0,"rotation":0}}},{"from":[-3.7319002,1.02145,-4.7080507],"to":[-1.1392002,4.910452,1.7737491],"rotation":{"origin":[8.0,1.8408988274658213,3.520749092102051],"angle":22.5,"axis":"x"},"faces":{"north":{"uv":[4.998,9.502,4.877,9.6855],"texture":"#0","tintindex":0,"rotation":0},"east":{"uv":[8.0605,5.127,7.752,5.3105],"texture":"#0","tintindex":0,"rotation":0},"south":{"uv":[5.1855,9.502,5.0645,9.6855],"texture":"#0","tintindex":0,"rotation":0},"west":{"uv":[8.0605,0.002,7.752,0.1855],"texture":"#0","tintindex":0,"rotation":0},"up":{"uv":[8.5645,7.5605,8.6855,7.252],"texture":"#0","tintindex":0,"rotation":0},"down":{"uv":[8.5645,7.627,8.6855,7.9355],"texture":"#0","tintindex":0,"rotation":0}}},{"from":[4.4139,8.3069515,-2.450451],"to":[7.0066,12.195951,0.1422491],"rotation":{"origin":[8.0,1.8408988274658213,3.520749092102051],"angle":22.5,"axis":"x"},"faces":{"north":{"uv":[9.8105,0.002,9.627,0.123],"rotation":0,"texture":"#0","tintindex":0},"east":{"uv":[9.627,7.748,9.8105,7.627],"rotation":0,"texture":"#0","tintindex":0},"south":{"uv":[9.8105,7.4395,9.627,7.5605],"rotation":0,"texture":"#0","tintindex":0},"west":{"uv":[9.627,7.8145,9.8105,7.9355],"rotation":0,"texture":"#0","tintindex":0},"up":{"uv":[6.998,9.877,6.877,9.998],"rotation":0,"texture":"#0","tintindex":0},"down":{"uv":[7.1855,9.877,7.0645,9.998],"rotation":0,"texture":"#0","tintindex":0}}},{"from":[4.4463,5.58605,9.424649],"to":[7.039,9.475149,12.017349],"rotation":{"origin":[8.0,1.8408988274658213,3.520749092102051],"angle":-45.0,"axis":"x"},"faces":{"north":{"uv":[8.0605,9.627,7.877,9.748],"rotation":0,"texture":"#0","tintindex":0},"east":{"uv":[8.3145,9.748,8.498,9.627],"rotation":0,"texture":"#0","tintindex":0},"south":{"uv":[9.8105,8.002,9.627,8.123],"rotation":0,"texture":"#0","tintindex":0},"west":{"uv":[8.5645,9.627,8.748,9.748],"rotation":0,"texture":"#0","tintindex":0},"up":{"uv":[7.373,9.877,7.252,9.998],"rotation":0,"texture":"#0","tintindex":0},"down":{"uv":[9.998,7.4395,9.877,7.5605],"rotation":0,"texture":"#0","tintindex":0}}},{"from":[9.1679,9.1847515,-0.2558508],"to":[13.0569,11.777349,2.3368492],"rotation":{"origin":[8.0,1.8408988274658213,3.520749092102051],"angle":-22.5,"axis":"y"},"faces":{"north":{"uv":[9.627,0.002,9.8105,0.123],"texture":"#0","tintindex":0,"rotation":0},"east":{"uv":[6.877,9.877,6.998,9.998],"texture":"#0","tintindex":0,"rotation":0},"south":{"uv":[9.627,7.4395,9.8105,7.5605],"texture":"#0","tintindex":0,"rotation":0},"west":{"uv":[7.0645,9.877,7.1855,9.998],"texture":"#0","tintindex":0,"rotation":0},"up":{"uv":[9.8105,7.748,9.627,7.627],"texture":"#0","tintindex":0,"rotation":0},"down":{"uv":[9.8105,7.8145,9.627,7.9355],"texture":"#0","tintindex":0,"rotation":0}}},{"from":[7.6902,9.21715,5.369649],"to":[11.5792,11.809851,7.962349],"rotation":{"origin":[8.0,1.8408988274658213,3.520749092102051],"angle":45.0,"axis":"y"},"faces":{"north":{"uv":[7.877,9.627,8.0605,9.748],"texture":"#0","tintindex":0,"rotation":0},"east":{"uv":[7.252,9.877,7.373,9.998],"texture":"#0","tintindex":0,"rotation":0},"south":{"uv":[9.627,8.002,9.8105,8.123],"texture":"#0","tintindex":0,"rotation":0},"west":{"uv":[9.877,7.4395,9.998,7.5605],"texture":"#0","tintindex":0,"rotation":0},"up":{"uv":[8.498,9.748,8.3145,9.627],"texture":"#0","tintindex":0,"rotation":0},"down":{"uv":[8.748,9.627,8.5645,9.748],"texture":"#0","tintindex":0,"rotation":0}}},{"from":[5.4073,9.8069515,4.8930492],"to":[10.5927,14.344252,8.782049],"faces":{"north":{"uv":[8.252,3.1895,8.498,3.4063],"texture":"#0","tintindex":0,"rotation":0},"east":{"uv":[0.502,8.5645,0.6855,8.7813],"texture":"#0","tintindex":0,"rotation":0},"south":{"uv":[8.252,3.502,8.498,3.7188],"texture":"#0","tintindex":0,"rotation":0},"west":{"uv":[2.252,8.5645,2.4355,8.7813],"texture":"#0","tintindex":0,"rotation":0},"up":{"uv":[7.873,8.623,7.627,8.4395],"texture":"#0","tintindex":0,"rotation":0},"down":{"uv":[8.1855,8.4395,7.9395,8.623],"texture":"#0","tintindex":0,"rotation":0}},"rotation":{"origin":[8.0,1.8408988274658213,3.520749092102051],"angle":0.0,"axis":"x"}},{"from":[2.2314,14.45265,1.2384491],"to":[4.8241,17.045351,5.127549],"faces":{"north":{"uv":[9.877,7.627,9.998,7.748],"rotation":0,"texture":"#0","tintindex":0},"east":{"uv":[9.8105,9.373,9.627,9.252],"texture":"#0","tintindex":0,"rotation":0},"south":{"uv":[9.877,7.8145,9.998,7.9355],"rotation":0,"texture":"#0","tintindex":0},"west":{"uv":[9.5605,9.627,9.377,9.748],"rotation":0,"texture":"#0","tintindex":0},"up":{"uv":[9.627,9.0645,9.8105,9.1855],"rotation":0,"texture":"#0","tintindex":0},"down":{"uv":[9.127,9.627,9.3105,9.748],"rotation":0,"texture":"#0","tintindex":0}},"rotation":{"origin":[8.0,1.8408988274658213,3.520749092102051],"angle":0.0,"axis":"x"}},{"from":[2.2638001,9.609652,13.555249],"to":[4.8564997,12.20225,17.444248],"rotation":{"origin":[8.0,1.8408988274658213,3.520749092102051],"angle":-45.0,"axis":"x"},"faces":{"north":{"uv":[9.877,8.002,9.998,8.123],"rotation":0,"texture":"#0","tintindex":0},"east":{"uv":[9.873,0.3105,9.6895,0.1895],"texture":"#0","tintindex":0,"rotation":0},"south":{"uv":[9.877,8.1895,9.998,8.3105],"rotation":0,"texture":"#0","tintindex":0},"west":{"uv":[9.873,0.377,9.6895,0.498],"rotation":0,"texture":"#0","tintindex":0},"up":{"uv":[9.627,9.4395,9.8105,9.5605],"rotation":0,"texture":"#0","tintindex":0},"down":{"uv":[9.627,9.627,9.8105,9.748],"rotation":0,"texture":"#0","tintindex":0}}},{"from":[10.7772,15.570749,9.662249],"to":[14.666201,18.16345,12.254949],"rotation":{"origin":[8.0,1.8408988274658213,3.520749092102051],"angle":22.5,"axis":"y"},"faces":{"north":{"uv":[9.627,9.0645,9.8105,9.1855],"texture":"#0","tintindex":0,"rotation":0},"east":{"uv":[9.877,7.627,9.998,7.748],"texture":"#0","tintindex":0,"rotation":0},"south":{"uv":[9.127,9.627,9.3105,9.748],"texture":"#0","tintindex":0,"rotation":0},"west":{"uv":[9.877,7.8145,9.998,7.9355],"texture":"#0","tintindex":0,"rotation":0},"up":{"uv":[9.8105,9.373,9.627,9.252],"texture":"#0","tintindex":0,"rotation":0},"down":{"uv":[9.5605,9.627,9.377,9.748],"texture":"#0","tintindex":0,"rotation":0}}},{"from":[12.2702,15.6032505,5.153349],"to":[16.1593,18.195848,7.746049],"rotation":{"origin":[8.0,1.8408988274658213,3.520749092102051],"angle":-22.5,"axis":"y"},"faces":{"north":{"uv":[9.627,9.4395,9.8105,9.5605],"texture":"#0","tintindex":0,"rotation":0},"east":{"uv":[9.877,8.002,9.998,8.123],"texture":"#0","tintindex":0,"rotation":0},"south":{"uv":[9.627,9.627,9.8105,9.748],"texture":"#0","tintindex":0,"rotation":0},"west":{"uv":[9.877,8.1895,9.998,8.3105],"texture":"#0","tintindex":0,"rotation":0},"up":{"uv":[9.873,0.3105,9.6895,0.1895],"texture":"#0","tintindex":0,"rotation":0},"down":{"uv":[9.873,0.377,9.6895,0.498],"texture":"#0","tintindex":0,"rotation":0}}},{"from":[3.4415002,17.70975,0.67994905],"to":[3.4415002,21.598848,4.568949],"faces":{"north":{"uv":[0.502,6.6895,0.502,6.873],"texture":"#0","tintindex":0,"rotation":0},"east":{"uv":[5.127,8.9395,5.3105,9.123],"texture":"#0","tintindex":0,"rotation":0},"south":{"uv":[4.4395,6.502,4.4395,6.6855],"texture":"#0","tintindex":0,"rotation":0},"west":{"uv":[5.3105,8.9395,5.127,9.123],"texture":"#0","tintindex":0,"rotation":0},"up":{"uv":[2.373,4.877,2.1895,4.877],"rotation":0,"texture":"#0","tintindex":0},"down":{"uv":[6.623,2.9395,6.4395,2.9395],"rotation":0,"texture":"#0","tintindex":0}},"rotation":{"origin":[8.0,1.8408988274658213,3.520749092102051],"angle":0.0,"axis":"x"}},{"from":[1.4970002,17.70975,2.624449],"to":[5.3859997,21.598848,2.624449],"faces":{"north":{"uv":[5.127,8.9395,5.3105,9.123],"texture":"#0","tintindex":0,"rotation":0},"east":{"uv":[4.4395,6.502,4.4395,6.6855],"texture":"#0","tintindex":0,"rotation":0},"south":{"uv":[5.3105,8.9395,5.127,9.123],"texture":"#0","tintindex":0,"rotation":0},"west":{"uv":[0.502,6.6895,0.502,6.873],"texture":"#0","tintindex":0,"rotation":0},"up":{"uv":[2.373,4.877,2.1895,4.877],"texture":"#0","tintindex":0,"rotation":0},"down":{"uv":[6.623,2.9395,6.4395,2.9395],"texture":"#0","tintindex":0,"rotation":0}},"rotation":{"origin":[8.0,1.8408988274658213,3.520749092102051],"angle":0.0,"axis":"x"}},{"from":[4.7591,14.344252,4.8930492],"to":[11.2409,18.233252,8.782049],"faces":{"north":{"uv":[7.9395,0.252,8.248,0.4355],"texture":"#0","tintindex":0,"rotation":0},"east":{"uv":[8.9395,2.9395,9.123,3.123],"texture":"#0","tintindex":0,"rotation":0},"south":{"uv":[7.9395,0.502,8.248,0.6855],"texture":"#0","tintindex":0,"rotation":0},"west":{"uv":[8.9395,3.1895,9.123,3.373],"texture":"#0","tintindex":0,"rotation":0},"up":{"uv":[8.248,0.9355,7.9395,0.752],"texture":"#0","tintindex":0,"rotation":0},"down":{"uv":[7.498,7.9395,7.1895,8.123],"texture":"#0","tintindex":0,"rotation":0}},"rotation":{"origin":[8.0,1.8408988274658213,3.520749092102051],"angle":0.0,"axis":"x"}},{"from":[5.4073,18.233252,4.244849],"to":[10.5927,23.41865,9.430249],"faces":{"north":{"uv":[2.4395,7.5645,2.6855,7.8105],"texture":"#0","tintindex":0,"rotation":0},"east":{"uv":[2.752,7.5645,2.998,7.8105],"texture":"#0","tintindex":0,"rotation":0},"south":{"uv":[7.5645,2.9395,7.8105,3.1855],"texture":"#0","tintindex":0,"rotation":0},"west":{"uv":[7.5645,4.127,7.8105,4.373],"texture":"#0","tintindex":0,"rotation":0},"up":{"uv":[7.8105,5.998,7.5645,5.752],"texture":"#0","tintindex":0,"rotation":0},"down":{"uv":[7.873,0.252,7.627,0.498],"texture":"#0","tintindex":0,"rotation":0}},"rotation":{"origin":[8.0,1.8408988274658213,3.520749092102051],"angle":0.0,"axis":"x"}},{"from":[15.7457,7.8624516,10.198549],"to":[19.6347,11.751551,12.791249],"faces":{"north":{"uv":[9.1855,0.6895,9.002,0.873],"texture":"#0","tintindex":0,"rotation":0},"east":{"uv":[9.8105,8.1895,9.6895,8.373],"texture":"#0","tintindex":0,"rotation":0},"south":{"uv":[9.1855,1.3145,9.002,1.498],"texture":"#0","tintindex":0,"rotation":0},"west":{"uv":[7.623,9.6895,7.502,9.873],"texture":"#0","tintindex":0,"rotation":0},"up":{"uv":[9.6895,7.373,9.873,7.252],"texture":"#0","tintindex":0,"rotation":0},"down":{"uv":[8.8145,9.6895,8.998,9.8105],"texture":"#0","tintindex":0,"rotation":0}},"rotation":{"origin":[8.0,1.8408988274658213,3.520749092102051],"angle":0.0,"axis":"x"}},{"from":[-3.6346998,7.8624516,10.198549],"to":[0.25430012,11.751551,12.791249],"faces":{"north":{"uv":[9.002,0.6895,9.1855,0.873],"texture":"#0","tintindex":0,"rotation":0},"east":{"uv":[7.502,9.6895,7.623,9.873],"texture":"#0","tintindex":0,"rotation":0},"south":{"uv":[9.002,1.3145,9.1855,1.498],"texture":"#0","tintindex":0,"rotation":0},"west":{"uv":[9.6895,8.1895,9.8105,8.373],"texture":"#0","tintindex":0,"rotation":0},"up":{"uv":[9.873,7.373,9.6895,7.252],"texture":"#0","tintindex":0,"rotation":0},"down":{"uv":[8.998,9.6895,8.8145,9.8105],"texture":"#0","tintindex":0,"rotation":0}},"rotation":{"origin":[8.0,1.8408988274658213,3.520749092102051],"angle":0.0,"axis":"x"}},{"from":[6.0555,15.640551,10.198549],"to":[9.9445,19.52955,12.791249],"faces":{"north":{"uv":[8.9395,7.002,9.123,7.1855],"texture":"#0","tintindex":0,"rotation":0},"east":{"uv":[9.6895,5.377,9.8105,5.5605],"texture":"#0","tintindex":0,"rotation":0},"south":{"uv":[7.127,8.9395,7.3105,9.123],"texture":"#0","tintindex":0,"rotation":0},"west":{"uv":[5.4395,9.6895,5.5605,9.873],"texture":"#0","tintindex":0,"rotation":0},"up":{"uv":[5.8105,9.8105,5.627,9.6895],"texture":"#0","tintindex":0,"rotation":0},"down":{"uv":[9.873,5.627,9.6895,5.748],"texture":"#0","tintindex":0,"rotation":0}},"rotation":{"origin":[8.0,1.8408988274658213,3.520749092102051],"angle":0.0,"axis":"x"}},{"from":[10.4707,15.15415,10.230949],"to":[14.3597,19.04315,12.823649],"rotation":{"origin":[8.0,1.8408988274658213,3.520749092102051],"angle":45.0,"axis":"z"},"faces":{"north":{"uv":[8.9395,8.627,9.123,8.8105],"texture":"#0","tintindex":0,"rotation":0},"east":{"uv":[9.6895,5.8145,9.8105,5.998],"texture":"#0","tintindex":0,"rotation":0},"south":{"uv":[8.9395,8.877,9.123,9.0605],"texture":"#0","tintindex":0,"rotation":0},"west":{"uv":[5.877,9.6895,5.998,9.873],"texture":"#0","tintindex":0,"rotation":0},"up":{"uv":[6.248,9.8105,6.0645,9.6895],"texture":"#0","tintindex":0,"rotation":0},"down":{"uv":[9.873,6.0645,9.6895,6.1855],"texture":"#0","tintindex":0,"rotation":0}}},{"from":[1.6402998,15.15415,10.230949],"to":[5.5292997,19.04315,12.823649],"rotation":{"origin":[8.0,1.8408988274658213,3.520749092102051],"angle":-45.0,"axis":"z"},"faces":{"north":{"uv":[8.9395,6.752,9.123,6.9355],"texture":"#0","tintindex":0,"rotation":0},"east":{"uv":[7.0645,9.627,7.1855,9.8105],"texture":"#0","tintindex":0,"rotation":0},"south":{"uv":[6.877,8.9395,7.0605,9.123],"texture":"#0","tintindex":0,"rotation":0},"west":{"uv":[2.877,9.6895,2.998,9.873],"texture":"#0","tintindex":0,"rotation":0},"up":{"uv":[4.623,9.8105,4.4395,9.6895],"texture":"#0","tintindex":0,"rotation":0},"down":{"uv":[9.873,5.1895,9.6895,5.3105],"texture":"#0","tintindex":0,"rotation":0}}},{"from":[0.22189999,7.8624516,8.902248],"to":[15.7781,15.640551,12.791249],"faces":{"north":{"uv":[4.4395,0.752,5.1855,1.123],"texture":"#0","tintindex":0,"rotation":0},"east":{"uv":[1.627,4.4395,1.8105,4.8105],"texture":"#0","tintindex":0,"rotation":0},"south":{"uv":[4.5645,3.252,5.3105,3.623],"texture":"#0","tintindex":0,"rotation":0},"west":{"uv":[5.1895,7.377,5.373,7.748],"texture":"#0","tintindex":0,"rotation":0},"up":{"uv":[6.0605,1.6855,5.3145,1.502],"texture":"#0","tintindex":0,"rotation":0},"down":{"uv":[6.6855,0.377,5.9395,0.5605],"texture":"#0","tintindex":0,"rotation":0}},"rotation":{"origin":[8.0,1.8408988274658213,3.520749092102051],"angle":0.0,"axis":"x"}},{"from":[-3.6995,-0.4564495,10.444849],"to":[19.699501,3.4325504,14.333949],"rotation":{"origin":[8.0,1.8408988274658213,3.520749092102051],"angle":-45.0,"axis":"x"},"faces":{"north":{"uv":[0.002,5.1895,1.123,5.373],"texture":"#0","tintindex":0,"rotation":0},"east":{"uv":[2.252,8.877,2.4355,9.0605],"texture":"#0","tintindex":0,"rotation":0},"south":{"uv":[5.1895,1.752,6.3105,1.9355],"texture":"#0","tintindex":0,"rotation":0},"west":{"uv":[8.9395,2.6895,9.123,2.873],"texture":"#0","tintindex":0,"rotation":0},"up":{"uv":[6.3105,2.1855,5.1895,2.002],"texture":"#0","tintindex":0,"rotation":0},"down":{"uv":[6.373,0.627,5.252,0.8105],"texture":"#0","tintindex":0,"rotation":0}}},{"from":[-3.6671,5.1125507,-2.922151],"to":[19.667099,9.001551,10.041349],"faces":{"north":{"uv":[4.8145,3.002,5.9355,3.1855],"texture":"#0","tintindex":0,"rotation":0},"east":{"uv":[6.377,1.8145,6.998,1.998],"texture":"#0","tintindex":0,"rotation":0},"south":{"uv":[5.002,5.0645,6.123,5.248],"texture":"#0","tintindex":0,"rotation":0},"west":{"uv":[5.5645,6.377,6.1855,6.5605],"texture":"#0","tintindex":0,"rotation":0},"up":{"uv":[1.123,0.623,0.002,0.002],"texture":"#0","tintindex":0,"rotation":0},"down":{"uv":[1.123,0.6895,0.002,1.3105],"texture":"#0","tintindex":0,"rotation":0}},"rotation":{"origin":[8.0,1.8408988274658213,3.520749092102051],"angle":0.0,"axis":"x"}},{"from":[-1.0419998,-7.4186497,-0.19145083],"to":[17.042,5.5447483,10.179249],"faces":{"north":{"uv":[1.502,1.877,2.373,2.498],"texture":"#0","tintindex":0,"rotation":0},"east":{"uv":[3.9395,4.127,4.4355,4.748],"texture":"#0","tintindex":0,"rotation":0},"south":{"uv":[1.9395,0.002,2.8105,0.623],"texture":"#0","tintindex":0,"rotation":0},"west":{"uv":[1.877,4.1895,2.373,4.8105],"texture":"#0","tintindex":0,"rotation":0},"up":{"uv":[3.9355,2.4355,3.0645,1.9395],"texture":"#0","tintindex":0,"rotation":0},"down":{"uv":[1.498,3.1895,0.627,3.6855],"texture":"#0","tintindex":0,"rotation":0}},"rotation":{"origin":[8.0,1.8408988274658213,3.520749092102051],"angle":0.0,"axis":"x"}},{"from":[-1.0744,-4.4292507,-2.9454508],"to":[17.0744,7.2378483,6.128949],"rotation":{"origin":[8.0,1.8408988274658213,3.520749092102051],"angle":-22.5,"axis":"x"},"faces":{"north":{"uv":[1.9395,0.6895,2.8105,1.248],"texture":"#0","tintindex":0,"rotation":0},"east":{"uv":[4.502,4.877,4.9355,5.4355],"texture":"#0","tintindex":0,"rotation":0},"south":{"uv":[2.4395,1.3145,3.3105,1.873],"texture":"#0","tintindex":0,"rotation":0},"west":{"uv":[4.9395,0.002,5.373,0.5605],"texture":"#0","tintindex":0,"rotation":0},"up":{"uv":[4.248,2.9355,3.377,2.502],"texture":"#0","tintindex":0,"rotation":0},"down":{"uv":[4.248,3.002,3.377,3.4355],"texture":"#0","tintindex":0,"rotation":0}}}]}