{"textures":{"0":"freeminecraftmodels:entity/01_em_wolf/wolf_main","1":"freeminecraftmodels:entity/01_em_wolf/wolf_extra"},"display":{"head":{"scale":[4.0,4.0,4.0],"translation":[0,-6.4,0]}},"elements":[{"from":[5.2,5.0740004,8.9994],"to":[10.8,11.073999,12.9994],"faces":{"north":{"uv":[0.0,3.75,1.75,5.625],"texture":"#0","tintindex":0,"rotation":0},"east":{"uv":[5.5,5.375,6.75,7.25],"texture":"#0","tintindex":0,"rotation":0},"south":{"uv":[1.75,4.0,3.5,5.875],"texture":"#0","tintindex":0,"rotation":0},"west":{"uv":[0.0,5.625,1.25,7.5],"texture":"#0","tintindex":0,"rotation":0},"up":{"uv":[8.125,8.625,6.375,7.375],"texture":"#0","tintindex":0,"rotation":0},"down":{"uv":[9.25,1.0,7.5,2.25],"texture":"#0","tintindex":0,"rotation":0}},"rotation":{"origin":[6.0,9.074010972211795,8.99941753585461],"angle":0.0,"axis":"x"}},{"from":[4.8,4.0,4.4],"to":[11.2,10.4,8.4],"faces":{"north":{"uv":[2.25,0.0,4.25,2.0],"texture":"#0","tintindex":0,"rotation":0},"east":{"uv":[4.25,1.375,5.5,3.375],"texture":"#0","tintindex":0,"rotation":0},"south":{"uv":[2.25,2.0,4.25,4.0],"texture":"#0","tintindex":0,"rotation":0},"west":{"uv":[5.375,3.375,6.625,5.375],"texture":"#0","tintindex":0,"rotation":0},"up":{"uv":[5.5,6.625,3.5,5.375],"texture":"#0","tintindex":0,"rotation":0},"down":{"uv":[7.5,1.375,5.5,2.625],"texture":"#0","tintindex":0,"rotation":0}},"rotation":{"origin":[6.0,8.000000047683717,4.3999999999999995],"angle":0.0,"axis":"x"}},{"from":[4.4,3.6955001,6.8693],"to":[11.6,9.695499,10.0693],"rotation":{"origin":[6.0,7.695518177728863,6.869266270539641],"angle":-22.5,"axis":"x"},"faces":{"north":{"uv":[0.0,0.0,2.25,1.875],"texture":"#0","tintindex":0,"rotation":0},"east":{"uv":[0.0,7.5,1.0,9.375],"texture":"#0","tintindex":0,"rotation":0},"south":{"uv":[0.0,1.875,2.25,3.75],"texture":"#0","tintindex":0,"rotation":0},"west":{"uv":[8.125,3.625,9.125,5.5],"texture":"#0","tintindex":0,"rotation":0},"up":{"uv":[3.5,6.875,1.25,5.875],"texture":"#0","tintindex":0,"rotation":0},"down":{"uv":[8.375,0.0,6.125,1.0],"texture":"#0","tintindex":0,"rotation":0}}},{"from":[9.2,10.4,3.1999998],"to":[9.2,13.599999,13.2],"rotation":{"origin":[7.6,11.200000047683716,4.3999999999999995],"angle":-22.5,"axis":"z"},"faces":{"north":{"uv":[0.0,0.0,0.0,1.6],"texture":"#1","tintindex":0,"rotation":0},"east":{"uv":[14.8,4.6,9.8,6.2],"texture":"#1","tintindex":0,"rotation":0},"south":{"uv":[0.0,0.0,0.0,1.6],"texture":"#1","tintindex":0,"rotation":0},"west":{"uv":[9.8,4.6,14.8,6.2],"texture":"#1","tintindex":0,"rotation":0},"up":{"uv":[0.0,5.0,0.0,0.0],"texture":"#1","tintindex":0,"rotation":0},"down":{"uv":[0.0,0.0,0.0,5.0],"texture":"#1","tintindex":0,"rotation":0}}},{"from":[6.8,10.4,3.1999998],"to":[6.8,13.599999,13.2],"rotation":{"origin":[8.4,11.200000047683716,4.3999999999999995],"angle":22.5,"axis":"z"},"faces":{"north":{"uv":[0.0,0.0,0.0,1.6],"texture":"#1","tintindex":0,"rotation":0},"east":{"uv":[14.8,4.6,9.8,6.2],"texture":"#1","tintindex":0,"rotation":0},"south":{"uv":[0.0,0.0,0.0,1.6],"texture":"#1","tintindex":0,"rotation":0},"west":{"uv":[9.8,4.6,14.8,6.2],"texture":"#1","tintindex":0,"rotation":0},"up":{"uv":[0.0,5.0,0.0,0.0],"texture":"#1","tintindex":0,"rotation":0},"down":{"uv":[0.0,0.0,0.0,5.0],"texture":"#1","tintindex":0,"rotation":0}}},{"from":[8.0,2.4,2.8000002],"to":[8.0,4.8,9.2],"faces":{"north":{"uv":[0.0,0.0,0.0,1.2],"texture":"#1","tintindex":0,"rotation":0},"east":{"uv":[15.4,10.6,12.2,11.8],"texture":"#1","tintindex":0,"rotation":0},"south":{"uv":[0.0,0.0,0.0,1.2],"texture":"#1","tintindex":0,"rotation":0},"west":{"uv":[12.2,10.6,15.4,11.8],"texture":"#1","tintindex":0,"rotation":0},"up":{"uv":[0.0,3.2,0.0,0.0],"texture":"#1","tintindex":0,"rotation":0},"down":{"uv":[0.0,0.0,0.0,3.2],"texture":"#1","tintindex":0,"rotation":0}},"rotation":{"origin":[6.4,2.400000047683716,4.0],"angle":0.0,"axis":"x"}}]}