{"textures":{"0":"freeminecraftmodels:entity/01_em_wolf/wolf_main","1":"freeminecraftmodels:entity/01_em_wolf/wolf_extra"},"display":{"head":{"scale":[4.0,4.0,4.0],"translation":[0,-6.4,0]}},"elements":[{"from":[5.4,5.4477,4.4289],"to":[10.200001,10.2477,7.6289],"faces":{"north":{"uv":[6.625,2.625,8.125,4.125],"texture":"#0","tintindex":0,"rotation":0},"east":{"uv":[5.125,8.875,6.125,10.375],"texture":"#0","tintindex":0,"rotation":0},"south":{"uv":[3.5,6.625,5.0,8.125],"texture":"#0","tintindex":0,"rotation":0},"west":{"uv":[7.5,8.875,8.5,10.375],"texture":"#0","tintindex":0,"rotation":0},"up":{"uv":[9.875,1.0,8.375,0.0],"texture":"#0","tintindex":0,"rotation":0},"down":{"uv":[10.0,8.875,8.5,9.875],"texture":"#0","tintindex":0,"rotation":0}},"rotation":{"origin":[5.800000190734863,8.247718065958233,4.428866146943449],"angle":0.0,"axis":"x"}},{"from":[5.0,6.0,6.8634996],"to":[11.0,10.4,10.063499],"rotation":{"origin":[5.800000190734863,8.39995900093566,6.863499282213269],"angle":22.5,"axis":"x"},"faces":{"north":{"uv":[3.5,4.0,5.375,5.375],"texture":"#0","tintindex":0,"rotation":0},"east":{"uv":[0.0,9.375,1.0,10.75],"texture":"#0","tintindex":0,"rotation":0},"south":{"uv":[4.25,0.0,6.125,1.375],"texture":"#0","tintindex":0,"rotation":0},"west":{"uv":[9.5,2.125,10.5,3.5],"texture":"#0","tintindex":0,"rotation":0},"up":{"uv":[10.0,6.5,8.125,5.5],"texture":"#0","tintindex":0,"rotation":0},"down":{"uv":[10.0,6.5,8.125,7.5],"texture":"#0","tintindex":0,"rotation":0}}},{"from":[5.4,5.2089,9.1711],"to":[10.200001,9.6089,11.5711],"rotation":{"origin":[5.800000190734863,7.608917520016851,9.17106708860647],"angle":45.0,"axis":"x"},"faces":{"north":{"uv":[8.125,2.25,9.5,3.625],"texture":"#0","tintindex":0,"rotation":0},"east":{"uv":[4.125,10.25,4.875,11.625],"texture":"#0","tintindex":0,"rotation":0},"south":{"uv":[2.625,8.125,4.0,9.5],"texture":"#0","tintindex":0,"rotation":0},"west":{"uv":[4.875,10.375,5.625,11.75],"texture":"#0","tintindex":0,"rotation":0},"up":{"uv":[11.25,0.75,9.875,0.0],"texture":"#0","tintindex":0,"rotation":0},"down":{"uv":[11.375,6.375,10.0,7.125],"texture":"#0","tintindex":0,"rotation":0}}},{"from":[9.0,6.0,5.2634997],"to":[9.0,12.0,11.2635],"rotation":{"origin":[5.800000190734863,8.39995900093566,6.863499282213269],"angle":22.5,"axis":"x"},"faces":{"north":{"uv":[0.0,0.0,0.0,3.0],"texture":"#1","tintindex":0,"rotation":0},"east":{"uv":[12.8,0.0,9.8,3.0],"texture":"#1","tintindex":0,"rotation":0},"south":{"uv":[0.0,0.0,0.0,3.0],"texture":"#1","tintindex":0,"rotation":0},"west":{"uv":[9.8,0.0,12.8,3.0],"texture":"#1","tintindex":0,"rotation":0},"up":{"uv":[0.0,0.0,0.0,3.0],"texture":"#1","tintindex":0,"rotation":0},"down":{"uv":[0.0,0.0,0.0,3.0],"texture":"#1","tintindex":0,"rotation":0}}},{"from":[6.6000004,6.0,5.2634997],"to":[6.6000004,12.0,11.2635],"rotation":{"origin":[3.400000190734863,8.39995900093566,6.863499282213269],"angle":22.5,"axis":"x"},"faces":{"north":{"uv":[0.0,0.0,0.0,3.0],"texture":"#1","tintindex":0,"rotation":0},"east":{"uv":[12.8,0.0,9.8,3.0],"texture":"#1","tintindex":0,"rotation":0},"south":{"uv":[0.0,0.0,0.0,3.0],"texture":"#1","tintindex":0,"rotation":0},"west":{"uv":[9.8,0.0,12.8,3.0],"texture":"#1","tintindex":0,"rotation":0},"up":{"uv":[0.0,3.0,0.0,0.0],"texture":"#1","tintindex":0,"rotation":0},"down":{"uv":[0.0,0.0,0.0,3.0],"texture":"#1","tintindex":0,"rotation":0}}},{"from":[7.8,4.0,4.4635],"to":[7.8,6.4,10.4635],"rotation":{"origin":[4.600000190734863,5.19995900093566,6.863499282213269],"angle":22.5,"axis":"x"},"faces":{"north":{"uv":[0.0,0.0,0.0,1.2],"texture":"#1","tintindex":0,"rotation":0},"east":{"uv":[9.8,1.8,12.8,3.0],"texture":"#1","tintindex":0,"rotation":0},"south":{"uv":[0.0,0.0,0.0,1.2],"texture":"#1","tintindex":0,"rotation":0},"west":{"uv":[9.8,1.8,12.8,3.0],"texture":"#1","tintindex":0,"rotation":0},"up":{"uv":[0.0,0.0,0.0,3.0],"texture":"#1","tintindex":0,"rotation":0},"down":{"uv":[0.0,0.0,0.0,3.0],"texture":"#1","tintindex":0,"rotation":0}}}]}