{"textures":{"0":"freeminecraftmodels:entity/01_em_wolf/wolf_main","1":"freeminecraftmodels:entity/01_em_wolf/wolf_extra"},"display":{"head":{"scale":[4.0,4.0,4.0],"translation":[0,-6.4,0]}},"elements":[{"from":[6.8,4.8,5.46865],"to":[9.2,6.4,9.068649],"faces":{"north":{"uv":[1.375,12.625,2.125,13.125],"texture":"#0","tintindex":0,"rotation":0},"east":{"uv":[4.25,3.375,5.375,3.875],"texture":"#0","tintindex":0,"rotation":0},"south":{"uv":[2.125,12.625,2.875,13.125],"texture":"#0","tintindex":0,"rotation":0},"west":{"uv":[11.625,4.375,12.75,4.875],"texture":"#0","tintindex":0,"rotation":0},"up":{"uv":[11.5,6.375,10.75,5.25],"texture":"#0","tintindex":0,"rotation":0},"down":{"uv":[1.625,11.0,0.875,12.125],"texture":"#0","tintindex":0,"rotation":0}},"rotation":{"origin":[8.0,2.000000286102295,5.468649673461913],"angle":0.0,"axis":"x"}},{"from":[9.2,5.6000004,2.6686497],"to":[9.2,6.4,3.4686499],"faces":{"north":{"uv":[0.0,0.0,0.0,0.4],"texture":"#1","tintindex":0,"rotation":0},"east":{"uv":[6.0,9.2,6.4,9.6],"texture":"#1","tintindex":0,"rotation":0},"south":{"uv":[0.0,0.0,0.0,0.4],"texture":"#1","tintindex":0,"rotation":0},"west":{"uv":[6.4,9.2,6.0,9.6],"texture":"#1","tintindex":0,"rotation":0},"up":{"uv":[0.0,0.4,0.0,0.0],"texture":"#1","tintindex":0,"rotation":0},"down":{"uv":[0.0,0.0,0.0,0.4],"texture":"#1","tintindex":0,"rotation":0}},"rotation":{"origin":[11.6,6.000000286102296,2.668649673461914],"angle":0.0,"axis":"x"}},{"from":[9.2,6.0000005,4.6686497],"to":[9.2,6.4,5.0686493],"faces":{"north":{"uv":[0.0,0.0,0.0,0.2],"texture":"#1","tintindex":0,"rotation":0},"east":{"uv":[5.8,12.0,6.0,12.2],"texture":"#1","tintindex":0,"rotation":0},"south":{"uv":[0.0,0.0,0.0,0.2],"texture":"#1","tintindex":0,"rotation":0},"west":{"uv":[9.6,12.0,9.8,12.2],"texture":"#1","tintindex":0,"rotation":0},"up":{"uv":[0.0,0.2,0.0,0.0],"texture":"#1","tintindex":0,"rotation":0},"down":{"uv":[0.0,0.0,0.0,0.2],"texture":"#1","tintindex":0,"rotation":0}},"rotation":{"origin":[11.6,6.000000286102296,3.8686496734619134],"angle":0.0,"axis":"x"}},{"from":[6.8,6.0000005,2.6686497],"to":[9.2,6.4,2.6686497],"faces":{"north":{"uv":[8.4,12.0,9.6,12.2],"texture":"#1","tintindex":0,"rotation":0},"east":{"uv":[0.0,0.0,0.0,0.2],"texture":"#1","tintindex":0,"rotation":0},"south":{"uv":[12.2,11.8,13.4,12.0],"texture":"#1","tintindex":0,"rotation":0},"west":{"uv":[0.0,0.0,0.0,0.2],"texture":"#1","tintindex":0,"rotation":0},"up":{"uv":[1.2,0.0,0.0,0.0],"texture":"#1","tintindex":0,"rotation":0},"down":{"uv":[1.2,0.0,0.0,0.0],"texture":"#1","tintindex":0,"rotation":0}},"rotation":{"origin":[11.6,6.000000286102296,2.668649673461914],"angle":0.0,"axis":"x"}},{"from":[6.8,6.4,2.6686497],"to":[9.2,8.0,5.46865],"faces":{"north":{"uv":[12.625,0.625,13.375,1.125],"texture":"#0","tintindex":0,"rotation":0},"east":{"uv":[12.375,8.875,13.25,9.375],"texture":"#0","tintindex":0,"rotation":0},"south":{"uv":[12.625,1.125,13.375,1.625],"texture":"#0","tintindex":0,"rotation":0},"west":{"uv":[9.0,12.375,9.875,12.875],"texture":"#0","tintindex":0,"rotation":0},"up":{"uv":[12.0,3.375,11.25,2.5],"texture":"#0","tintindex":0,"rotation":0},"down":{"uv":[11.125,11.375,10.375,12.25],"texture":"#0","tintindex":0,"rotation":0}},"rotation":{"origin":[9.2,6.000000286102296,3.0686496734619126],"angle":0.0,"axis":"x"}},{"from":[6.8008,6.0000005,5.0686493],"to":[9.1968,7.6,6.6686497],"rotation":{"origin":[9.2,5.600000286102295,3.8686496734619134],"angle":-22.5,"axis":"x"},"faces":{"north":{"uv":[12.5,10.625,13.25,11.125],"texture":"#0","tintindex":0,"rotation":0},"east":{"uv":[12.5,11.125,13.25,11.625],"texture":"#0","tintindex":0,"rotation":0},"south":{"uv":[11.625,12.5,12.375,13.0],"texture":"#0","tintindex":0,"rotation":0},"west":{"uv":[12.5,11.625,13.25,12.125],"texture":"#0","tintindex":0,"rotation":0},"up":{"uv":[9.875,5.3,9.125,4.75],"texture":"#0","tintindex":0,"rotation":0},"down":{"uv":[11.25,2.75,10.5,3.5],"texture":"#0","tintindex":0,"rotation":0}}},{"from":[6.0,6.4,5.46865],"to":[10.0,10.0,9.068649],"faces":{"north":{"uv":[9.125,3.625,10.375,4.75],"texture":"#0","tintindex":0,"rotation":0},"east":{"uv":[1.0,9.875,2.125,11.0],"texture":"#0","tintindex":0,"rotation":0},"south":{"uv":[9.25,1.0,10.5,2.125],"texture":"#0","tintindex":0,"rotation":0},"west":{"uv":[8.5,9.875,9.625,11.0],"texture":"#0","tintindex":0,"rotation":0},"up":{"uv":[10.5,8.625,9.25,7.5],"texture":"#0","tintindex":0,"rotation":0},"down":{"uv":[3.375,9.5,2.125,10.625],"texture":"#0","tintindex":0,"rotation":0}},"rotation":{"origin":[9.2,6.000000286102296,5.468649673461913],"angle":0.0,"axis":"x"}},{"from":[5.0627003,5.2000003,8.53135],"to":[5.0627003,11.200001,13.331349],"rotation":{"origin":[8.262741699796951,6.000000286102296,9.731391373258866],"angle":-45.0,"axis":"y"},"faces":{"north":{"uv":[0.0,0.0,0.0,3.0],"texture":"#1","tintindex":0,"rotation":0},"east":{"uv":[12.2,9.2,9.8,12.2],"texture":"#1","tintindex":0,"rotation":0},"south":{"uv":[0.0,0.0,0.0,3.0],"texture":"#1","tintindex":0,"rotation":0},"west":{"uv":[9.8,9.2,12.2,12.2],"texture":"#1","tintindex":0,"rotation":0},"up":{"uv":[0.0,2.4,0.0,0.0],"texture":"#1","tintindex":0,"rotation":0},"down":{"uv":[0.0,0.0,0.0,2.4],"texture":"#1","tintindex":0,"rotation":0}}},{"from":[8.9627,8.4,6.5315495],"to":[9.7627,10.800001,7.3315496],"rotation":{"origin":[11.762741699796951,9.200000286102295,8.131391373258866],"angle":-22.5,"axis":"z"},"faces":{"north":{"uv":[11.375,13.125,11.625,13.875],"texture":"#0","tintindex":0,"rotation":0},"east":{"uv":[5.125,13.25,5.375,14.0],"texture":"#0","tintindex":0,"rotation":0},"south":{"uv":[13.25,11.125,13.5,11.875],"texture":"#0","tintindex":0,"rotation":0},"west":{"uv":[13.25,11.875,13.5,12.625],"texture":"#0","tintindex":0,"rotation":0},"up":{"uv":[1.25,8.5,1.0,8.25],"texture":"#0","tintindex":0,"rotation":0},"down":{"uv":[7.75,8.625,7.5,8.875],"texture":"#0","tintindex":0,"rotation":0}}},{"from":[8.9627,8.4,7.3315496],"to":[9.7627,10.4,7.7315493],"rotation":{"origin":[11.762741699796951,9.200000286102295,8.931391373258867],"angle":-22.5,"axis":"z"},"faces":{"north":{"uv":[10.625,13.375,10.875,14.0],"texture":"#0","tintindex":0,"rotation":0},"east":{"uv":[6.625,4.75,6.75,5.375],"texture":"#0","tintindex":0,"rotation":0},"south":{"uv":[1.625,13.5,1.875,14.125],"texture":"#0","tintindex":0,"rotation":0},"west":{"uv":[3.375,6.875,3.5,7.5],"texture":"#0","tintindex":0,"rotation":0},"up":{"uv":[8.0,8.875,7.75,8.75],"texture":"#0","tintindex":0,"rotation":0},"down":{"uv":[9.5,2.125,9.25,2.25],"texture":"#0","tintindex":0,"rotation":0}}},{"from":[8.5627,8.4,6.53135],"to":[10.1627,10.0,6.9313498],"rotation":{"origin":[11.762741699796951,9.200000286102295,7.731391373258868],"angle":-22.5,"axis":"z"},"faces":{"north":{"uv":[13.125,7.875,13.625,8.375],"texture":"#0","tintindex":0,"rotation":0},"east":{"uv":[8.375,10.375,8.5,10.875],"texture":"#0","tintindex":0,"rotation":0},"south":{"uv":[13.125,8.375,13.625,8.875],"texture":"#0","tintindex":0,"rotation":0},"west":{"uv":[11.75,1.0,11.875,1.5],"texture":"#0","tintindex":0,"rotation":0},"up":{"uv":[4.75,4.0,4.25,3.875],"texture":"#0","tintindex":0,"rotation":0},"down":{"uv":[5.25,3.875,4.75,4.0],"texture":"#0","tintindex":0,"rotation":0}}},{"from":[5.8373003,8.4,6.53135],"to":[7.4373,10.0,6.9313498],"rotation":{"origin":[4.237258300203048,9.200000286102295,7.731391373258868],"angle":22.5,"axis":"z"},"faces":{"north":{"uv":[7.25,13.125,7.75,13.625],"texture":"#0","tintindex":0,"rotation":0},"east":{"uv":[3.375,7.5,3.5,8.0],"texture":"#0","tintindex":0,"rotation":0},"south":{"uv":[13.125,7.375,13.625,7.875],"texture":"#0","tintindex":0,"rotation":0},"west":{"uv":[9.875,4.75,10.0,5.25],"texture":"#0","tintindex":0,"rotation":0},"up":{"uv":[2.25,3.875,1.75,3.75],"texture":"#0","tintindex":0,"rotation":0},"down":{"uv":[2.25,3.875,1.75,4.0],"texture":"#0","tintindex":0,"rotation":0}}},{"from":[6.2373,8.4,6.5315495],"to":[7.0373,10.800001,7.3315496],"rotation":{"origin":[4.237258300203048,9.200000286102295,8.131391373258866],"angle":22.5,"axis":"z"},"faces":{"north":{"uv":[1.0,7.5,1.25,8.25],"texture":"#0","tintindex":0,"rotation":0},"east":{"uv":[6.125,8.875,6.375,9.625],"texture":"#0","tintindex":0,"rotation":0},"south":{"uv":[5.875,11.75,6.125,12.5],"texture":"#0","tintindex":0,"rotation":0},"west":{"uv":[9.625,12.875,9.875,13.625],"texture":"#0","tintindex":0,"rotation":0},"up":{"uv":[1.5,5.875,1.25,5.625],"texture":"#0","tintindex":0,"rotation":0},"down":{"uv":[1.75,5.625,1.5,5.875],"texture":"#0","tintindex":0,"rotation":0}}},{"from":[6.2373,8.4,7.3315496],"to":[7.0373,10.4,7.7315493],"rotation":{"origin":[4.237258300203048,9.200000286102295,8.931391373258867],"angle":22.5,"axis":"z"},"faces":{"north":{"uv":[7.0,13.375,7.25,14.0],"texture":"#0","tintindex":0,"rotation":0},"east":{"uv":[6.5,2.625,6.625,3.25],"texture":"#0","tintindex":0,"rotation":0},"south":{"uv":[9.375,13.375,9.625,14.0],"texture":"#0","tintindex":0,"rotation":0},"west":{"uv":[6.625,4.125,6.75,4.75],"texture":"#0","tintindex":0,"rotation":0},"up":{"uv":[6.625,7.375,6.375,7.25],"texture":"#0","tintindex":0,"rotation":0},"down":{"uv":[8.0,8.625,7.75,8.75],"texture":"#0","tintindex":0,"rotation":0}}},{"from":[10.9373,5.2000003,8.53135],"to":[10.9373,11.200001,13.331349],"rotation":{"origin":[7.737258300203049,6.000000286102296,9.731391373258866],"angle":45.0,"axis":"y"},"faces":{"north":{"uv":[0.0,0.0,0.0,3.0],"texture":"#1","tintindex":0,"rotation":0},"east":{"uv":[6.0,10.2,8.4,13.2],"texture":"#1","tintindex":0,"rotation":0},"south":{"uv":[0.0,0.0,0.0,3.0],"texture":"#1","tintindex":0,"rotation":0},"west":{"uv":[8.4,10.2,6.0,13.2],"texture":"#1","tintindex":0,"rotation":0},"up":{"uv":[0.0,2.4,0.0,0.0],"texture":"#1","tintindex":0,"rotation":0},"down":{"uv":[0.0,0.0,0.0,2.4],"texture":"#1","tintindex":0,"rotation":0}}},{"from":[6.8,5.6000004,2.6686497],"to":[6.8,6.4,3.4686499],"faces":{"north":{"uv":[0.0,0.0,0.0,0.4],"texture":"#1","tintindex":0,"rotation":0},"east":{"uv":[6.8,8.8,6.4,9.2],"texture":"#1","tintindex":0,"rotation":0},"south":{"uv":[0.0,0.0,0.0,0.4],"texture":"#1","tintindex":0,"rotation":0},"west":{"uv":[6.4,8.8,6.8,9.2],"texture":"#1","tintindex":0,"rotation":0},"up":{"uv":[0.0,0.4,0.0,0.0],"texture":"#1","tintindex":0,"rotation":0},"down":{"uv":[0.0,0.0,0.0,0.4],"texture":"#1","tintindex":0,"rotation":0}},"rotation":{"origin":[9.2,6.000000286102296,2.668649673461914],"angle":0.0,"axis":"x"}},{"from":[6.8,6.0000005,4.6686497],"to":[6.8,6.4,5.0686493],"faces":{"north":{"uv":[0.0,0.0,0.0,0.2],"texture":"#1","tintindex":0,"rotation":0},"east":{"uv":[6.4,10.0,6.6,10.2],"texture":"#1","tintindex":0,"rotation":0},"south":{"uv":[0.0,0.0,0.0,0.2],"texture":"#1","tintindex":0,"rotation":0},"west":{"uv":[6.6,10.0,6.8,10.2],"texture":"#1","tintindex":0,"rotation":0},"up":{"uv":[0.0,0.2,0.0,0.0],"texture":"#1","tintindex":0,"rotation":0},"down":{"uv":[0.0,0.0,0.0,0.2],"texture":"#1","tintindex":0,"rotation":0}},"rotation":{"origin":[9.2,6.000000286102296,3.8686496734619134],"angle":0.0,"axis":"x"}},{"from":[6.8,6.0000005,3.8686495],"to":[6.8,6.4,4.26865],"faces":{"north":{"uv":[0.0,0.0,0.0,0.2],"texture":"#1","tintindex":0,"rotation":0},"east":{"uv":[9.4,11.2,9.6,11.4],"texture":"#1","tintindex":0,"rotation":0},"south":{"uv":[0.0,0.0,0.0,0.2],"texture":"#1","tintindex":0,"rotation":0},"west":{"uv":[9.6,11.2,9.8,11.4],"texture":"#1","tintindex":0,"rotation":0},"up":{"uv":[0.0,0.2,0.0,0.0],"texture":"#1","tintindex":0,"rotation":0},"down":{"uv":[0.0,0.0,0.0,0.2],"texture":"#1","tintindex":0,"rotation":0}},"rotation":{"origin":[9.2,6.000000286102296,3.0686496734619126],"angle":0.0,"axis":"x"}},{"from":[9.2,6.0000005,3.8686495],"to":[9.2,6.4,4.26865],"faces":{"north":{"uv":[0.0,0.0,0.0,0.2],"texture":"#1","tintindex":0,"rotation":0},"east":{"uv":[5.8,11.8,6.0,12.0],"texture":"#1","tintindex":0,"rotation":0},"south":{"uv":[0.0,0.0,0.0,0.2],"texture":"#1","tintindex":0,"rotation":0},"west":{"uv":[9.6,11.8,9.8,12.0],"texture":"#1","tintindex":0,"rotation":0},"up":{"uv":[0.0,0.2,0.0,0.0],"texture":"#1","tintindex":0,"rotation":0},"down":{"uv":[0.0,0.0,0.0,0.2],"texture":"#1","tintindex":0,"rotation":0}},"rotation":{"origin":[11.6,6.000000286102296,3.0686496734619126],"angle":0.0,"axis":"x"}}]}