{"textures":{"0":"freeminecraftmodels:entity/01_em_wolf/wolf_main","1":"freeminecraftmodels:entity/01_em_wolf/wolf_extra"},"display":{"head":{"scale":[4.0,4.0,4.0],"translation":[0,-6.4,0]}},"elements":[{"from":[6.8004,7.2,6.5999994],"to":[9.1996,8.0,9.4],"faces":{"north":{"uv":[9.25,8.625,10.0,8.875],"texture":"#0","tintindex":0,"rotation":0},"east":{"uv":[13.0,3.125,13.875,3.375],"texture":"#0","tintindex":0,"rotation":0},"south":{"uv":[13.125,10.375,13.875,10.625],"texture":"#0","tintindex":0,"rotation":0},"west":{"uv":[13.125,0.375,14.0,0.625],"texture":"#0","tintindex":0,"rotation":0},"up":{"uv":[12.25,6.125,11.5,5.25],"texture":"#0","tintindex":0,"rotation":0},"down":{"uv":[10.375,11.5,9.625,12.375],"texture":"#0","tintindex":0,"rotation":0}},"rotation":{"origin":[8.4,7.999999904632569,8.599999237060546],"angle":0.0,"axis":"x"}},{"from":[6.8,8.0,8.199999],"to":[6.8,8.4,8.599999],"faces":{"north":{"uv":[0.0,0.0,0.0,0.2],"texture":"#1","tintindex":0,"rotation":0},"east":{"uv":[6.0,10.0,6.2,10.2],"texture":"#1","tintindex":0,"rotation":0},"south":{"uv":[0.0,0.0,0.0,0.2],"texture":"#1","tintindex":0,"rotation":0},"west":{"uv":[6.2,10.0,6.4,10.2],"texture":"#1","tintindex":0,"rotation":0},"up":{"uv":[0.0,0.2,0.0,0.0],"texture":"#1","tintindex":0,"rotation":0},"down":{"uv":[0.0,0.0,0.0,0.2],"texture":"#1","tintindex":0,"rotation":0}},"rotation":{"origin":[9.2,7.999999904632569,6.1999992370605455],"angle":0.0,"axis":"x"}},{"from":[6.8,8.0,7.3999996],"to":[6.8,8.4,7.799999],"faces":{"north":{"uv":[0.0,0.0,0.0,0.2],"texture":"#1","tintindex":0,"rotation":0},"east":{"uv":[9.4,11.0,9.6,11.2],"texture":"#1","tintindex":0,"rotation":0},"south":{"uv":[0.0,0.0,0.0,0.2],"texture":"#1","tintindex":0,"rotation":0},"west":{"uv":[9.6,11.0,9.8,11.2],"texture":"#1","tintindex":0,"rotation":0},"up":{"uv":[0.0,0.2,0.0,0.0],"texture":"#1","tintindex":0,"rotation":0},"down":{"uv":[0.0,0.0,0.0,0.2],"texture":"#1","tintindex":0,"rotation":0}},"rotation":{"origin":[9.2,7.999999904632569,5.3999992370605465],"angle":0.0,"axis":"x"}},{"from":[6.8,8.0,6.5999994],"to":[7.2,8.799999,6.5999994],"faces":{"north":{"uv":[9.4,10.2,9.6,10.6],"texture":"#1","tintindex":0,"rotation":0},"east":{"uv":[0.0,0.0,0.0,0.4],"texture":"#1","tintindex":0,"rotation":0},"south":{"uv":[9.6,10.2,9.8,10.6],"texture":"#1","tintindex":0,"rotation":0},"west":{"uv":[0.0,0.0,0.0,0.4],"texture":"#1","tintindex":0,"rotation":0},"up":{"uv":[0.2,0.0,0.0,0.0],"texture":"#1","tintindex":0,"rotation":0},"down":{"uv":[0.2,0.0,0.0,0.0],"texture":"#1","tintindex":0,"rotation":0}},"rotation":{"origin":[9.2,7.999999904632569,6.1999992370605455],"angle":0.0,"axis":"x"}},{"from":[7.2,8.0,6.5999994],"to":[8.8,8.4,6.5999994],"faces":{"north":{"uv":[6.0,9.6,6.8,9.8],"texture":"#1","tintindex":0,"rotation":0},"east":{"uv":[0.0,0.0,0.0,0.2],"texture":"#1","tintindex":0,"rotation":0},"south":{"uv":[6.0,9.8,6.8,10.0],"texture":"#1","tintindex":0,"rotation":0},"west":{"uv":[0.0,0.0,0.0,0.2],"texture":"#1","tintindex":0,"rotation":0},"up":{"uv":[0.8,0.0,0.0,0.0],"texture":"#1","tintindex":0,"rotation":0},"down":{"uv":[0.8,0.0,0.0,0.0],"texture":"#1","tintindex":0,"rotation":0}},"rotation":{"origin":[10.4,7.999999904632569,6.1999992370605455],"angle":0.0,"axis":"x"}},{"from":[8.8,8.0,6.5999994],"to":[9.2,8.799999,6.5999994],"faces":{"north":{"uv":[9.4,10.6,9.6,11.0],"texture":"#1","tintindex":0,"rotation":0},"east":{"uv":[0.0,0.0,0.0,0.4],"texture":"#1","tintindex":0,"rotation":0},"south":{"uv":[9.6,10.6,9.8,11.0],"texture":"#1","tintindex":0,"rotation":0},"west":{"uv":[0.0,0.0,0.0,0.4],"texture":"#1","tintindex":0,"rotation":0},"up":{"uv":[0.2,0.0,0.0,0.0],"texture":"#1","tintindex":0,"rotation":0},"down":{"uv":[0.2,0.0,0.0,0.0],"texture":"#1","tintindex":0,"rotation":0}},"rotation":{"origin":[11.2,7.999999904632569,6.1999992370605455],"angle":0.0,"axis":"x"}},{"from":[9.2,8.0,7.3999996],"to":[9.2,8.4,7.799999],"faces":{"north":{"uv":[0.0,0.0,0.0,0.2],"texture":"#1","tintindex":0,"rotation":0},"east":{"uv":[5.4,12.0,5.6,12.2],"texture":"#1","tintindex":0,"rotation":0},"south":{"uv":[0.0,0.0,0.0,0.2],"texture":"#1","tintindex":0,"rotation":0},"west":{"uv":[5.6,12.0,5.8,12.2],"texture":"#1","tintindex":0,"rotation":0},"up":{"uv":[0.0,0.2,0.0,0.0],"texture":"#1","tintindex":0,"rotation":0},"down":{"uv":[0.0,0.0,0.0,0.2],"texture":"#1","tintindex":0,"rotation":0}},"rotation":{"origin":[11.6,7.999999904632569,5.3999992370605465],"angle":0.0,"axis":"x"}},{"from":[9.2,8.0,8.199999],"to":[9.2,8.4,8.599999],"faces":{"north":{"uv":[0.0,0.0,0.0,0.2],"texture":"#1","tintindex":0,"rotation":0},"east":{"uv":[2.8,12.2,3.0,12.4],"texture":"#1","tintindex":0,"rotation":0},"south":{"uv":[0.0,0.0,0.0,0.2],"texture":"#1","tintindex":0,"rotation":0},"west":{"uv":[5.4,12.2,5.6,12.4],"texture":"#1","tintindex":0,"rotation":0},"up":{"uv":[0.0,0.2,0.0,0.0],"texture":"#1","tintindex":0,"rotation":0},"down":{"uv":[0.0,0.0,0.0,0.2],"texture":"#1","tintindex":0,"rotation":0}},"rotation":{"origin":[11.6,7.999999904632569,6.1999992370605455],"angle":0.0,"axis":"x"}},{"from":[6.8,8.0,6.5999994],"to":[6.8,8.4,6.999999],"faces":{"north":{"uv":[0.0,0.0,0.0,0.2],"texture":"#1","tintindex":0,"rotation":0},"east":{"uv":[9.6,11.4,9.8,11.6],"texture":"#1","tintindex":0,"rotation":0},"south":{"uv":[0.0,0.0,0.0,0.2],"texture":"#1","tintindex":0,"rotation":0},"west":{"uv":[9.6,11.6,9.8,11.8],"texture":"#1","tintindex":0,"rotation":0},"up":{"uv":[0.0,0.2,0.0,0.0],"texture":"#1","tintindex":0,"rotation":0},"down":{"uv":[0.0,0.0,0.0,0.2],"texture":"#1","tintindex":0,"rotation":0}},"rotation":{"origin":[9.2,7.999999904632569,4.599999237060546],"angle":0.0,"axis":"x"}},{"from":[9.2,8.0,6.5999994],"to":[9.2,8.4,6.999999],"faces":{"north":{"uv":[0.0,0.0,0.0,0.2],"texture":"#1","tintindex":0,"rotation":0},"east":{"uv":[5.4,11.8,5.6,12.0],"texture":"#1","tintindex":0,"rotation":0},"south":{"uv":[0.0,0.0,0.0,0.2],"texture":"#1","tintindex":0,"rotation":0},"west":{"uv":[5.6,11.8,5.8,12.0],"texture":"#1","tintindex":0,"rotation":0},"up":{"uv":[0.0,0.2,0.0,0.0],"texture":"#1","tintindex":0,"rotation":0},"down":{"uv":[0.0,0.0,0.0,0.2],"texture":"#1","tintindex":0,"rotation":0}},"rotation":{"origin":[11.6,7.999999904632569,4.599999237060546],"angle":0.0,"axis":"x"}}]}