{"textures":{"0":"freeminecraftmodels:entity/01_em_wolf/wolf_main","1":"freeminecraftmodels:entity/01_em_wolf/wolf_extra"},"display":{"head":{"scale":[4.0,4.0,4.0],"translation":[0,-6.4,0]}},"elements":[{"from":[7.2,7.4640503,7.7088504],"to":[8.799999,9.06405,10.908851],"rotation":{"origin":[8.399999618530273,8.26409280784205,8.108893280101572],"angle":-45.0,"axis":"x"},"faces":{"north":{"uv":[8.5,13.0,9.0,13.5],"texture":"#0","tintindex":0,"rotation":0},"east":{"uv":[12.0,1.875,13.0,2.375],"texture":"#0","tintindex":0,"rotation":0},"south":{"uv":[6.125,13.125,6.625,13.625],"texture":"#0","tintindex":0,"rotation":0},"west":{"uv":[12.0,2.375,13.0,2.875],"texture":"#0","tintindex":0,"rotation":0},"up":{"uv":[2.625,9.5,2.125,8.5],"texture":"#0","tintindex":0,"rotation":0},"down":{"uv":[8.5,12.0,8.0,13.0],"texture":"#0","tintindex":0,"rotation":0}}},{"from":[6.7999997,7.18125,7.0260506],"to":[9.2,8.78125,8.22605],"faces":{"north":{"uv":[12.5,12.125,13.25,12.625],"texture":"#0","tintindex":0,"rotation":0},"east":{"uv":[10.375,4.25,10.75,4.75],"texture":"#0","tintindex":0,"rotation":0},"south":{"uv":[0.625,12.625,1.375,13.125],"texture":"#0","tintindex":0,"rotation":0},"west":{"uv":[13.25,3.375,13.625,3.875],"texture":"#0","tintindex":0,"rotation":0},"up":{"uv":[6.875,1.375,6.125,1.0],"texture":"#0","tintindex":0,"rotation":0},"down":{"uv":[13.875,0.0,13.125,0.375],"texture":"#0","tintindex":0,"rotation":0}},"rotation":{"origin":[8.399999618530273,7.9812500953674315,7.026050567626953],"angle":0.0,"axis":"x"}},{"from":[6.7959995,6.9359503,6.1930504],"to":[9.2039995,8.53595,7.3930507],"rotation":{"origin":[8.399999618530273,7.735999723466331,6.593093687509995],"angle":-22.5,"axis":"x"},"faces":{"north":{"uv":[2.875,12.625,3.625,13.125],"texture":"#0","tintindex":0,"rotation":0},"east":{"uv":[13.25,4.875,13.625,5.375],"texture":"#0","tintindex":0,"rotation":0},"south":{"uv":[3.625,12.625,4.375,13.125],"texture":"#0","tintindex":0,"rotation":0},"west":{"uv":[13.25,5.375,13.625,5.875],"texture":"#0","tintindex":0,"rotation":0},"up":{"uv":[1.375,13.5,0.625,13.125],"texture":"#0","tintindex":0,"rotation":0},"down":{"uv":[2.125,13.125,1.375,13.5],"texture":"#0","tintindex":0,"rotation":0}}},{"from":[6.7999997,6.96815,5.0911503],"to":[9.2,8.16815,5.0911503],"rotation":{"origin":[8.399999618530273,6.16812416561468,5.891131889892259],"angle":22.5,"axis":"x"},"faces":{"north":{"uv":[14.0,6.2,15.2,6.8],"texture":"#1","tintindex":0,"rotation":0},"east":{"uv":[0.0,0.0,0.0,0.6],"texture":"#1","tintindex":0,"rotation":0},"south":{"uv":[14.0,6.8,15.2,7.4],"texture":"#1","tintindex":0,"rotation":0},"west":{"uv":[0.0,0.0,0.0,0.6],"texture":"#1","tintindex":0,"rotation":0},"up":{"uv":[1.2,0.0,0.0,0.0],"texture":"#1","tintindex":0,"rotation":0},"down":{"uv":[1.2,0.0,0.0,0.0],"texture":"#1","tintindex":0,"rotation":0}}}]}