{"textures":{"0":"freeminecraftmodels:entity/01_em_wolf/wolf_main","1":"freeminecraftmodels:entity/01_em_wolf/wolf_extra"},"display":{"head":{"scale":[4.0,4.0,4.0],"translation":[0,-6.4,0]}},"elements":[{"from":[7.2,7.4640503,7.7088504],"to":[8.799999,9.06405,10.908851],"rotation":{"origin":[7.599999904632568,8.26409280784205,8.108893280101572],"angle":-45.0,"axis":"x"},"faces":{"north":{"uv":[12.75,13.125,13.25,13.625],"texture":"#0","tintindex":0,"rotation":0},"east":{"uv":[12.25,3.375,13.25,3.875],"texture":"#0","tintindex":0,"rotation":0},"south":{"uv":[0.0,13.25,0.5,13.75],"texture":"#0","tintindex":0,"rotation":0},"west":{"uv":[12.25,3.875,13.25,4.375],"texture":"#0","tintindex":0,"rotation":0},"up":{"uv":[9.0,13.0,8.5,12.0],"texture":"#0","tintindex":0,"rotation":0},"down":{"uv":[11.625,12.125,11.125,13.125],"texture":"#0","tintindex":0,"rotation":0}}},{"from":[6.8,7.18125,7.0260506],"to":[9.2,8.78125,8.22605],"faces":{"north":{"uv":[5.875,12.625,6.625,13.125],"texture":"#0","tintindex":0,"rotation":0},"east":{"uv":[6.625,13.375,7.0,13.875],"texture":"#0","tintindex":0,"rotation":0},"south":{"uv":[12.625,5.875,13.375,6.375],"texture":"#0","tintindex":0,"rotation":0},"west":{"uv":[13.375,6.625,13.75,7.125],"texture":"#0","tintindex":0,"rotation":0},"up":{"uv":[2.875,13.5,2.125,13.125],"texture":"#0","tintindex":0,"rotation":0},"down":{"uv":[3.625,13.125,2.875,13.5],"texture":"#0","tintindex":0,"rotation":0}},"rotation":{"origin":[7.599999904632568,7.9812500953674315,7.026050567626953],"angle":0.0,"axis":"x"}},{"from":[6.796,6.9359503,6.1930504],"to":[9.204,8.53595,7.3930507],"rotation":{"origin":[7.599999904632568,7.735999723466331,6.593093687509995],"angle":-22.5,"axis":"x"},"faces":{"north":{"uv":[12.625,6.375,13.375,6.875],"texture":"#0","tintindex":0,"rotation":0},"east":{"uv":[9.0,13.375,9.375,13.875],"texture":"#0","tintindex":0,"rotation":0},"south":{"uv":[12.625,6.875,13.375,7.375],"texture":"#0","tintindex":0,"rotation":0},"west":{"uv":[9.875,13.375,10.25,13.875],"texture":"#0","tintindex":0,"rotation":0},"up":{"uv":[4.375,13.5,3.625,13.125],"texture":"#0","tintindex":0,"rotation":0},"down":{"uv":[6.125,13.125,5.375,13.5],"texture":"#0","tintindex":0,"rotation":0}}},{"from":[6.8,6.96815,5.0911503],"to":[9.2,8.16815,5.0911503],"rotation":{"origin":[7.599999904632568,6.16812416561468,5.891131889892259],"angle":22.5,"axis":"x"},"faces":{"north":{"uv":[8.4,11.4,9.6,12.0],"texture":"#1","tintindex":0,"rotation":0},"east":{"uv":[0.0,0.0,0.0,0.6],"texture":"#1","tintindex":0,"rotation":0},"south":{"uv":[14.0,2.0,15.2,2.6],"texture":"#1","tintindex":0,"rotation":0},"west":{"uv":[0.0,0.0,0.0,0.6],"texture":"#1","tintindex":0,"rotation":0},"up":{"uv":[1.2,0.0,0.0,0.0],"texture":"#1","tintindex":0,"rotation":0},"down":{"uv":[1.2,0.0,0.0,0.0],"texture":"#1","tintindex":0,"rotation":0}}}]}