{"textures":{"0":"freeminecraftmodels:entity/01_em_wolf/wolf_main","1":"freeminecraftmodels:entity/01_em_wolf/wolf_extra"},"display":{"head":{"scale":[4.0,4.0,4.0],"translation":[0,-6.4,0]}},"elements":[{"from":[7.4000006,7.4640503,8.1088505],"to":[8.6,9.06405,11.308849],"rotation":{"origin":[7.400000381469727,8.26409280784205,8.508892707896981],"angle":-45.0,"axis":"x"},"faces":{"north":{"uv":[10.25,13.375,10.625,13.875],"texture":"#0","tintindex":0,"rotation":0},"east":{"uv":[12.25,4.875,13.25,5.375],"texture":"#0","tintindex":0,"rotation":0},"south":{"uv":[0.5,13.5,0.875,14.0],"texture":"#0","tintindex":0,"rotation":0},"west":{"uv":[12.25,5.375,13.25,5.875],"texture":"#0","tintindex":0,"rotation":0},"up":{"uv":[10.25,13.375,9.875,12.375],"texture":"#0","tintindex":0,"rotation":0},"down":{"uv":[4.75,12.625,4.375,13.625],"texture":"#0","tintindex":0,"rotation":0}}},{"from":[7.0000005,7.18125,6.62605],"to":[9.0,8.78125,8.62605],"faces":{"north":{"uv":[13.0,1.625,13.625,2.125],"texture":"#0","tintindex":0,"rotation":0},"east":{"uv":[13.0,2.125,13.625,2.625],"texture":"#0","tintindex":0,"rotation":0},"south":{"uv":[13.0,2.625,13.625,3.125],"texture":"#0","tintindex":0,"rotation":0},"west":{"uv":[7.875,13.0,8.5,13.5],"texture":"#0","tintindex":0,"rotation":0},"up":{"uv":[13.125,10.0,12.5,9.375],"texture":"#0","tintindex":0,"rotation":0},"down":{"uv":[13.125,10.0,12.5,10.625],"texture":"#0","tintindex":0,"rotation":0}},"rotation":{"origin":[7.400000381469727,7.9812500953674315,7.426049995422364],"angle":0.0,"axis":"x"}},{"from":[6.9960003,6.9359503,5.79305],"to":[9.004,8.53595,6.99305],"rotation":{"origin":[7.400000381469727,7.735999723466331,6.193093115305406],"angle":-22.5,"axis":"x"},"faces":{"north":{"uv":[11.625,13.0,12.25,13.5],"texture":"#0","tintindex":0,"rotation":0},"east":{"uv":[0.875,13.5,1.25,14.0],"texture":"#0","tintindex":0,"rotation":0},"south":{"uv":[13.0,12.625,13.625,13.125],"texture":"#0","tintindex":0,"rotation":0},"west":{"uv":[1.25,13.5,1.625,14.0],"texture":"#0","tintindex":0,"rotation":0},"up":{"uv":[7.5,10.375,6.875,10.0],"texture":"#0","tintindex":0,"rotation":0},"down":{"uv":[12.25,4.875,11.625,5.25],"texture":"#0","tintindex":0,"rotation":0}}},{"from":[7.0000005,6.96815,4.69115],"to":[9.0,8.16815,4.69115],"rotation":{"origin":[7.800000381469727,6.16812416561468,5.491131317687669],"angle":22.5,"axis":"x"},"faces":{"north":{"uv":[14.0,7.4,15.0,8.0],"texture":"#1","tintindex":0,"rotation":0},"east":{"uv":[0.0,0.0,0.0,0.6],"texture":"#1","tintindex":0,"rotation":0},"south":{"uv":[14.0,8.0,15.0,8.6],"texture":"#1","tintindex":0,"rotation":0},"west":{"uv":[0.0,0.0,0.0,0.6],"texture":"#1","tintindex":0,"rotation":0},"up":{"uv":[1.0,0.0,0.0,0.0],"texture":"#1","tintindex":0,"rotation":0},"down":{"uv":[1.0,0.0,0.0,0.0],"texture":"#1","tintindex":0,"rotation":0}}}]}