{"textures":{"0":"freeminecraftmodels:entity/01_em_wolf/wolf_main","1":"freeminecraftmodels:entity/01_em_wolf/wolf_extra"},"display":{"head":{"scale":[4.0,4.0,4.0],"translation":[0,-6.4,0]}},"elements":[{"from":[6.8,6.8,5.4000006],"to":[9.2,9.200001,8.6],"faces":{"north":{"uv":[11.875,6.125,12.625,6.875],"texture":"#0","tintindex":0,"rotation":0},"east":{"uv":[5.5,2.625,6.5,3.375],"texture":"#0","tintindex":0,"rotation":0},"south":{"uv":[11.875,6.875,12.625,7.625],"texture":"#0","tintindex":0,"rotation":0},"west":{"uv":[4.0,8.125,5.0,8.875],"texture":"#0","tintindex":0,"rotation":0},"up":{"uv":[11.875,10.125,11.125,9.125],"texture":"#0","tintindex":0,"rotation":0},"down":{"uv":[11.875,10.125,11.125,11.125],"texture":"#0","tintindex":0,"rotation":0}},"rotation":{"origin":[5.6,8.400017545193853,5.399967425825707],"angle":0.0,"axis":"x"}},{"from":[6.8,9.200001,8.6],"to":[9.2,9.200001,10.6],"faces":{"north":{"uv":[0.0,0.0,1.2,0.0],"texture":"#1","tintindex":0,"rotation":0},"east":{"uv":[0.0,0.0,1.0,0.0],"texture":"#1","tintindex":0,"rotation":0},"south":{"uv":[0.0,0.0,1.2,0.0],"texture":"#1","tintindex":0,"rotation":0},"west":{"uv":[0.0,0.0,1.0,0.0],"texture":"#1","tintindex":0,"rotation":0},"up":{"uv":[12.8,3.0,14.0,2.0],"texture":"#1","tintindex":0,"rotation":0},"down":{"uv":[12.8,2.0,14.0,3.0],"texture":"#1","tintindex":0,"rotation":0}},"rotation":{"origin":[5.6,8.400017545193853,8.599967425825707],"angle":0.0,"axis":"x"}},{"from":[6.8,6.8,8.6],"to":[9.2,6.8,10.6],"faces":{"north":{"uv":[0.0,0.0,1.2,0.0],"texture":"#1","tintindex":0,"rotation":0},"east":{"uv":[0.0,0.0,1.0,0.0],"texture":"#1","tintindex":0,"rotation":0},"south":{"uv":[0.0,0.0,1.2,0.0],"texture":"#1","tintindex":0,"rotation":0},"west":{"uv":[0.0,0.0,1.0,0.0],"texture":"#1","tintindex":0,"rotation":0},"up":{"uv":[13.4,14.8,14.6,13.8],"texture":"#1","tintindex":0,"rotation":0},"down":{"uv":[13.4,13.8,14.6,14.8],"texture":"#1","tintindex":0,"rotation":0}},"rotation":{"origin":[5.6,6.000017545193853,8.599967425825707],"angle":0.0,"axis":"x"}},{"from":[6.8,6.8,8.6],"to":[6.8,9.200001,10.6],"faces":{"north":{"uv":[0.0,0.0,0.0,1.2],"texture":"#1","tintindex":0,"rotation":0},"east":{"uv":[2.8,13.4,1.8,14.6],"texture":"#1","tintindex":0,"rotation":0},"south":{"uv":[0.0,0.0,0.0,1.2],"texture":"#1","tintindex":0,"rotation":0},"west":{"uv":[1.8,13.4,2.8,14.6],"texture":"#1","tintindex":0,"rotation":0},"up":{"uv":[0.0,1.0,0.0,0.0],"texture":"#1","tintindex":0,"rotation":0},"down":{"uv":[0.0,0.0,0.0,1.0],"texture":"#1","tintindex":0,"rotation":0}},"rotation":{"origin":[5.6,6.000017545193853,8.599967425825707],"angle":0.0,"axis":"x"}},{"from":[9.2,6.8,8.6],"to":[9.2,9.200001,10.6],"faces":{"north":{"uv":[0.0,0.0,0.0,1.2],"texture":"#1","tintindex":0,"rotation":0},"east":{"uv":[8.4,10.2,9.4,11.4],"texture":"#1","tintindex":0,"rotation":0},"south":{"uv":[0.0,0.0,0.0,1.2],"texture":"#1","tintindex":0,"rotation":0},"west":{"uv":[9.4,10.2,8.4,11.4],"texture":"#1","tintindex":0,"rotation":0},"up":{"uv":[0.0,1.0,0.0,0.0],"texture":"#1","tintindex":0,"rotation":0},"down":{"uv":[0.0,0.0,0.0,1.0],"texture":"#1","tintindex":0,"rotation":0}},"rotation":{"origin":[8.0,6.000017545193853,8.599967425825707],"angle":0.0,"axis":"x"}}]}