{"textures":{"0":"freeminecraftmodels:entity/01_em_wolf/wolf_main","1":"freeminecraftmodels:entity/01_em_wolf/wolf_extra"},"display":{"head":{"scale":[4.0,4.0,4.0],"translation":[0,-6.4,0]}},"elements":[{"from":[6.8,6.8,5.4],"to":[9.2,9.200001,9.4],"faces":{"north":{"uv":[7.25,11.75,8.0,12.5],"texture":"#0","tintindex":0,"rotation":0},"east":{"uv":[10.375,3.5,11.625,4.25],"texture":"#0","tintindex":0,"rotation":0},"south":{"uv":[3.375,11.875,4.125,12.625],"texture":"#0","tintindex":0,"rotation":0},"west":{"uv":[10.5,0.75,11.75,1.5],"texture":"#0","tintindex":0,"rotation":0},"up":{"uv":[3.375,8.125,2.625,6.875],"texture":"#0","tintindex":0,"rotation":0},"down":{"uv":[11.25,1.5,10.5,2.75],"texture":"#0","tintindex":0,"rotation":0}},"rotation":{"origin":[5.6,8.400017545193853,5.399966948988549],"angle":0.0,"axis":"x"}},{"from":[7.2,7.2,9.4],"to":[8.8,8.799999,10.6],"faces":{"north":{"uv":[10.875,13.125,11.375,13.625],"texture":"#0","tintindex":0,"rotation":0},"east":{"uv":[13.25,13.125,13.625,13.625],"texture":"#0","tintindex":0,"rotation":0},"south":{"uv":[12.25,13.125,12.75,13.625],"texture":"#0","tintindex":0,"rotation":0},"west":{"uv":[13.375,0.625,13.75,1.125],"texture":"#0","tintindex":0,"rotation":0},"up":{"uv":[10.5,7.5,10.0,7.125],"texture":"#0","tintindex":0,"rotation":0},"down":{"uv":[11.875,7.75,11.375,8.125],"texture":"#0","tintindex":0,"rotation":0}},"rotation":{"origin":[5.6,8.400017545193853,9.39996694898855],"angle":0.0,"axis":"x"}}]}