{"textures":{"0":"freeminecraftmodels:entity/07_em_corrupted_advisor_2/texture"},"display":{"head":{"scale":[4.0,4.0,4.0],"translation":[0,-6.4,0]}},"elements":[{"from":[6.4000006,3.1999998,6.4],"to":[9.6,12.8,9.6],"faces":{"north":{"uv":[3.0,7.75,4.0,10.75],"texture":"#0","tintindex":0,"rotation":0},"east":{"uv":[4.0,7.75,5.0,10.75],"texture":"#0","tintindex":0,"rotation":0},"south":{"uv":[8.0,0.0,9.0,3.0],"texture":"#0","tintindex":0,"rotation":0},"west":{"uv":[8.0,3.0,9.0,6.0],"texture":"#0","tintindex":0,"rotation":0},"up":{"uv":[1.0,12.5,0.0,11.5],"texture":"#0","tintindex":0,"rotation":0},"down":{"uv":[2.0,11.5,1.0,12.5],"texture":"#0","tintindex":0,"rotation":0}},"rotation":{"origin":[9.600000381469727,3.1999998092651367,8.0],"angle":0.0,"axis":"x"}}]}