{"textures":{"0":"freeminecraftmodels:entity/07_em_corrupted_advisor_2/texture"},"display":{"head":{"scale":[4.0,4.0,4.0],"translation":[0,-6.4,0]}},"elements":[{"from":[6.4,3.1999998,6.4],"to":[9.6,12.8,9.6],"faces":{"north":{"uv":[5.0,6.5,6.0,9.5],"texture":"#0","tintindex":0,"rotation":0},"east":{"uv":[0.0,7.75,1.0,10.75],"texture":"#0","tintindex":0,"rotation":0},"south":{"uv":[1.0,7.75,2.0,10.75],"texture":"#0","tintindex":0,"rotation":0},"west":{"uv":[2.0,7.75,3.0,10.75],"texture":"#0","tintindex":0,"rotation":0},"up":{"uv":[12.25,11.0,11.25,10.0],"texture":"#0","tintindex":0,"rotation":0},"down":{"uv":[12.25,11.0,11.25,12.0],"texture":"#0","tintindex":0,"rotation":0}},"rotation":{"origin":[6.400000095367432,3.1999998092651367,8.0],"angle":0.0,"axis":"x"}}]}