{"textures":{"0":"freeminecraftmodels:entity/07_em_corrupted_advisor_2/texture"},"display":{"head":{"scale":[4.0,4.0,4.0],"translation":[0,-6.4,0]}},"elements":[{"from":[7.5999994,7.5999994,4.6],"to":[8.4,8.4,11.4],"faces":{"north":{"uv":[7.75,12.5,8.0,12.75],"texture":"#0","tintindex":0,"rotation":0},"east":{"uv":[11.75,8.5,13.875,8.75],"texture":"#0","tintindex":0,"rotation":0},"south":{"uv":[8.0,12.5,8.25,12.75],"texture":"#0","tintindex":0,"rotation":0},"west":{"uv":[12.0,6.125,14.125,6.375],"texture":"#0","tintindex":0,"rotation":0},"up":{"uv":[5.0,12.875,4.75,10.75],"texture":"#0","tintindex":0,"rotation":0},"down":{"uv":[0.25,12.5,0.0,14.625],"texture":"#0","tintindex":0,"rotation":0}},"rotation":{"origin":[12.799999237060547,-2.8000001907348633,8.199999809265137],"angle":0.0,"axis":"x"}},{"from":[7.1999993,7.2,4.6],"to":[8.799999,8.8,11.4],"faces":{"north":{"uv":[7.5,3.5,8.0,4.0],"texture":"#0","tintindex":0,"rotation":0},"east":{"uv":[11.0,2.5,13.125,3.0],"texture":"#0","tintindex":0,"rotation":0},"south":{"uv":[3.25,12.5,3.75,13.0],"texture":"#0","tintindex":0,"rotation":0},"west":{"uv":[11.25,9.5,13.375,10.0],"texture":"#0","tintindex":0,"rotation":0},"up":{"uv":[7.25,13.125,6.75,11.0],"texture":"#0","tintindex":0,"rotation":0},"down":{"uv":[7.75,11.0,7.25,13.125],"texture":"#0","tintindex":0,"rotation":0}},"rotation":{"origin":[12.799999237060547,-2.8000001907348633,8.199999809265137],"angle":0.0,"axis":"x"}}]}