{"textures":{"0":"freeminecraftmodels:entity/09_em_earth_model/texture"},"display":{"head":{"scale":[4.0,4.0,4.0],"translation":[0,-6.4,0]}},"elements":[{"from":[6.9500003,8.299999,8.1],"to":[8.15,8.9,8.9],"faces":{"north":{"uv":[12.75,1.0,13.5,1.375],"texture":"#0","tintindex":0,"rotation":0},"east":{"uv":[12.0,12.75,12.5,13.125],"texture":"#0","tintindex":0,"rotation":0},"south":{"uv":[12.75,1.5,13.5,1.875],"texture":"#0","tintindex":0,"rotation":0},"west":{"uv":[12.5,12.75,13.0,13.125],"texture":"#0","tintindex":0,"rotation":0},"up":{"uv":[13.0,9.75,12.25,9.25],"texture":"#0","tintindex":0,"rotation":0},"down":{"uv":[10.5,12.25,9.75,12.75],"texture":"#0","tintindex":0,"rotation":0}},"rotation":{"origin":[3.950000286102295,5.799999713897705,8.0],"angle":0.0,"axis":"x"}},{"from":[7.1500006,8.099999,7.1],"to":[8.35,8.7,7.9],"faces":{"north":{"uv":[0.0,12.75,0.75,13.125],"texture":"#0","tintindex":0,"rotation":0},"east":{"uv":[5.0,10.25,5.5,10.625],"texture":"#0","tintindex":0,"rotation":0},"south":{"uv":[12.75,0.0,13.5,0.375],"texture":"#0","tintindex":0,"rotation":0},"west":{"uv":[9.75,12.75,10.25,13.125],"texture":"#0","tintindex":0,"rotation":0},"up":{"uv":[9.75,10.5,9.0,10.0],"texture":"#0","tintindex":0,"rotation":0},"down":{"uv":[7.25,12.25,6.5,12.75],"texture":"#0","tintindex":0,"rotation":0}},"rotation":{"origin":[3.950000286102295,5.799999713897705,8.0],"angle":0.0,"axis":"x"}},{"from":[8.55,4.8999996,8.1],"to":[9.65,5.4999995,8.9],"rotation":{"origin":[3.950000286102295,5.799999713897705,8.0],"angle":45.0,"axis":"z"},"faces":{"north":{"uv":[12.75,0.5,13.5,0.875],"texture":"#0","tintindex":0,"rotation":0},"east":{"uv":[12.75,10.75,13.25,11.125],"texture":"#0","tintindex":0,"rotation":0},"south":{"uv":[0.75,12.75,1.5,13.125],"texture":"#0","tintindex":0,"rotation":0},"west":{"uv":[11.5,12.75,12.0,13.125],"texture":"#0","tintindex":0,"rotation":0},"up":{"uv":[8.0,12.75,7.25,12.25],"texture":"#0","tintindex":0,"rotation":0},"down":{"uv":[13.0,8.75,12.25,9.25],"texture":"#0","tintindex":0,"rotation":0}}},{"from":[6.3500004,9.7,7.1],"to":[7.1500006,11.1,7.9],"rotation":{"origin":[3.950000286102295,5.799999713897705,8.0],"angle":-22.5,"axis":"z"},"faces":{"north":{"uv":[3.25,4.0,3.75,4.875],"texture":"#0","tintindex":0,"rotation":0},"east":{"uv":[8.25,11.75,8.75,12.625],"texture":"#0","tintindex":0,"rotation":0},"south":{"uv":[12.0,6.0,12.5,6.875],"texture":"#0","tintindex":0,"rotation":0},"west":{"uv":[8.75,12.0,9.25,12.875],"texture":"#0","tintindex":0,"rotation":0},"up":{"uv":[2.0,4.0,1.5,3.5],"texture":"#0","tintindex":0,"rotation":0},"down":{"uv":[3.75,5.0,3.25,5.5],"texture":"#0","tintindex":0,"rotation":0}}},{"from":[6.9500003,9.2,7.0],"to":[8.950001,9.799999,9.0],"faces":{"north":{"uv":[4.5,11.75,5.75,12.125],"texture":"#0","tintindex":0,"rotation":0},"east":{"uv":[4.5,11.75,5.75,12.125],"texture":"#0","tintindex":0,"rotation":0},"south":{"uv":[4.5,11.75,5.75,12.125],"texture":"#0","tintindex":0,"rotation":0},"west":{"uv":[4.5,11.75,5.75,12.125],"texture":"#0","tintindex":0,"rotation":0},"up":{"uv":[2.5,8.5,1.25,7.25],"texture":"#0","tintindex":0,"rotation":0},"down":{"uv":[3.75,7.25,2.5,8.5],"texture":"#0","tintindex":0,"rotation":0}},"rotation":{"origin":[3.950000286102295,5.799999713897705,8.0],"angle":0.0,"axis":"x"}},{"from":[7.1500006,9.799999,7.2],"to":[8.75,10.6,8.8],"faces":{"north":{"uv":[10.75,2.75,12.0,3.25],"texture":"#0","tintindex":0,"rotation":0},"east":{"uv":[10.25,11.0,11.5,11.5],"texture":"#0","tintindex":0,"rotation":0},"south":{"uv":[6.25,11.25,7.5,11.75],"texture":"#0","tintindex":0,"rotation":0},"west":{"uv":[11.25,7.25,12.5,7.75],"texture":"#0","tintindex":0,"rotation":0},"up":{"uv":[5.0,8.5,3.75,7.25],"texture":"#0","tintindex":0,"rotation":0},"down":{"uv":[8.75,5.25,7.5,6.5],"texture":"#0","tintindex":0,"rotation":0}},"rotation":{"origin":[3.950000286102295,5.799999713897705,8.0],"angle":0.0,"axis":"x"}}]}