{"textures":{"0":"freeminecraftmodels:entity/em_goblin_charms/em_goblin_main","1":"freeminecraftmodels:entity/em_goblin_charms/em_goblin_extra","2":"freeminecraftmodels:entity/em_goblin_charms/em_goblin_charm"},"display":{"head":{"scale":[4.0,4.0,4.0],"translation":[0,-6.4,0]}},"elements":[{"from":[6.7,7.0,7.48285],"to":[9.1,9.799999,9.08285],"faces":{"north":{"uv":[7.0,6.0,10.0,9.5],"texture":"#0","tintindex":0,"rotation":0},"east":{"uv":[3.0,9.5,5.0,13.0],"texture":"#0","tintindex":0,"rotation":0},"south":{"uv":[8.0,0.0,11.0,3.5],"texture":"#0","tintindex":0,"rotation":0},"west":{"uv":[5.0,9.5,7.0,13.0],"texture":"#0","tintindex":0,"rotation":0},"up":{"uv":[11.0,5.5,8.0,3.5],"texture":"#0","tintindex":0,"rotation":0},"down":{"uv":[10.0,9.5,7.0,11.5],"texture":"#0","tintindex":0,"rotation":0}},"rotation":{"origin":[7.100000095367432,6.999999713897705,8.28285026550293],"angle":0.0,"axis":"x"}},{"from":[7.1,7.3999996,7.0828505],"to":[8.7,9.0,7.48285],"faces":{"north":{"uv":[11.0,0.0,13.0,2.0],"texture":"#0","tintindex":0,"rotation":0},"east":{"uv":[4.0,13.0,4.5,15.0],"texture":"#0","tintindex":0,"rotation":0},"south":{"uv":[11.0,2.0,13.0,4.0],"texture":"#0","tintindex":0,"rotation":0},"west":{"uv":[4.5,13.0,5.0,15.0],"texture":"#0","tintindex":0,"rotation":0},"up":{"uv":[10.0,6.0,8.0,5.5],"texture":"#0","tintindex":0,"rotation":0},"down":{"uv":[15.0,3.0,13.0,3.5],"texture":"#0","tintindex":0,"rotation":0}},"rotation":{"origin":[7.100000095367432,5.799999713897705,8.28285026550293],"angle":0.0,"axis":"x"}},{"from":[7.1,6.2,7.48285],"to":[8.7,7.0,7.48285],"faces":{"north":{"uv":[5.0,14.0,7.0,15.0],"texture":"#0","tintindex":0,"rotation":0},"east":{"uv":[0.0,15.0,0.0,16.0],"texture":"#0","tintindex":0,"rotation":0},"south":{"uv":[7.0,14.0,9.0,15.0],"texture":"#0","tintindex":0,"rotation":0},"west":{"uv":[0.0,15.0,0.0,16.0],"texture":"#0","tintindex":0,"rotation":0},"up":{"uv":[0.0,16.0,2.0,16.0],"texture":"#0","tintindex":0,"rotation":0},"down":{"uv":[0.0,16.0,2.0,16.0],"texture":"#0","tintindex":0,"rotation":0}},"rotation":{"origin":[7.900000095367432,6.999999713897705,7.48285026550293],"angle":0.0,"axis":"x"}},{"from":[7.1,6.2,9.08285],"to":[8.7,7.0,9.08285],"faces":{"north":{"uv":[7.0,14.0,5.0,15.0],"texture":"#0","tintindex":0,"rotation":0},"east":{"uv":[0.0,15.0,0.0,16.0],"texture":"#0","tintindex":0,"rotation":0},"south":{"uv":[9.0,14.0,7.0,15.0],"texture":"#0","tintindex":0,"rotation":0},"west":{"uv":[0.0,15.0,0.0,16.0],"texture":"#0","tintindex":0,"rotation":0},"up":{"uv":[2.0,16.0,0.0,16.0],"texture":"#0","tintindex":0,"rotation":0},"down":{"uv":[2.0,16.0,0.0,16.0],"texture":"#0","tintindex":0,"rotation":0}},"rotation":{"origin":[7.900000095367432,6.999999713897705,9.08285026550293],"angle":0.0,"axis":"x"}},{"from":[9.1,6.6,7.88285],"to":[9.5,7.3999996,8.68285],"faces":{"north":{"uv":[14.0,11.0,14.5,12.0],"texture":"#0","tintindex":0,"rotation":0},"east":{"uv":[14.0,13.0,15.0,14.0],"texture":"#0","tintindex":0,"rotation":0},"south":{"uv":[14.0,4.0,14.5,5.0],"texture":"#0","tintindex":0,"rotation":0},"west":{"uv":[14.0,12.0,15.0,13.0],"texture":"#0","tintindex":0,"rotation":0},"up":{"uv":[14.5,4.0,15.0,5.0],"texture":"#0","tintindex":0,"rotation":0},"down":{"uv":[14.5,11.0,15.0,12.0],"texture":"#0","tintindex":0,"rotation":0}},"rotation":{"origin":[9.100000095367431,6.599999713897705,8.28285026550293],"angle":0.0,"axis":"x"}},{"from":[6.5,9.0,7.48285],"to":[8.9,9.799999,7.48285],"rotation":{"origin":[7.7000000953674315,9.799999713897705,7.48285026550293],"angle":45.0,"axis":"x"},"faces":{"north":{"uv":[16.0,12.5,13.0,13.5],"texture":"#2","tintindex":0,"rotation":0},"east":{"uv":[0.0,0.0,0.0,1.0],"texture":"#2","tintindex":0,"rotation":0},"south":{"uv":[13.0,12.5,16.0,13.5],"texture":"#2","tintindex":0,"rotation":0},"west":{"uv":[0.0,0.0,0.0,1.0],"texture":"#2","tintindex":0,"rotation":0},"up":{"uv":[0.0,0.0,3.0,0.0],"texture":"#2","tintindex":0,"rotation":0},"down":{"uv":[0.0,0.0,3.0,0.0],"texture":"#2","tintindex":0,"rotation":0}}},{"from":[6.5,7.2342997,6.9171505],"to":[8.9,9.2343,6.9171505],"faces":{"north":{"uv":[13.0,13.5,16.0,16.0],"texture":"#2","tintindex":0,"rotation":0},"east":{"uv":[0.0,0.0,0.0,2.5],"texture":"#2","tintindex":0,"rotation":0},"south":{"uv":[16.0,13.5,13.0,16.0],"texture":"#2","tintindex":0,"rotation":0},"west":{"uv":[0.0,0.0,0.0,2.5],"texture":"#2","tintindex":0,"rotation":0},"up":{"uv":[0.0,0.0,3.0,0.0],"texture":"#2","tintindex":0,"rotation":0},"down":{"uv":[0.0,0.0,3.0,0.0],"texture":"#2","tintindex":0,"rotation":0}},"rotation":{"origin":[7.7000000953674315,8.834314288948466,6.917164840553692],"angle":0.0,"axis":"x"}}]}