{"textures":{"0":"freeminecraftmodels:entity/em_goblin_charms/em_goblin_main","1":"freeminecraftmodels:entity/em_goblin_charms/em_goblin_extra","2":"freeminecraftmodels:entity/em_goblin_charms/em_goblin_charm"},"display":{"head":{"scale":[4.0,4.0,4.0],"translation":[0,-6.4,0]}},"elements":[{"from":[7.6,7.4,7.6],"to":[8.4,8.6,8.4],"faces":{"north":{"uv":[7.0,12.5,8.0,14.0],"texture":"#0","tintindex":0,"rotation":0},"east":{"uv":[8.0,12.5,9.0,14.0],"texture":"#0","tintindex":0,"rotation":0},"south":{"uv":[9.0,12.5,10.0,14.0],"texture":"#0","tintindex":0,"rotation":0},"west":{"uv":[12.0,12.5,13.0,14.0],"texture":"#0","tintindex":0,"rotation":0},"up":{"uv":[14.0,12.0,13.0,11.0],"texture":"#0","tintindex":0,"rotation":0},"down":{"uv":[14.0,12.0,13.0,13.0],"texture":"#0","tintindex":0,"rotation":0}},"rotation":{"origin":[8.003999996185303,7.400000095367432,8.0],"angle":0.0,"axis":"x"}}]}