{"textures":{"0":"freeminecraftmodels:entity/em_goblin_charms/em_goblin_main","1":"freeminecraftmodels:entity/em_goblin_charms/em_goblin_extra","2":"freeminecraftmodels:entity/em_goblin_charms/em_goblin_charm"},"display":{"head":{"scale":[4.0,4.0,4.0],"translation":[0,-6.4,0]}},"elements":[{"from":[5.2,5.0,7.8],"to":[10.8,11.0,7.8],"faces":{"north":{"uv":[9.0,0.0,2.0,7.5],"texture":"#2","tintindex":0,"rotation":0},"east":{"uv":[0.0,0.0,0.0,5.5],"texture":"#2","tintindex":0,"rotation":0},"south":{"uv":[2.0,0.0,9.0,7.5],"texture":"#2","tintindex":0,"rotation":0},"west":{"uv":[0.0,0.0,0.0,5.5],"texture":"#2","tintindex":0,"rotation":0},"up":{"uv":[4.5,0.0,0.0,0.0],"texture":"#2","tintindex":0,"rotation":0},"down":{"uv":[4.5,0.0,0.0,0.0],"texture":"#2","tintindex":0,"rotation":0}},"rotation":{"origin":[6.0,8.200000095367432,7.800000000000001],"angle":0.0,"axis":"x"}},{"from":[7.2,9.0,7.8],"to":[8.0,9.8,8.2],"faces":{"north":{"uv":[5.5,11.0,6.5,12.0],"texture":"#2","tintindex":0,"rotation":0},"east":{"uv":[5.0,11.0,5.5,12.0],"texture":"#2","tintindex":0,"rotation":0},"south":{"uv":[4.0,11.0,5.0,12.0],"texture":"#2","tintindex":0,"rotation":0},"west":{"uv":[3.5,11.0,4.0,12.0],"texture":"#2","tintindex":0,"rotation":0},"up":{"uv":[6.5,11.5,7.5,12.0],"texture":"#2","tintindex":0,"rotation":0},"down":{"uv":[6.5,11.0,7.5,11.5],"texture":"#2","tintindex":0,"rotation":0}},"rotation":{"origin":[8.4,8.200000095367432,7.800000000000001],"angle":0.0,"axis":"x"}},{"from":[8.0,7.8,7.8],"to":[8.8,8.6,8.2],"faces":{"north":{"uv":[5.5,12.0,6.5,13.0],"texture":"#2","tintindex":0,"rotation":0},"east":{"uv":[5.0,12.0,5.5,13.0],"texture":"#2","tintindex":0,"rotation":0},"south":{"uv":[4.0,12.0,5.0,13.0],"texture":"#2","tintindex":0,"rotation":0},"west":{"uv":[3.5,12.0,4.0,13.0],"texture":"#2","tintindex":0,"rotation":0},"up":{"uv":[6.5,12.5,7.5,13.0],"texture":"#2","tintindex":0,"rotation":0},"down":{"uv":[6.5,12.0,7.5,12.5],"texture":"#2","tintindex":0,"rotation":0}},"rotation":{"origin":[8.4,8.200000095367432,7.800000000000001],"angle":0.0,"axis":"x"}},{"from":[7.2,6.6000004,7.8],"to":[8.0,7.4,8.2],"faces":{"north":{"uv":[5.5,13.0,6.5,14.0],"texture":"#2","tintindex":0,"rotation":0},"east":{"uv":[5.0,13.0,5.5,14.0],"texture":"#2","tintindex":0,"rotation":0},"south":{"uv":[4.0,13.0,5.0,14.0],"texture":"#2","tintindex":0,"rotation":0},"west":{"uv":[3.5,13.0,4.0,14.0],"texture":"#2","tintindex":0,"rotation":0},"up":{"uv":[6.5,13.5,7.5,14.0],"texture":"#2","tintindex":0,"rotation":0},"down":{"uv":[6.5,13.0,7.5,13.5],"texture":"#2","tintindex":0,"rotation":0}},"rotation":{"origin":[8.4,8.200000095367432,7.800000000000001],"angle":0.0,"axis":"x"}}]}