{"textures":{"0":"freeminecraftmodels:entity/05_em_ancient_golem/blitzcrank"},"display":{"head":{"scale":[4.0,4.0,4.0],"translation":[0,-6.4,0]}},"elements":[{"from":[7.4549,8.1733,7.3999996],"to":[9.4549,12.1733,9.8],"faces":{"north":{"uv":[13.6667,2.5556,14.2222,3.6667],"texture":"#0","tintindex":0,"rotation":0},"east":{"uv":[8.2222,13.3333,8.8889,14.4444],"texture":"#0","tintindex":0,"rotation":0},"south":{"uv":[4.4444,13.6667,5.0,14.7778],"texture":"#0","tintindex":0,"rotation":0},"west":{"uv":[13.3333,9.5556,14.0,10.6667],"texture":"#0","tintindex":0,"rotation":0},"up":{"uv":[14.7778,3.2222,14.2222,2.5556],"texture":"#0","tintindex":0,"rotation":0},"down":{"uv":[14.7778,6.8889,14.2222,7.5556],"texture":"#0","tintindex":0,"rotation":0}},"rotation":{"origin":[5.854899597167968,2.1733002185821535,8.599999809265137],"angle":0.0,"axis":"x"}},{"from":[6.2549,6.9733,6.2],"to":[9.854899,9.7733,10.6],"faces":{"north":{"uv":[10.1111,12.8889,11.1111,13.6667],"texture":"#0","tintindex":0,"rotation":0},"east":{"uv":[12.7778,8.7778,14.0,9.5556],"texture":"#0","tintindex":0,"rotation":0},"south":{"uv":[11.1111,12.8889,12.1111,13.6667],"texture":"#0","tintindex":0,"rotation":0},"west":{"uv":[4.4444,12.8889,5.6667,13.6667],"texture":"#0","tintindex":0,"rotation":0},"up":{"uv":[2.4444,13.8889,1.4444,12.6667],"texture":"#0","tintindex":0,"rotation":0},"down":{"uv":[13.4444,12.6667,12.4444,13.8889],"texture":"#0","tintindex":0,"rotation":0}},"rotation":{"origin":[5.854899597167968,-1.8266997814178474,8.599999809265137],"angle":0.0,"axis":"x"}},{"from":[7.8548994,4.5733004,5.0],"to":[9.4549,7.7733,6.6],"faces":{"north":{"uv":[14.0,8.7778,14.4444,9.6667],"texture":"#0","tintindex":0,"rotation":0},"east":{"uv":[8.8889,14.0,9.3333,14.8889],"texture":"#0","tintindex":0,"rotation":0},"south":{"uv":[9.3333,14.0,9.7778,14.8889],"texture":"#0","tintindex":0,"rotation":0},"west":{"uv":[14.0,9.6667,14.4444,10.5556],"texture":"#0","tintindex":0,"rotation":0},"up":{"uv":[3.4444,14.7778,3.0,14.3333],"texture":"#0","tintindex":0,"rotation":0},"down":{"uv":[3.8889,14.3333,3.4444,14.7778],"texture":"#0","tintindex":0,"rotation":0}},"rotation":{"origin":[8.254899597167968,-1.426699781417847,7.399999809265137],"angle":0.0,"axis":"x"}},{"from":[5.4549,5.3733006,5.7999997],"to":[7.054899,6.9733,11.0],"faces":{"north":{"uv":[14.3333,5.6667,14.7778,6.1111],"texture":"#0","tintindex":0,"rotation":0},"east":{"uv":[12.4444,1.2222,13.8889,1.6667],"texture":"#0","tintindex":0,"rotation":0},"south":{"uv":[14.3333,6.1111,14.7778,6.5556],"texture":"#0","tintindex":0,"rotation":0},"west":{"uv":[13.3333,10.6667,14.7778,11.1111],"texture":"#0","tintindex":0,"rotation":0},"up":{"uv":[4.4444,14.7778,4.0,13.3333],"texture":"#0","tintindex":0,"rotation":0},"down":{"uv":[13.8889,12.6667,13.4444,14.1111],"texture":"#0","tintindex":0,"rotation":0}},"rotation":{"origin":[5.854899597167968,-2.226699781417847,8.599999809265137],"angle":0.0,"axis":"x"}},{"from":[8.9451,3.8267002,5.8004],"to":[10.545099,6.2267003,10.999599],"rotation":{"origin":[9.345138987931307,-2.973318107575648,8.599999809265137],"angle":22.5,"axis":"z"},"faces":{"north":{"uv":[2.4444,7.1111,2.8889,7.7778],"texture":"#0","tintindex":0,"rotation":0},"east":{"uv":[12.7778,7.4444,14.2222,8.1111],"texture":"#0","tintindex":0,"rotation":0},"south":{"uv":[13.4444,14.1111,13.8889,14.7778],"texture":"#0","tintindex":0,"rotation":0},"west":{"uv":[12.7778,8.1111,14.2222,8.7778],"texture":"#0","tintindex":0,"rotation":0},"up":{"uv":[0.4444,15.0,0.0,13.5556],"texture":"#0","tintindex":0,"rotation":0},"down":{"uv":[0.8889,13.5556,0.4444,15.0],"texture":"#0","tintindex":0,"rotation":0}}}]}