{"textures":{"0":"freeminecraftmodels:entity/05_em_ancient_golem/blitzcrank"},"display":{"head":{"scale":[4.0,4.0,4.0],"translation":[0,-6.4,0]}},"elements":[{"from":[5.7999997,7.4,6.6],"to":[10.2,8.6,9.4],"faces":{"north":{"uv":[13.7778,2.2222,15.0,2.5556],"texture":"#0","tintindex":0,"rotation":0},"east":{"uv":[4.8889,2.2222,5.6667,2.5556],"texture":"#0","tintindex":0,"rotation":0},"south":{"uv":[13.8889,5.3333,15.1111,5.6667],"texture":"#0","tintindex":0,"rotation":0},"west":{"uv":[11.0,9.6667,11.7778,10.0],"texture":"#0","tintindex":0,"rotation":0},"up":{"uv":[6.8889,13.6667,5.6667,12.8889],"texture":"#0","tintindex":0,"rotation":0},"down":{"uv":[10.1111,12.8889,8.8889,13.6667],"texture":"#0","tintindex":0,"rotation":0}},"rotation":{"origin":[4.599999618530273,0.6000000953674309,10.999999809265137],"angle":0.0,"axis":"x"}}]}