{"textures":{"0":"freeminecraftmodels:entity/05_em_ancient_golem/blitzcrank"},"display":{"head":{"scale":[4.0,4.0,4.0],"translation":[0,-6.4,0]}},"elements":[{"from":[6.2,5.4,5.0],"to":[9.799999,6.6000004,11.0],"faces":{"north":{"uv":[8.2222,4.2222,9.2222,4.5556],"texture":"#0","tintindex":0,"rotation":0},"east":{"uv":[5.0,13.6667,6.6667,14.0],"texture":"#0","tintindex":0,"rotation":0},"south":{"uv":[14.2222,7.5556,15.2222,7.8889],"texture":"#0","tintindex":0,"rotation":0},"west":{"uv":[8.8889,13.6667,10.5556,14.0],"texture":"#0","tintindex":0,"rotation":0},"up":{"uv":[3.4444,13.3333,2.4444,11.6667],"texture":"#0","tintindex":0,"rotation":0},"down":{"uv":[4.4444,11.6667,3.4444,13.3333],"texture":"#0","tintindex":0,"rotation":0}},"rotation":{"origin":[4.599999618530273,-1.399999904632569,10.200000190734864],"angle":0.0,"axis":"x"}},{"from":[6.5999994,6.6000004,6.2000003],"to":[9.4,8.6,9.8],"faces":{"north":{"uv":[14.0,3.6667,14.7778,4.2222],"texture":"#0","tintindex":0,"rotation":0},"east":{"uv":[10.5556,13.6667,11.5556,14.2222],"texture":"#0","tintindex":0,"rotation":0},"south":{"uv":[5.0,14.0,5.7778,14.5556],"texture":"#0","tintindex":0,"rotation":0},"west":{"uv":[13.7778,1.6667,14.7778,2.2222],"texture":"#0","tintindex":0,"rotation":0},"up":{"uv":[3.2222,14.3333,2.4444,13.3333],"texture":"#0","tintindex":0,"rotation":0},"down":{"uv":[4.0,13.3333,3.2222,14.3333],"texture":"#0","tintindex":0,"rotation":0}},"rotation":{"origin":[4.599999618530273,-0.1999999046325689,9.000000190734863],"angle":0.0,"axis":"x"}},{"from":[7.3999996,8.6,7.0],"to":[8.599999,10.6,9.0],"faces":{"north":{"uv":[10.6667,3.2222,11.0,3.7778],"texture":"#0","tintindex":0,"rotation":0},"east":{"uv":[10.0,1.6667,10.5556,2.2222],"texture":"#0","tintindex":0,"rotation":0},"south":{"uv":[12.2222,2.5556,12.5556,3.1111],"texture":"#0","tintindex":0,"rotation":0},"west":{"uv":[14.2222,8.1111,14.7778,8.6667],"texture":"#0","tintindex":0,"rotation":0},"up":{"uv":[12.4444,14.8889,12.1111,14.3333],"texture":"#0","tintindex":0,"rotation":0},"down":{"uv":[1.6667,14.4444,1.3333,15.0],"texture":"#0","tintindex":0,"rotation":0}},"rotation":{"origin":[4.599999618530273,1.8000000953674316,9.000000190734863],"angle":0.0,"axis":"x"}}]}