{"textures":{"0":"freeminecraftmodels:entity/05_em_ancient_golem/blitzcrank"},"display":{"head":{"scale":[4.0,4.0,4.0],"translation":[0,-6.4,0]}},"elements":[{"from":[8.0,3.6,3.6],"to":[8.0,12.4,12.4],"faces":{"north":{"uv":[0.0,0.0,0.0,2.4444],"texture":"#0","tintindex":0,"rotation":0},"east":{"uv":[0.0,7.1111,2.4444,9.5556],"texture":"#0","tintindex":0,"rotation":0},"south":{"uv":[0.0,0.0,0.0,2.4444],"texture":"#0","tintindex":0,"rotation":0},"west":{"uv":[2.4444,7.1111,0.0,9.5556],"texture":"#0","tintindex":0,"rotation":0},"up":{"uv":[0.0,2.4444,0.0,0.0],"texture":"#0","tintindex":0,"rotation":0},"down":{"uv":[0.0,0.0,0.0,2.4444],"texture":"#0","tintindex":0,"rotation":0}},"rotation":{"origin":[8.40400047302246,1.2000000953674324,7.999999904632569],"angle":0.0,"axis":"x"}}]}