{"textures":{"0":"freeminecraftmodels:entity/05_em_ancient_golem/blitzcrank"},"display":{"head":{"scale":[4.0,4.0,4.0],"translation":[0,-6.4,0]}},"elements":[{"from":[5.2002,7.2000003,5.2],"to":[10.8002,10.4,10.8],"faces":{"north":{"uv":[11.7778,9.6667,13.3333,10.5556],"texture":"#0","tintindex":0,"rotation":0},"east":{"uv":[11.7778,10.5556,13.3333,11.4444],"texture":"#0","tintindex":0,"rotation":0},"south":{"uv":[12.2222,1.6667,13.7778,2.5556],"texture":"#0","tintindex":0,"rotation":0},"west":{"uv":[12.3333,4.7778,13.8889,5.6667],"texture":"#0","tintindex":0,"rotation":0},"up":{"uv":[12.2222,3.2222,10.6667,1.6667],"texture":"#0","tintindex":0,"rotation":0},"down":{"uv":[12.5556,3.2222,11.0,4.7778],"texture":"#0","tintindex":0,"rotation":0}},"rotation":{"origin":[5.600200271606445,0.40000047683715856,7.999999904632569],"angle":0.0,"axis":"x"}},{"from":[6.8002005,3.2000003,6.7999997],"to":[8.8002,7.2000003,9.2],"faces":{"north":{"uv":[13.4444,5.6667,14.0,6.7778],"texture":"#0","tintindex":0,"rotation":0},"east":{"uv":[6.8889,13.3333,7.5556,14.4444],"texture":"#0","tintindex":0,"rotation":0},"south":{"uv":[13.5556,0.0,14.1111,1.1111],"texture":"#0","tintindex":0,"rotation":0},"west":{"uv":[7.5556,13.3333,8.2222,14.4444],"texture":"#0","tintindex":0,"rotation":0},"up":{"uv":[14.4444,14.6667,13.8889,14.0],"texture":"#0","tintindex":0,"rotation":0},"down":{"uv":[14.6667,0.0,14.1111,0.6667],"texture":"#0","tintindex":0,"rotation":0}},"rotation":{"origin":[5.200200271606445,-2.7999995231628416,7.999999904632569],"angle":0.0,"axis":"x"}},{"from":[5.1998005,4.0000005,3.6],"to":[5.1998005,12.799999,12.4],"faces":{"north":{"uv":[0.0,0.0,0.0,2.4444],"texture":"#0","tintindex":0,"rotation":0},"east":{"uv":[0.0,7.1111,2.4444,9.5556],"texture":"#0","tintindex":0,"rotation":0},"south":{"uv":[0.0,0.0,0.0,2.4444],"texture":"#0","tintindex":0,"rotation":0},"west":{"uv":[2.4444,7.1111,0.0,9.5556],"texture":"#0","tintindex":0,"rotation":0},"up":{"uv":[0.0,2.4444,0.0,0.0],"texture":"#0","tintindex":0,"rotation":0},"down":{"uv":[0.0,0.0,0.0,2.4444],"texture":"#0","tintindex":0,"rotation":0}},"rotation":{"origin":[5.600200271606445,1.6000004768371587,7.999999904632569],"angle":0.0,"axis":"x"}}]}