{"textures":{"0":"freeminecraftmodels:entity/05_em_ancient_golem/blitzcrank"},"display":{"head":{"scale":[4.0,4.0,4.0],"translation":[0,-6.4,0]}},"elements":[{"from":[5.1998,7.2000003,5.2],"to":[10.799801,10.4,10.8],"faces":{"north":{"uv":[13.3333,9.6667,11.7778,10.5556],"texture":"#0","tintindex":0,"rotation":0},"east":{"uv":[13.8889,4.7778,12.3333,5.6667],"texture":"#0","tintindex":0,"rotation":0},"south":{"uv":[13.7778,1.6667,12.2222,2.5556],"texture":"#0","tintindex":0,"rotation":0},"west":{"uv":[13.3333,10.5556,11.7778,11.4444],"texture":"#0","tintindex":0,"rotation":0},"up":{"uv":[10.6667,3.2222,12.2222,1.6667],"texture":"#0","tintindex":0,"rotation":0},"down":{"uv":[11.0,3.2222,12.5556,4.7778],"texture":"#0","tintindex":0,"rotation":0}},"rotation":{"origin":[10.399800205230713,0.40000047683715856,7.999999904632569],"angle":0.0,"axis":"x"}},{"from":[10.8001995,4.0000005,3.6],"to":[10.8001995,12.799999,12.4],"faces":{"north":{"uv":[0.0,0.0,0.0,2.4444],"texture":"#0","tintindex":0,"rotation":0},"east":{"uv":[0.0,7.1111,2.4444,9.5556],"texture":"#0","tintindex":0,"rotation":0},"south":{"uv":[0.0,0.0,0.0,2.4444],"texture":"#0","tintindex":0,"rotation":0},"west":{"uv":[2.4444,7.1111,0.0,9.5556],"texture":"#0","tintindex":0,"rotation":0},"up":{"uv":[0.0,2.4444,0.0,0.0],"texture":"#0","tintindex":0,"rotation":0},"down":{"uv":[0.0,0.0,0.0,2.4444],"texture":"#0","tintindex":0,"rotation":0}},"rotation":{"origin":[10.399800205230713,1.6000004768371587,7.999999904632569],"angle":0.0,"axis":"x"}},{"from":[7.1998,3.2000003,6.7999997],"to":[9.1998005,7.2000003,9.2],"faces":{"north":{"uv":[14.0,5.6667,13.4444,6.7778],"texture":"#0","tintindex":0,"rotation":0},"east":{"uv":[8.2222,13.3333,7.5556,14.4444],"texture":"#0","tintindex":0,"rotation":0},"south":{"uv":[14.1111,0.0,13.5556,1.1111],"texture":"#0","tintindex":0,"rotation":0},"west":{"uv":[7.5556,13.3333,6.8889,14.4444],"texture":"#0","tintindex":0,"rotation":0},"up":{"uv":[13.8889,14.6667,14.4444,14.0],"texture":"#0","tintindex":0,"rotation":0},"down":{"uv":[14.1111,0.0,14.6667,0.6667],"texture":"#0","tintindex":0,"rotation":0}},"rotation":{"origin":[10.799800205230714,-2.7999995231628416,7.999999904632569],"angle":0.0,"axis":"x"}}]}