{"textures":{"0":"freeminecraftmodels:entity/08_em_big_ol_bubba/ravager_skin"},"display":{"head":{"scale":[4.0,4.0,4.0],"translation":[0,-6.4,0]}},"elements":[{"from":[1.5999999,1.5999994,6.0],"to":[14.4,14.4,20.0],"faces":{"north":{"uv":[6.4375,6.4375,8.4375,8.4375],"texture":"#0","tintindex":0,"rotation":0},"east":{"uv":[2.25,4.5,4.4375,6.5],"texture":"#0","tintindex":0,"rotation":0},"south":{"uv":[2.25,6.5,4.25,8.5],"texture":"#0","tintindex":0,"rotation":0},"west":{"uv":[4.5,2.25,6.6875,4.25],"texture":"#0","tintindex":0,"rotation":0},"up":{"uv":[6.5,6.4375,4.5,4.25],"texture":"#0","tintindex":0,"rotation":0},"down":{"uv":[6.4375,6.4375,4.4375,8.625],"texture":"#0","tintindex":0,"rotation":0}},"rotation":{"origin":[8.0,-9.600000381469727,15.600000381469727],"angle":0.0,"axis":"x"}},{"from":[1.5999999,2.3999996,-4.0],"to":[14.4,13.6,6.0],"faces":{"north":{"uv":[10.4375,4.0,12.4375,5.75],"texture":"#0","tintindex":0,"rotation":0},"east":{"uv":[10.4375,10.625,12.0,12.375],"texture":"#0","tintindex":0,"rotation":0},"south":{"uv":[10.4375,5.75,12.4375,7.5],"texture":"#0","tintindex":0,"rotation":0},"west":{"uv":[10.6875,0.0,12.25,1.75],"texture":"#0","tintindex":0,"rotation":0},"up":{"uv":[12.4375,9.0625,10.4375,7.5],"texture":"#0","tintindex":0,"rotation":0},"down":{"uv":[12.4375,9.0625,10.4375,10.625],"texture":"#0","tintindex":0,"rotation":0}},"rotation":{"origin":[8.0,-9.600000381469727,15.600000381469727],"angle":0.0,"axis":"x"}}]}