{"textures":{"0":"freeminecraftmodels:entity/08_em_big_ol_bubba/ravager_skin"},"display":{"head":{"scale":[4.0,4.0,4.0],"translation":[0,-6.4,0]}},"elements":[{"from":[-1.6000004,1.4543495,6.0189505],"to":[0.8000002,3.8543491,14.41895],"rotation":{"origin":[-0.40000000000000036,1.2543420976809898,11.618967217480616],"angle":-22.5,"axis":"x"},"faces":{"north":{"uv":[8.8125,12.0,9.1875,13.3125],"texture":"#0","tintindex":0,"rotation":0},"east":{"uv":[9.1875,12.0,9.5625,13.3125],"texture":"#0","tintindex":0,"rotation":0},"south":{"uv":[9.5625,12.0,9.9375,13.3125],"texture":"#0","tintindex":0,"rotation":0},"west":{"uv":[9.9375,12.0,10.3125,13.3125],"texture":"#0","tintindex":0,"rotation":0},"up":{"uv":[12.625,1.6875,12.25,1.3125],"texture":"#0","tintindex":0,"rotation":0},"down":{"uv":[12.8125,8.625,12.4375,9.0],"texture":"#0","tintindex":0,"rotation":0}}},{"from":[-1.6000004,3.9337502,9.21835],"to":[0.8000002,12.733749,11.61835],"rotation":{"origin":[-0.40000000000000036,8.333792317044146,10.41839044294305],"angle":-22.5,"axis":"x"},"faces":{"north":{"uv":[6.0,8.625,6.375,10.0],"texture":"#0","tintindex":0,"rotation":0},"east":{"uv":[6.0,10.0,6.375,11.375],"texture":"#0","tintindex":0,"rotation":0},"south":{"uv":[6.0,11.375,6.375,12.75],"texture":"#0","tintindex":0,"rotation":0},"west":{"uv":[8.4375,12.0,8.8125,13.375],"texture":"#0","tintindex":0,"rotation":0},"up":{"uv":[13.0,0.75,12.625,0.375],"texture":"#0","tintindex":0,"rotation":0},"down":{"uv":[13.0,0.75,12.625,1.125],"texture":"#0","tintindex":0,"rotation":0}}},{"from":[-1.6000004,7.38995,1.5810499],"to":[0.8000002,12.189949,3.9810495],"rotation":{"origin":[-0.40000000000000036,8.980974607529152,2.5735733588497123],"angle":-22.5,"axis":"x"},"faces":{"north":{"uv":[6.75,12.4375,7.125,13.1875],"texture":"#0","tintindex":0,"rotation":0},"east":{"uv":[12.4375,7.0625,12.8125,7.8125],"texture":"#0","tintindex":0,"rotation":0},"south":{"uv":[7.125,12.4375,7.5,13.1875],"texture":"#0","tintindex":0,"rotation":0},"west":{"uv":[7.5,12.4375,7.875,13.1875],"texture":"#0","tintindex":0,"rotation":0},"up":{"uv":[3.125,12.875,2.75,12.5],"texture":"#0","tintindex":0,"rotation":0},"down":{"uv":[3.5,12.5,3.125,12.875],"texture":"#0","tintindex":0,"rotation":0}}},{"from":[-1.6000004,12.145649,3.8428497],"to":[0.8000002,14.5456505,10.64285],"rotation":{"origin":[-0.40000000000000036,10.465614147904155,8.442828250173708],"angle":-22.5,"axis":"x"},"faces":{"north":{"uv":[7.6875,5.375,8.0625,6.4375],"texture":"#0","tintindex":0,"rotation":0},"east":{"uv":[8.0625,5.375,8.4375,6.4375],"texture":"#0","tintindex":0,"rotation":0},"south":{"uv":[12.375,10.625,12.75,11.6875],"texture":"#0","tintindex":0,"rotation":0},"west":{"uv":[10.6875,12.375,11.0625,13.4375],"texture":"#0","tintindex":0,"rotation":0},"up":{"uv":[12.8125,10.125,12.4375,9.75],"texture":"#0","tintindex":0,"rotation":0},"down":{"uv":[12.8125,10.125,12.4375,10.5],"texture":"#0","tintindex":0,"rotation":0}}},{"from":[15.2,1.4543495,6.0189505],"to":[17.6,3.8543491,14.41895],"rotation":{"origin":[16.4,1.2543420976809898,11.618967217480616],"angle":-22.5,"axis":"x"},"faces":{"north":{"uv":[8.8125,12.0,9.1875,13.3125],"texture":"#0","tintindex":0,"rotation":0},"east":{"uv":[9.1875,12.0,9.5625,13.3125],"texture":"#0","tintindex":0,"rotation":0},"south":{"uv":[9.5625,12.0,9.9375,13.3125],"texture":"#0","tintindex":0,"rotation":0},"west":{"uv":[9.9375,12.0,10.3125,13.3125],"texture":"#0","tintindex":0,"rotation":0},"up":{"uv":[12.625,1.6875,12.25,1.3125],"texture":"#0","tintindex":0,"rotation":0},"down":{"uv":[12.8125,8.625,12.4375,9.0],"texture":"#0","tintindex":0,"rotation":0}}},{"from":[15.2,3.9337502,9.21835],"to":[17.6,12.733749,11.61835],"rotation":{"origin":[16.4,8.333792317044146,10.41839044294305],"angle":-22.5,"axis":"x"},"faces":{"north":{"uv":[6.0,8.625,6.375,10.0],"texture":"#0","tintindex":0,"rotation":0},"east":{"uv":[6.0,10.0,6.375,11.375],"texture":"#0","tintindex":0,"rotation":0},"south":{"uv":[6.0,11.375,6.375,12.75],"texture":"#0","tintindex":0,"rotation":0},"west":{"uv":[8.4375,12.0,8.8125,13.375],"texture":"#0","tintindex":0,"rotation":0},"up":{"uv":[13.0,0.75,12.625,0.375],"texture":"#0","tintindex":0,"rotation":0},"down":{"uv":[13.0,0.75,12.625,1.125],"texture":"#0","tintindex":0,"rotation":0}}},{"from":[15.2,7.38995,1.5810499],"to":[17.6,12.189949,3.9810495],"rotation":{"origin":[16.4,8.980974607529152,2.5735733588497123],"angle":-22.5,"axis":"x"},"faces":{"north":{"uv":[6.75,12.4375,7.125,13.1875],"texture":"#0","tintindex":0,"rotation":0},"east":{"uv":[12.4375,7.0625,12.8125,7.8125],"texture":"#0","tintindex":0,"rotation":0},"south":{"uv":[7.125,12.4375,7.5,13.1875],"texture":"#0","tintindex":0,"rotation":0},"west":{"uv":[7.5,12.4375,7.875,13.1875],"texture":"#0","tintindex":0,"rotation":0},"up":{"uv":[3.125,12.875,2.75,12.5],"texture":"#0","tintindex":0,"rotation":0},"down":{"uv":[3.5,12.5,3.125,12.875],"texture":"#0","tintindex":0,"rotation":0}}},{"from":[15.2,12.145649,3.8428497],"to":[17.6,14.5456505,10.64285],"rotation":{"origin":[16.4,10.465614147904155,8.442828250173708],"angle":-22.5,"axis":"x"},"faces":{"north":{"uv":[7.6875,5.375,8.0625,6.4375],"texture":"#0","tintindex":0,"rotation":0},"east":{"uv":[8.0625,5.375,8.4375,6.4375],"texture":"#0","tintindex":0,"rotation":0},"south":{"uv":[12.375,10.625,12.75,11.6875],"texture":"#0","tintindex":0,"rotation":0},"west":{"uv":[10.6875,12.375,11.0625,13.4375],"texture":"#0","tintindex":0,"rotation":0},"up":{"uv":[12.8125,10.125,12.4375,9.75],"texture":"#0","tintindex":0,"rotation":0},"down":{"uv":[12.8125,10.125,12.4375,10.5],"texture":"#0","tintindex":0,"rotation":0}}}]}