{"textures":{"0":"freeminecraftmodels:entity/08_em_big_ol_bubba/ravager_skin"},"display":{"head":{"scale":[4.0,4.0,4.0],"translation":[0,-6.4,0]}},"elements":[{"from":[0.8000002,0.8000002,-0.19999981],"to":[15.2,15.2,14.199999],"faces":{"north":{"uv":[0.0,0.0,2.25,2.25],"texture":"#0","tintindex":0,"rotation":0},"east":{"uv":[0.0,2.25,2.25,4.5],"texture":"#0","tintindex":0,"rotation":0},"south":{"uv":[2.25,0.0,4.5,2.25],"texture":"#0","tintindex":0,"rotation":0},"west":{"uv":[2.25,2.25,4.5,4.5],"texture":"#0","tintindex":0,"rotation":0},"up":{"uv":[2.25,6.75,0.0,4.5],"texture":"#0","tintindex":0,"rotation":0},"down":{"uv":[6.75,0.0,4.5,2.25],"texture":"#0","tintindex":0,"rotation":0}},"rotation":{"origin":[8.0,-9.59999942779541,-18.999999904632567],"angle":0.0,"axis":"x"}},{"from":[6.8,1.6000004,14.199999],"to":[9.2,6.8,16.199999],"faces":{"north":{"uv":[6.75,1.375,7.125,2.1875],"texture":"#0","tintindex":0,"rotation":0},"east":{"uv":[12.4375,7.8125,12.75,8.625],"texture":"#0","tintindex":0,"rotation":0},"south":{"uv":[7.125,1.375,7.5,2.1875],"texture":"#0","tintindex":0,"rotation":0},"west":{"uv":[7.875,12.4375,8.1875,13.25],"texture":"#0","tintindex":0,"rotation":0},"up":{"uv":[4.625,12.9375,4.25,12.625],"texture":"#0","tintindex":0,"rotation":0},"down":{"uv":[5.0,12.625,4.625,12.9375],"texture":"#0","tintindex":0,"rotation":0}},"rotation":{"origin":[8.0,-9.59999942779541,-18.999999904632567],"angle":0.0,"axis":"x"}}]}