{"textures":{"0":"freeminecraftmodels:entity/08_em_big_ol_bubba/ravager_skin"},"display":{"head":{"scale":[4.0,4.0,4.0],"translation":[0,-6.4,0]}},"elements":[{"from":[4.8,-4.8,4.8],"to":[11.200001,20.8,11.200001],"faces":{"north":{"uv":[2.0,8.5,3.0,12.5],"texture":"#0","tintindex":0,"rotation":0},"east":{"uv":[3.0,8.5,4.0,12.5],"texture":"#0","tintindex":0,"rotation":0},"south":{"uv":[4.0,8.625,5.0,12.625],"texture":"#0","tintindex":0,"rotation":0},"west":{"uv":[5.0,8.625,6.0,12.625],"texture":"#0","tintindex":0,"rotation":0},"up":{"uv":[12.6875,2.75,11.6875,1.75],"texture":"#0","tintindex":0,"rotation":0},"down":{"uv":[12.6875,2.75,11.6875,3.75],"texture":"#0","tintindex":0,"rotation":0}},"rotation":{"origin":[-1.5999999046325684,-4.800000190734863,6.800000190734863],"angle":0.0,"axis":"x"}}]}