{"textures":{"0":"freeminecraftmodels:entity/08_em_big_ol_bubba/ravager_skin"},"display":{"head":{"scale":[4.0,4.0,4.0],"translation":[0,-6.4,0]}},"elements":[{"from":[4.8,-4.8,4.799999],"to":[11.200001,20.8,11.2],"faces":{"north":{"uv":[8.4375,4.0,9.4375,8.0],"texture":"#0","tintindex":0,"rotation":0},"east":{"uv":[6.4375,8.4375,7.4375,12.4375],"texture":"#0","tintindex":0,"rotation":0},"south":{"uv":[7.4375,8.4375,8.4375,12.4375],"texture":"#0","tintindex":0,"rotation":0},"west":{"uv":[8.4375,8.0,9.4375,12.0],"texture":"#0","tintindex":0,"rotation":0},"up":{"uv":[1.0,11.75,0.0,10.75],"texture":"#0","tintindex":0,"rotation":0},"down":{"uv":[2.0,10.75,1.0,11.75],"texture":"#0","tintindex":0,"rotation":0}},"rotation":{"origin":[17.600000381469727,-4.800000190734863,24.399999618530273],"angle":0.0,"axis":"x"}}]}