{"textures":{"0":"freeminecraftmodels:entity/10_em_minor_fire_elemental/texture"},"display":{"head":{"scale":[4.0,4.0,4.0],"translation":[0,-6.4,0]}},"elements":[{"from":[7.1,7.2,7.0],"to":[8.9,8.8,9.0],"rotation":{"origin":[8.0,0.0,6.599999904632568],"angle":-22.5,"axis":"x"},"faces":{"north":{"uv":[8.25,3.875,8.8125,4.375],"texture":"#0","tintindex":0,"rotation":0},"east":{"uv":[2.875,8.0,3.5,8.5],"texture":"#0","tintindex":0,"rotation":0},"south":{"uv":[4.625,8.25,5.1875,8.75],"texture":"#0","tintindex":0,"rotation":0},"west":{"uv":[8.0,2.875,8.625,3.375],"texture":"#0","tintindex":0,"rotation":0},"up":{"uv":[5.3125,8.25,4.75,7.625],"texture":"#0","tintindex":0,"rotation":0},"down":{"uv":[8.1875,6.25,7.625,6.875],"texture":"#0","tintindex":0,"rotation":0}}}]}