{"parent":"item/generated","textures":{"layer0":"minecraft:item/leather_horse_armor"},"data":52198,"overrides":[{"predicate":{"custom_model_data":51001},"model":"freeminecraftmodels:em_goblin_armor/freeminecraftmodels_autogenerated_root"},{"predicate":{"custom_model_data":51001},"model":"freeminecraftmodels:em_goblin_armor/goblin"},{"predicate":{"custom_model_data":51001},"model":"freeminecraftmodels:em_goblin_armor/goblin_entity"},{"predicate":{"custom_model_data":51002},"model":"freeminecraftmodels:em_goblin_armor/leftarm"},{"predicate":{"custom_model_data":51003},"model":"freeminecraftmodels:em_goblin_armor/rightarm"},{"predicate":{"custom_model_data":51004},"model":"freeminecraftmodels:em_goblin_armor/walkingstick"},{"predicate":{"custom_model_data":51005},"model":"freeminecraftmodels:em_goblin_armor/leftleg"},{"predicate":{"custom_model_data":51006},"model":"freeminecraftmodels:em_goblin_armor/rightleg"},{"predicate":{"custom_model_data":51007},"model":"freeminecraftmodels:em_goblin_armor/h_head"},{"predicate":{"custom_model_data":51008},"model":"freeminecraftmodels:em_goblin_armor/tag_name"},{"predicate":{"custom_model_data":51008},"model":"freeminecraftmodels:em_goblin_armor/backpack"},{"predicate":{"custom_model_data":51009},"model":"freeminecraftmodels:em_goblin_armor/goldcoin"},{"predicate":{"custom_model_data":51010},"model":"freeminecraftmodels:em_goblin_armor/arrow1"},{"predicate":{"custom_model_data":51011},"model":"freeminecraftmodels:em_goblin_charms/freeminecraftmodels_autogenerated_root"},{"predicate":{"custom_model_data":51011},"model":"freeminecraftmodels:em_goblin_charms/goblin"},{"predicate":{"custom_model_data":51011},"model":"freeminecraftmodels:em_goblin_charms/goblin_entity"},{"predicate":{"custom_model_data":51012},"model":"freeminecraftmodels:em_goblin_charms/leftarm"},{"predicate":{"custom_model_data":51013},"model":"freeminecraftmodels:em_goblin_charms/rightarm"},{"predicate":{"custom_model_data":51014},"model":"freeminecraftmodels:em_goblin_charms/walkingstick"},{"predicate":{"custom_model_data":51015},"model":"freeminecraftmodels:em_goblin_charms/leftleg"},{"predicate":{"custom_model_data":51016},"model":"freeminecraftmodels:em_goblin_charms/rightleg"},{"predicate":{"custom_model_data":51017},"model":"freeminecraftmodels:em_goblin_charms/h_head"},{"predicate":{"custom_model_data":51018},"model":"freeminecraftmodels:em_goblin_charms/tag_name"},{"predicate":{"custom_model_data":51018},"model":"freeminecraftmodels:em_goblin_charms/backpack"},{"predicate":{"custom_model_data":51019},"model":"freeminecraftmodels:em_goblin_charms/sword"},{"predicate":{"custom_model_data":51020},"model":"freeminecraftmodels:em_goblin_charms/arrow1"},{"predicate":{"custom_model_data":51021},"model":"freeminecraftmodels:em_goblin_charms/arrow2"},{"predicate":{"custom_model_data":51022},"model":"freeminecraftmodels:em_goblin_coins/freeminecraftmodels_autogenerated_root"},{"predicate":{"custom_model_data":51022},"model":"freeminecraftmodels:em_goblin_coins/goblin"},{"predicate":{"custom_model_data":51022},"model":"freeminecraftmodels:em_goblin_coins/goblin_entity"},{"predicate":{"custom_model_data":51023},"model":"freeminecraftmodels:em_goblin_coins/leftarm"},{"predicate":{"custom_model_data":51024},"model":"freeminecraftmodels:em_goblin_coins/rightarm"},{"predicate":{"custom_model_data":51025},"model":"freeminecraftmodels:em_goblin_coins/walkingstick"},{"predicate":{"custom_model_data":51026},"model":"freeminecraftmodels:em_goblin_coins/leftleg"},{"predicate":{"custom_model_data":51027},"model":"freeminecraftmodels:em_goblin_coins/rightleg"},{"predicate":{"custom_model_data":51028},"model":"freeminecraftmodels:em_goblin_coins/h_head"},{"predicate":{"custom_model_data":51029},"model":"freeminecraftmodels:em_goblin_coins/tag_name"},{"predicate":{"custom_model_data":51029},"model":"freeminecraftmodels:em_goblin_coins/backpack"},{"predicate":{"custom_model_data":51030},"model":"freeminecraftmodels:em_goblin_coins/goldcoin"},{"predicate":{"custom_model_data":51031},"model":"freeminecraftmodels:em_goblin_coins/arrow1"},{"predicate":{"custom_model_data":51032},"model":"freeminecraftmodels:em_goblin_coins/arrow2"},{"predicate":{"custom_model_data":51033},"model":"freeminecraftmodels:em_goblin_treasure/freeminecraftmodels_autogenerated_root"},{"predicate":{"custom_model_data":51033},"model":"freeminecraftmodels:em_goblin_treasure/goblin"},{"predicate":{"custom_model_data":51033},"model":"freeminecraftmodels:em_goblin_treasure/goblin_entity"},{"predicate":{"custom_model_data":51034},"model":"freeminecraftmodels:em_goblin_treasure/leftarm"},{"predicate":{"custom_model_data":51035},"model":"freeminecraftmodels:em_goblin_treasure/rightarm"},{"predicate":{"custom_model_data":51036},"model":"freeminecraftmodels:em_goblin_treasure/walkingstick"},{"predicate":{"custom_model_data":51037},"model":"freeminecraftmodels:em_goblin_treasure/leftleg"},{"predicate":{"custom_model_data":51038},"model":"freeminecraftmodels:em_goblin_treasure/rightleg"},{"predicate":{"custom_model_data":51039},"model":"freeminecraftmodels:em_goblin_treasure/h_head"},{"predicate":{"custom_model_data":51040},"model":"freeminecraftmodels:em_goblin_treasure/tag_name"},{"predicate":{"custom_model_data":51040},"model":"freeminecraftmodels:em_goblin_treasure/backpack"},{"predicate":{"custom_model_data":51041},"model":"freeminecraftmodels:em_goblin_treasure/sword"},{"predicate":{"custom_model_data":51042},"model":"freeminecraftmodels:em_goblin_treasure/arrow1"},{"predicate":{"custom_model_data":51043},"model":"freeminecraftmodels:em_goblin_treasure/arrow2"},{"predicate":{"custom_model_data":51044},"model":"freeminecraftmodels:em_goblin_weapon/freeminecraftmodels_autogenerated_root"},{"predicate":{"custom_model_data":51044},"model":"freeminecraftmodels:em_goblin_weapon/goblin"},{"predicate":{"custom_model_data":51044},"model":"freeminecraftmodels:em_goblin_weapon/goblin_entity"},{"predicate":{"custom_model_data":51045},"model":"freeminecraftmodels:em_goblin_weapon/leftarm"},{"predicate":{"custom_model_data":51046},"model":"freeminecraftmodels:em_goblin_weapon/rightarm"},{"predicate":{"custom_model_data":51047},"model":"freeminecraftmodels:em_goblin_weapon/walkingstick"},{"predicate":{"custom_model_data":51048},"model":"freeminecraftmodels:em_goblin_weapon/leftleg"},{"predicate":{"custom_model_data":51049},"model":"freeminecraftmodels:em_goblin_weapon/rightleg"},{"predicate":{"custom_model_data":51050},"model":"freeminecraftmodels:em_goblin_weapon/h_head"},{"predicate":{"custom_model_data":51051},"model":"freeminecraftmodels:em_goblin_weapon/tag_name"},{"predicate":{"custom_model_data":51051},"model":"freeminecraftmodels:em_goblin_weapon/backpack"},{"predicate":{"custom_model_data":51052},"model":"freeminecraftmodels:em_goblin_weapon/sword"},{"predicate":{"custom_model_data":51053},"model":"freeminecraftmodels:em_goblin_weapon/arrow1"},{"predicate":{"custom_model_data":51054},"model":"freeminecraftmodels:em_goblin_weapon/arrow2"},{"predicate":{"custom_model_data":52055},"model":"freeminecraftmodels:01_em_wolf/freeminecraftmodels_autogenerated_root"},{"predicate":{"custom_model_data":52055},"model":"freeminecraftmodels:01_em_wolf/wolf"},{"predicate":{"custom_model_data":52055},"model":"freeminecraftmodels:01_em_wolf/bodyfront"},{"predicate":{"custom_model_data":52056},"model":"freeminecraftmodels:01_em_wolf/bodyback"},{"predicate":{"custom_model_data":52057},"model":"freeminecraftmodels:01_em_wolf/tail1"},{"predicate":{"custom_model_data":52058},"model":"freeminecraftmodels:01_em_wolf/tail2"},{"predicate":{"custom_model_data":52059},"model":"freeminecraftmodels:01_em_wolf/tail3"},{"predicate":{"custom_model_data":52060},"model":"freeminecraftmodels:01_em_wolf/leftlegback"},{"predicate":{"custom_model_data":52061},"model":"freeminecraftmodels:01_em_wolf/leftlowerlegback"},{"predicate":{"custom_model_data":52062},"model":"freeminecraftmodels:01_em_wolf/rightlegback"},{"predicate":{"custom_model_data":52063},"model":"freeminecraftmodels:01_em_wolf/rightlowerlegback"},{"predicate":{"custom_model_data":52064},"model":"freeminecraftmodels:01_em_wolf/leftlegfront"},{"predicate":{"custom_model_data":52065},"model":"freeminecraftmodels:01_em_wolf/leftlowerlegfront"},{"predicate":{"custom_model_data":52066},"model":"freeminecraftmodels:01_em_wolf/rightlegfront"},{"predicate":{"custom_model_data":52067},"model":"freeminecraftmodels:01_em_wolf/rightlowerlegfront"},{"predicate":{"custom_model_data":52068},"model":"freeminecraftmodels:01_em_wolf/h_head"},{"predicate":{"custom_model_data":52069},"model":"freeminecraftmodels:01_em_wolf/tag_name"},{"predicate":{"custom_model_data":52069},"model":"freeminecraftmodels:01_em_wolf/h_jaw"},{"predicate":{"custom_model_data":52070},"model":"freeminecraftmodels:02_em_sea_monster/freeminecraftmodels_autogenerated_root"},{"predicate":{"custom_model_data":52070},"model":"freeminecraftmodels:02_em_sea_monster/kraken"},{"predicate":{"custom_model_data":52070},"model":"freeminecraftmodels:02_em_sea_monster/body"},{"predicate":{"custom_model_data":52071},"model":"freeminecraftmodels:02_em_sea_monster/tag_name"},{"predicate":{"custom_model_data":52071},"model":"freeminecraftmodels:02_em_sea_monster/aa2"},{"predicate":{"custom_model_data":52071},"model":"freeminecraftmodels:02_em_sea_monster/aa"},{"predicate":{"custom_model_data":52072},"model":"freeminecraftmodels:02_em_sea_monster/a"},{"predicate":{"custom_model_data":52072},"model":"freeminecraftmodels:02_em_sea_monster/a2"},{"predicate":{"custom_model_data":52073},"model":"freeminecraftmodels:02_em_sea_monster/a1"},{"predicate":{"custom_model_data":52074},"model":"freeminecraftmodels:02_em_sea_monster/a3"},{"predicate":{"custom_model_data":52074},"model":"freeminecraftmodels:02_em_sea_monster/eyes"},{"predicate":{"custom_model_data":52075},"model":"freeminecraftmodels:02_em_sea_monster/e1"},{"predicate":{"custom_model_data":52076},"model":"freeminecraftmodels:02_em_sea_monster/bone"},{"predicate":{"custom_model_data":52077},"model":"freeminecraftmodels:02_em_sea_monster/e2"},{"predicate":{"custom_model_data":52078},"model":"freeminecraftmodels:02_em_sea_monster/bone2"},{"predicate":{"custom_model_data":52079},"model":"freeminecraftmodels:02_em_sea_monster/tentacles"},{"predicate":{"custom_model_data":52079},"model":"freeminecraftmodels:02_em_sea_monster/tentacle_1"},{"predicate":{"custom_model_data":52080},"model":"freeminecraftmodels:02_em_sea_monster/t1"},{"predicate":{"custom_model_data":52081},"model":"freeminecraftmodels:02_em_sea_monster/t2"},{"predicate":{"custom_model_data":52082},"model":"freeminecraftmodels:02_em_sea_monster/t3"},{"predicate":{"custom_model_data":52083},"model":"freeminecraftmodels:02_em_sea_monster/tentacle_2"},{"predicate":{"custom_model_data":52084},"model":"freeminecraftmodels:02_em_sea_monster/t2_1"},{"predicate":{"custom_model_data":52085},"model":"freeminecraftmodels:02_em_sea_monster/t2_2"},{"predicate":{"custom_model_data":52086},"model":"freeminecraftmodels:02_em_sea_monster/tentacle_3"},{"predicate":{"custom_model_data":52087},"model":"freeminecraftmodels:02_em_sea_monster/t4"},{"predicate":{"custom_model_data":52088},"model":"freeminecraftmodels:02_em_sea_monster/t5"},{"predicate":{"custom_model_data":52089},"model":"freeminecraftmodels:02_em_sea_monster/t6"},{"predicate":{"custom_model_data":52090},"model":"freeminecraftmodels:02_em_sea_monster/tentacle_4"},{"predicate":{"custom_model_data":52091},"model":"freeminecraftmodels:02_em_sea_monster/t7"},{"predicate":{"custom_model_data":52092},"model":"freeminecraftmodels:02_em_sea_monster/t8"},{"predicate":{"custom_model_data":52093},"model":"freeminecraftmodels:02_em_sea_monster/t9"},{"predicate":{"custom_model_data":52094},"model":"freeminecraftmodels:02_em_sea_monster/tentacle_5"},{"predicate":{"custom_model_data":52095},"model":"freeminecraftmodels:02_em_sea_monster/t2_3"},{"predicate":{"custom_model_data":52096},"model":"freeminecraftmodels:02_em_sea_monster/t2_4"},{"predicate":{"custom_model_data":52097},"model":"freeminecraftmodels:02_em_sea_monster/tentacle_6"},{"predicate":{"custom_model_data":52098},"model":"freeminecraftmodels:02_em_sea_monster/t10"},{"predicate":{"custom_model_data":52099},"model":"freeminecraftmodels:02_em_sea_monster/t11"},{"predicate":{"custom_model_data":52100},"model":"freeminecraftmodels:02_em_sea_monster/t12"},{"predicate":{"custom_model_data":52101},"model":"freeminecraftmodels:02_em_sea_monster/tentacle_7"},{"predicate":{"custom_model_data":52102},"model":"freeminecraftmodels:02_em_sea_monster/t13"},{"predicate":{"custom_model_data":52103},"model":"freeminecraftmodels:02_em_sea_monster/t14"},{"predicate":{"custom_model_data":52104},"model":"freeminecraftmodels:02_em_sea_monster/t15"},{"predicate":{"custom_model_data":52105},"model":"freeminecraftmodels:02_em_sea_monster/tentacle_8"},{"predicate":{"custom_model_data":52106},"model":"freeminecraftmodels:02_em_sea_monster/t16"},{"predicate":{"custom_model_data":52107},"model":"freeminecraftmodels:02_em_sea_monster/t17"},{"predicate":{"custom_model_data":52108},"model":"freeminecraftmodels:02_em_sea_monster/t18"},{"predicate":{"custom_model_data":52109},"model":"freeminecraftmodels:02_em_sea_monster/tt1"},{"predicate":{"custom_model_data":52110},"model":"freeminecraftmodels:02_em_sea_monster/tt2"},{"predicate":{"custom_model_data":52111},"model":"freeminecraftmodels:02_em_sea_monster/tt3"},{"predicate":{"custom_model_data":52112},"model":"freeminecraftmodels:02_em_sea_monster/tt4"},{"predicate":{"custom_model_data":52113},"model":"freeminecraftmodels:02_em_sea_monster/tt5"},{"predicate":{"custom_model_data":52114},"model":"freeminecraftmodels:02_em_sea_monster/tt6"},{"predicate":{"custom_model_data":52115},"model":"freeminecraftmodels:02_em_sea_monster/tt7"},{"predicate":{"custom_model_data":52116},"model":"freeminecraftmodels:02_em_sea_monster/tt8"},{"predicate":{"custom_model_data":52117},"model":"freeminecraftmodels:02_em_sea_monster/tt9"},{"predicate":{"custom_model_data":52118},"model":"freeminecraftmodels:02_em_sea_monster/tt10"},{"predicate":{"custom_model_data":52119},"model":"freeminecraftmodels:02_em_sea_monster/tt11"},{"predicate":{"custom_model_data":52120},"model":"freeminecraftmodels:02_em_sea_monster/tt12"},{"predicate":{"custom_model_data":52121},"model":"freeminecraftmodels:03_em_quartz_elemental/freeminecraftmodels_autogenerated_root"},{"predicate":{"custom_model_data":52121},"model":"freeminecraftmodels:03_em_quartz_elemental/body"},{"predicate":{"custom_model_data":52122},"model":"freeminecraftmodels:03_em_quartz_elemental/head"},{"predicate":{"custom_model_data":52123},"model":"freeminecraftmodels:03_em_quartz_elemental/tag_head"},{"predicate":{"custom_model_data":52123},"model":"freeminecraftmodels:03_em_quartz_elemental/rightarm"},{"predicate":{"custom_model_data":52124},"model":"freeminecraftmodels:03_em_quartz_elemental/leftarm"},{"predicate":{"custom_model_data":52125},"model":"freeminecraftmodels:04_em_minor_ice_elemental/freeminecraftmodels_autogenerated_root"},{"predicate":{"custom_model_data":52125},"model":"freeminecraftmodels:04_em_minor_ice_elemental/body"},{"predicate":{"custom_model_data":52126},"model":"freeminecraftmodels:04_em_minor_ice_elemental/head"},{"predicate":{"custom_model_data":52127},"model":"freeminecraftmodels:04_em_minor_ice_elemental/tag_name"},{"predicate":{"custom_model_data":52127},"model":"freeminecraftmodels:04_em_minor_ice_elemental/leftarm"},{"predicate":{"custom_model_data":52128},"model":"freeminecraftmodels:04_em_minor_ice_elemental/rightarm"},{"predicate":{"custom_model_data":52129},"model":"freeminecraftmodels:05_em_ancient_golem/freeminecraftmodels_autogenerated_root"},{"predicate":{"custom_model_data":52129},"model":"freeminecraftmodels:05_em_ancient_golem/blitzcrank"},{"predicate":{"custom_model_data":52130},"model":"freeminecraftmodels:05_em_ancient_golem/leftleg"},{"predicate":{"custom_model_data":52131},"model":"freeminecraftmodels:05_em_ancient_golem/leftfoot"},{"predicate":{"custom_model_data":52132},"model":"freeminecraftmodels:05_em_ancient_golem/rightleg"},{"predicate":{"custom_model_data":52133},"model":"freeminecraftmodels:05_em_ancient_golem/rightfoot"},{"predicate":{"custom_model_data":52134},"model":"freeminecraftmodels:05_em_ancient_golem/upperbody"},{"predicate":{"custom_model_data":52135},"model":"freeminecraftmodels:05_em_ancient_golem/cog1"},{"predicate":{"custom_model_data":52136},"model":"freeminecraftmodels:05_em_ancient_golem/cog2"},{"predicate":{"custom_model_data":52137},"model":"freeminecraftmodels:05_em_ancient_golem/cog3"},{"predicate":{"custom_model_data":52138},"model":"freeminecraftmodels:05_em_ancient_golem/rightarm3"},{"predicate":{"custom_model_data":52139},"model":"freeminecraftmodels:05_em_ancient_golem/rightlowerarm3"},{"predicate":{"custom_model_data":52140},"model":"freeminecraftmodels:05_em_ancient_golem/leftarm"},{"predicate":{"custom_model_data":52141},"model":"freeminecraftmodels:05_em_ancient_golem/leftlowerarm"},{"predicate":{"custom_model_data":52142},"model":"freeminecraftmodels:05_em_ancient_golem/h_head"},{"predicate":{"custom_model_data":52143},"model":"freeminecraftmodels:05_em_ancient_golem/tag_name"},{"predicate":{"custom_model_data":52143},"model":"freeminecraftmodels:06_em_corrupted_advisor/freeminecraftmodels_autogenerated_root"},{"predicate":{"custom_model_data":52143},"model":"freeminecraftmodels:06_em_corrupted_advisor/body"},{"predicate":{"custom_model_data":52144},"model":"freeminecraftmodels:06_em_corrupted_advisor/potion3"},{"predicate":{"custom_model_data":52145},"model":"freeminecraftmodels:06_em_corrupted_advisor/potion4"},{"predicate":{"custom_model_data":52146},"model":"freeminecraftmodels:06_em_corrupted_advisor/potion5"},{"predicate":{"custom_model_data":52147},"model":"freeminecraftmodels:06_em_corrupted_advisor/potion"},{"predicate":{"custom_model_data":52148},"model":"freeminecraftmodels:06_em_corrupted_advisor/larm"},{"predicate":{"custom_model_data":52149},"model":"freeminecraftmodels:06_em_corrupted_advisor/scroll"},{"predicate":{"custom_model_data":52150},"model":"freeminecraftmodels:06_em_corrupted_advisor/rrram"},{"predicate":{"custom_model_data":52151},"model":"freeminecraftmodels:06_em_corrupted_advisor/hand_potion"},{"predicate":{"custom_model_data":52152},"model":"freeminecraftmodels:06_em_corrupted_advisor/lleg"},{"predicate":{"custom_model_data":52153},"model":"freeminecraftmodels:06_em_corrupted_advisor/rleg"},{"predicate":{"custom_model_data":52154},"model":"freeminecraftmodels:06_em_corrupted_advisor/tag_head"},{"predicate":{"custom_model_data":52155},"model":"freeminecraftmodels:06_em_corrupted_advisor/tag_name"},{"predicate":{"custom_model_data":52155},"model":"freeminecraftmodels:07_em_corrupted_advisor_2/freeminecraftmodels_autogenerated_root"},{"predicate":{"custom_model_data":52155},"model":"freeminecraftmodels:07_em_corrupted_advisor_2/body"},{"predicate":{"custom_model_data":52156},"model":"freeminecraftmodels:07_em_corrupted_advisor_2/potion3"},{"predicate":{"custom_model_data":52157},"model":"freeminecraftmodels:07_em_corrupted_advisor_2/potion4"},{"predicate":{"custom_model_data":52158},"model":"freeminecraftmodels:07_em_corrupted_advisor_2/potion5"},{"predicate":{"custom_model_data":52159},"model":"freeminecraftmodels:07_em_corrupted_advisor_2/potion"},{"predicate":{"custom_model_data":52160},"model":"freeminecraftmodels:07_em_corrupted_advisor_2/larm"},{"predicate":{"custom_model_data":52161},"model":"freeminecraftmodels:07_em_corrupted_advisor_2/scroll"},{"predicate":{"custom_model_data":52162},"model":"freeminecraftmodels:07_em_corrupted_advisor_2/rrram"},{"predicate":{"custom_model_data":52163},"model":"freeminecraftmodels:07_em_corrupted_advisor_2/hand_potion"},{"predicate":{"custom_model_data":52164},"model":"freeminecraftmodels:07_em_corrupted_advisor_2/lleg"},{"predicate":{"custom_model_data":52165},"model":"freeminecraftmodels:07_em_corrupted_advisor_2/rleg"},{"predicate":{"custom_model_data":52166},"model":"freeminecraftmodels:07_em_corrupted_advisor_2/tag_head"},{"predicate":{"custom_model_data":52167},"model":"freeminecraftmodels:07_em_corrupted_advisor_2/tag_name"},{"predicate":{"custom_model_data":52167},"model":"freeminecraftmodels:08_em_big_ol_bubba/freeminecraftmodels_autogenerated_root"},{"predicate":{"custom_model_data":52167},"model":"freeminecraftmodels:08_em_big_ol_bubba/body"},{"predicate":{"custom_model_data":52168},"model":"freeminecraftmodels:08_em_big_ol_bubba/rfleg"},{"predicate":{"custom_model_data":52169},"model":"freeminecraftmodels:08_em_big_ol_bubba/lbleg"},{"predicate":{"custom_model_data":52170},"model":"freeminecraftmodels:08_em_big_ol_bubba/rbleg"},{"predicate":{"custom_model_data":52171},"model":"freeminecraftmodels:08_em_big_ol_bubba/lfleg"},{"predicate":{"custom_model_data":52172},"model":"freeminecraftmodels:08_em_big_ol_bubba/head"},{"predicate":{"custom_model_data":52173},"model":"freeminecraftmodels:08_em_big_ol_bubba/tag_name"},{"predicate":{"custom_model_data":52173},"model":"freeminecraftmodels:08_em_big_ol_bubba/bone"},{"predicate":{"custom_model_data":52174},"model":"freeminecraftmodels:09_em_earth_model/freeminecraftmodels_autogenerated_root"},{"predicate":{"custom_model_data":52174},"model":"freeminecraftmodels:09_em_earth_model/leftarm"},{"predicate":{"custom_model_data":52174},"model":"freeminecraftmodels:09_em_earth_model/rightarm"},{"predicate":{"custom_model_data":52174},"model":"freeminecraftmodels:09_em_earth_model/head"},{"predicate":{"custom_model_data":52175},"model":"freeminecraftmodels:09_em_earth_model/tag_name"},{"predicate":{"custom_model_data":52175},"model":"freeminecraftmodels:09_em_earth_model/body"},{"predicate":{"custom_model_data":52176},"model":"freeminecraftmodels:09_em_earth_model/bone"},{"predicate":{"custom_model_data":52177},"model":"freeminecraftmodels:09_em_earth_model/bone2"},{"predicate":{"custom_model_data":52178},"model":"freeminecraftmodels:10_em_minor_fire_elemental/freeminecraftmodels_autogenerated_root"},{"predicate":{"custom_model_data":52178},"model":"freeminecraftmodels:10_em_minor_fire_elemental/leftarm"},{"predicate":{"custom_model_data":52179},"model":"freeminecraftmodels:10_em_minor_fire_elemental/rightarm"},{"predicate":{"custom_model_data":52180},"model":"freeminecraftmodels:10_em_minor_fire_elemental/tag_head"},{"predicate":{"custom_model_data":52181},"model":"freeminecraftmodels:10_em_minor_fire_elemental/tag_name"},{"predicate":{"custom_model_data":52181},"model":"freeminecraftmodels:10_em_minor_fire_elemental/body"},{"predicate":{"custom_model_data":52182},"model":"freeminecraftmodels:11_em_blood_elemental/freeminecraftmodels_autogenerated_root"},{"predicate":{"custom_model_data":52182},"model":"freeminecraftmodels:11_em_blood_elemental/body"},{"predicate":{"custom_model_data":52182},"model":"freeminecraftmodels:11_em_blood_elemental/lower_body"},{"predicate":{"custom_model_data":52183},"model":"freeminecraftmodels:11_em_blood_elemental/upper_body"},{"predicate":{"custom_model_data":52184},"model":"freeminecraftmodels:11_em_blood_elemental/tag_name"},{"predicate":{"custom_model_data":52184},"model":"freeminecraftmodels:11_em_blood_elemental/tag_h_head"},{"predicate":{"custom_model_data":52185},"model":"freeminecraftmodels:11_em_blood_elemental/right_deco"},{"predicate":{"custom_model_data":52186},"model":"freeminecraftmodels:11_em_blood_elemental/left_deco"},{"predicate":{"custom_model_data":52187},"model":"freeminecraftmodels:11_em_blood_elemental/right_arm"},{"predicate":{"custom_model_data":52188},"model":"freeminecraftmodels:11_em_blood_elemental/right_hand"},{"predicate":{"custom_model_data":52189},"model":"freeminecraftmodels:11_em_blood_elemental/right_finger_three"},{"predicate":{"custom_model_data":52190},"model":"freeminecraftmodels:11_em_blood_elemental/right_finger_two"},{"predicate":{"custom_model_data":52191},"model":"freeminecraftmodels:11_em_blood_elemental/right_finger_one"},{"predicate":{"custom_model_data":52192},"model":"freeminecraftmodels:11_em_blood_elemental/right_thumb"},{"predicate":{"custom_model_data":52193},"model":"freeminecraftmodels:11_em_blood_elemental/left_arm"},{"predicate":{"custom_model_data":52194},"model":"freeminecraftmodels:11_em_blood_elemental/left_hand"},{"predicate":{"custom_model_data":52195},"model":"freeminecraftmodels:11_em_blood_elemental/left_finger_three"},{"predicate":{"custom_model_data":52196},"model":"freeminecraftmodels:11_em_blood_elemental/left_finger_two"},{"predicate":{"custom_model_data":52197},"model":"freeminecraftmodels:11_em_blood_elemental/left_finger_one"},{"predicate":{"custom_model_data":52198},"model":"freeminecraftmodels:11_em_blood_elemental/left_thumb"}]}