{"textures":{"0":"freeminecraftmodels:entity/04_em_minor_ice_elemental/water_elemental_texture","1":"freeminecraftmodels:entity/04_em_minor_ice_elemental/water_elemental_texture_2"},"display":{"head":{"scale":[4.0,4.0,4.0],"translation":[0,-6.4,0]}},"elements":[{"from":[6.6,5.4999995,6.8999996],"to":[9.4,7.5999994,9.9],"faces":{"north":{"uv":[6.0,0.0,6.875,0.6875],"texture":"#0","tintindex":0,"rotation":0},"east":{"uv":[2.0,6.0,2.875,6.6875],"texture":"#0","tintindex":0,"rotation":0},"south":{"uv":[2.875,6.0,3.75,6.6875],"texture":"#0","tintindex":0,"rotation":0},"west":{"uv":[6.125,0.75,7.0,1.4375],"texture":"#0","tintindex":0,"rotation":0},"up":{"uv":[0.875,5.75,0.0,4.875],"texture":"#0","tintindex":0,"rotation":0},"down":{"uv":[6.0,0.0,5.125,0.875],"texture":"#0","tintindex":0,"rotation":0}},"rotation":{"origin":[8.0,1.9999996423721313,8.199999809265137],"angle":0.0,"axis":"x"}},{"from":[6.66,3.8999996,7.16],"to":[9.34,5.0999994,9.639999],"faces":{"north":{"uv":[6.25,2.0,7.0625,2.375],"texture":"#0","tintindex":0,"rotation":0},"east":{"uv":[8.75,1.25,9.5,1.625],"texture":"#0","tintindex":0,"rotation":0},"south":{"uv":[8.5,2.625,9.3125,3.0],"texture":"#0","tintindex":0,"rotation":0},"west":{"uv":[1.75,8.75,2.5,9.125],"texture":"#0","tintindex":0,"rotation":0},"up":{"uv":[6.6875,4.625,5.875,3.875],"texture":"#0","tintindex":0,"rotation":0},"down":{"uv":[6.6875,4.625,5.875,5.375],"texture":"#0","tintindex":0,"rotation":0}},"rotation":{"origin":[8.0,1.9999996423721313,8.199999809265137],"angle":0.0,"axis":"x"}},{"from":[5.2,7.5999994,6.6],"to":[10.8,10.0,10.2],"faces":{"north":{"uv":[1.75,0.0,3.5,0.75],"texture":"#0","tintindex":0,"rotation":0},"east":{"uv":[5.125,0.875,6.125,1.625],"texture":"#0","tintindex":0,"rotation":0},"south":{"uv":[1.75,0.75,3.5,1.5],"texture":"#0","tintindex":0,"rotation":0},"west":{"uv":[5.25,1.625,6.25,2.375],"texture":"#0","tintindex":0,"rotation":0},"up":{"uv":[1.75,1.0,0.0,0.0],"texture":"#0","tintindex":0,"rotation":0},"down":{"uv":[1.75,1.0,0.0,2.0],"texture":"#0","tintindex":0,"rotation":0}},"rotation":{"origin":[8.0,1.9999996423721313,8.199999809265137],"angle":0.0,"axis":"x"}},{"from":[6.7,3.8999996,7.2],"to":[9.3,5.4999995,9.599999],"faces":{"north":{"uv":[1.625,7.375,2.4375,7.875],"texture":"#0","tintindex":0,"rotation":0},"east":{"uv":[7.75,4.625,8.5,5.125],"texture":"#0","tintindex":0,"rotation":0},"south":{"uv":[2.5,7.375,3.3125,7.875],"texture":"#0","tintindex":0,"rotation":0},"west":{"uv":[0.0,7.875,0.75,8.375],"texture":"#0","tintindex":0,"rotation":0},"up":{"uv":[6.6875,3.875,5.875,3.125],"texture":"#0","tintindex":0,"rotation":0},"down":{"uv":[4.5625,5.875,3.75,6.625],"texture":"#0","tintindex":0,"rotation":0}},"rotation":{"origin":[8.0,1.9999996423721313,8.199999809265137],"angle":0.0,"axis":"x"}},{"from":[10.0,5.8999996,7.0],"to":[11.2,7.8999996,9.5],"rotation":{"origin":[8.0,1.9999996423721313,8.199999809265137],"angle":45.0,"axis":"z"},"faces":{"north":{"uv":[7.5,8.875,7.875,9.5],"texture":"#0","tintindex":0,"rotation":0},"east":{"uv":[2.0,6.75,2.8125,7.375],"texture":"#0","tintindex":0,"rotation":0},"south":{"uv":[7.875,8.875,8.25,9.5],"texture":"#0","tintindex":0,"rotation":0},"west":{"uv":[2.875,6.75,3.6875,7.375],"texture":"#0","tintindex":0,"rotation":0},"up":{"uv":[1.375,9.3125,1.0,8.5],"texture":"#0","tintindex":0,"rotation":0},"down":{"uv":[1.75,8.5,1.375,9.3125],"texture":"#0","tintindex":0,"rotation":0}}},{"from":[4.8,5.8999996,7.0],"to":[6.0,7.8999996,9.5],"rotation":{"origin":[8.0,1.9999996423721313,8.199999809265137],"angle":-45.0,"axis":"z"},"faces":{"north":{"uv":[0.0,8.875,0.375,9.5],"texture":"#0","tintindex":0,"rotation":0},"east":{"uv":[3.75,6.625,4.5625,7.25],"texture":"#0","tintindex":0,"rotation":0},"south":{"uv":[3.0,8.875,3.375,9.5],"texture":"#0","tintindex":0,"rotation":0},"west":{"uv":[1.125,6.75,1.9375,7.375],"texture":"#0","tintindex":0,"rotation":0},"up":{"uv":[4.0,9.0625,3.625,8.25],"texture":"#0","tintindex":0,"rotation":0},"down":{"uv":[1.0,8.5,0.625,9.3125],"texture":"#0","tintindex":0,"rotation":0}}},{"from":[14.4,5.7,6.7999997],"to":[15.6,7.3999996,9.599999],"rotation":{"origin":[8.0,1.9999996423721313,8.199999809265137],"angle":45.0,"axis":"z"},"faces":{"north":{"uv":[9.125,0.0,9.5,0.5625],"texture":"#0","tintindex":0,"rotation":0},"east":{"uv":[4.625,6.75,5.5,7.3125],"texture":"#0","tintindex":0,"rotation":0},"south":{"uv":[1.75,9.125,2.125,9.6875],"texture":"#0","tintindex":0,"rotation":0},"west":{"uv":[5.5,6.75,6.375,7.3125],"texture":"#0","tintindex":0,"rotation":0},"up":{"uv":[4.5,8.625,4.125,7.75],"texture":"#0","tintindex":0,"rotation":0},"down":{"uv":[2.375,7.875,2.0,8.75],"texture":"#0","tintindex":0,"rotation":0}}},{"from":[0.4000001,5.7,6.7999997],"to":[1.5999999,7.3999996,9.599999],"rotation":{"origin":[8.0,1.9999996423721313,8.199999809265137],"angle":-45.0,"axis":"z"},"faces":{"north":{"uv":[2.125,9.125,2.5,9.6875],"texture":"#0","tintindex":0,"rotation":0},"east":{"uv":[6.375,6.75,7.25,7.3125],"texture":"#0","tintindex":0,"rotation":0},"south":{"uv":[3.375,9.125,3.75,9.6875],"texture":"#0","tintindex":0,"rotation":0},"west":{"uv":[6.875,0.0,7.75,0.5625],"texture":"#0","tintindex":0,"rotation":0},"up":{"uv":[2.75,8.75,2.375,7.875],"texture":"#0","tintindex":0,"rotation":0},"down":{"uv":[3.125,7.875,2.75,8.75],"texture":"#0","tintindex":0,"rotation":0}}},{"from":[6.4,9.9,6.7999997],"to":[9.6,11.3,9.7],"faces":{"north":{"uv":[6.75,4.875,7.75,5.3125],"texture":"#0","tintindex":0,"rotation":0},"east":{"uv":[7.125,7.5,8.0,7.9375],"texture":"#0","tintindex":0,"rotation":0},"south":{"uv":[7.25,6.5,8.25,6.9375],"texture":"#0","tintindex":0,"rotation":0},"west":{"uv":[7.625,5.375,8.5,5.8125],"texture":"#0","tintindex":0,"rotation":0},"up":{"uv":[4.75,4.125,3.75,3.25],"texture":"#0","tintindex":0,"rotation":0},"down":{"uv":[1.0,4.0,0.0,4.875],"texture":"#0","tintindex":0,"rotation":0}},"rotation":{"origin":[8.0,1.9999996423721313,8.199999809265137],"angle":0.0,"axis":"x"}},{"from":[8.0,10.0,5.6],"to":[8.0,12.1,10.4],"faces":{"north":{"uv":[0.0,0.0,0.0,0.6875],"texture":"#0","tintindex":0,"rotation":0},"east":{"uv":[2.25,3.5,3.75,4.1875],"texture":"#0","tintindex":0,"rotation":0},"south":{"uv":[0.0,0.0,0.0,0.6875],"texture":"#0","tintindex":0,"rotation":0},"west":{"uv":[3.75,2.5,5.25,3.1875],"texture":"#0","tintindex":0,"rotation":0},"up":{"uv":[0.0,1.5,0.0,0.0],"texture":"#0","tintindex":0,"rotation":0},"down":{"uv":[0.0,0.0,0.0,1.5],"texture":"#0","tintindex":0,"rotation":0}},"rotation":{"origin":[8.0,1.9999996423721313,8.199999809265137],"angle":0.0,"axis":"x"}}]}