{"textures":{"0":"freeminecraftmodels:entity/em_goblin_treasure/em_goblin_treasure_main","1":"freeminecraftmodels:entity/em_goblin_treasure/em_goblin_treasure_extra","2":"freeminecraftmodels:entity/em_goblin_treasure/em_goblin_treasure_treasure"},"display":{"head":{"scale":[4.0,4.0,4.0],"translation":[0,-6.4,0]}},"elements":[{"from":[7.5999994,7.4,7.6],"to":[8.4,8.6,8.4],"faces":{"north":{"uv":[0.0,13.0,1.0,14.5],"texture":"#0","tintindex":0,"rotation":0},"east":{"uv":[13.0,0.0,14.0,1.5],"texture":"#0","tintindex":0,"rotation":0},"south":{"uv":[1.0,13.0,2.0,14.5],"texture":"#0","tintindex":0,"rotation":0},"west":{"uv":[13.0,1.5,14.0,3.0],"texture":"#0","tintindex":0,"rotation":0},"up":{"uv":[14.0,14.0,13.0,13.0],"texture":"#0","tintindex":0,"rotation":0},"down":{"uv":[3.0,13.5,2.0,14.5],"texture":"#0","tintindex":0,"rotation":0}},"rotation":{"origin":[7.995999526977539,7.400000095367432,8.0],"angle":0.0,"axis":"x"}}]}