{"textures":{"0":"freeminecraftmodels:entity/em_goblin_treasure/em_goblin_treasure_main","1":"freeminecraftmodels:entity/em_goblin_treasure/em_goblin_treasure_extra","2":"freeminecraftmodels:entity/em_goblin_treasure/em_goblin_treasure_treasure"},"display":{"head":{"scale":[4.0,4.0,4.0],"translation":[0,-6.4,0]}},"elements":[{"from":[6.7999997,7.5999994,7.6],"to":[9.2,8.4,8.4],"faces":{"north":{"uv":[11.0,4.0,14.0,5.0],"texture":"#0","tintindex":0,"rotation":0},"east":{"uv":[5.0,13.0,6.0,14.0],"texture":"#0","tintindex":0,"rotation":0},"south":{"uv":[7.0,11.5,10.0,12.5],"texture":"#0","tintindex":0,"rotation":0},"west":{"uv":[6.0,13.0,7.0,14.0],"texture":"#0","tintindex":0,"rotation":0},"up":{"uv":[15.0,6.0,12.0,5.0],"texture":"#0","tintindex":0,"rotation":0},"down":{"uv":[15.0,6.0,12.0,7.0],"texture":"#0","tintindex":0,"rotation":0}},"rotation":{"origin":[9.199999618530274,7.999999618530273,8.0],"angle":0.0,"axis":"x"}}]}