{"textures":{"0":"freeminecraftmodels:entity/em_goblin_weapon/em_goblin_weapon_main","1":"freeminecraftmodels:entity/em_goblin_weapon/em_goblin_weapon_extra","2":"freeminecraftmodels:entity/em_goblin_weapon/em_goblin_weapon_weapon"},"display":{"head":{"scale":[4.0,4.0,4.0],"translation":[0,-6.4,0]}},"elements":[{"from":[8.0,5.6000004,5.8],"to":[8.0,10.4,10.200001],"rotation":{"origin":[8.00040054321289,7.600000286102295,7.800000286102295],"angle":22.5,"axis":"y"},"faces":{"north":{"uv":[0.0,0.0,0.0,5.5],"texture":"#2","tintindex":0,"rotation":0},"east":{"uv":[14.0,5.5,8.5,11.5],"texture":"#2","tintindex":0,"rotation":0},"south":{"uv":[0.0,0.0,0.0,5.5],"texture":"#2","tintindex":0,"rotation":0},"west":{"uv":[8.5,5.5,14.0,11.5],"texture":"#2","tintindex":0,"rotation":0},"up":{"uv":[0.0,4.5,0.0,0.0],"texture":"#2","tintindex":0,"rotation":0},"down":{"uv":[0.0,0.0,0.0,4.5],"texture":"#2","tintindex":0,"rotation":0}}}]}