{"textures":{"0":"freeminecraftmodels:entity/em_goblin_weapon/em_goblin_weapon_main","1":"freeminecraftmodels:entity/em_goblin_weapon/em_goblin_weapon_extra","2":"freeminecraftmodels:entity/em_goblin_weapon/em_goblin_weapon_weapon"},"display":{"head":{"scale":[4.0,4.0,4.0],"translation":[0,-6.4,0]}},"elements":[{"from":[6.3996,6.8,7.2],"to":[9.6004,9.200001,9.599999],"faces":{"north":{"uv":[0.0,0.5,4.0,3.5],"texture":"#0","tintindex":0,"rotation":0},"east":{"uv":[4.0,6.5,7.0,9.5],"texture":"#0","tintindex":0,"rotation":0},"south":{"uv":[0.0,3.5,4.0,7.0],"texture":"#0","tintindex":0,"rotation":0},"west":{"uv":[0.0,7.5,3.0,10.5],"texture":"#0","tintindex":0,"rotation":0},"up":{"uv":[8.0,3.0,4.0,0.5],"texture":"#0","tintindex":0,"rotation":0},"down":{"uv":[8.0,3.0,4.0,6.0],"texture":"#0","tintindex":0,"rotation":0}},"rotation":{"origin":[7.2,6.800000190734863,8.399999618530273],"angle":0.0,"axis":"x"}},{"from":[7.6,7.2000003,6.3999996],"to":[8.4,8.4,7.2],"faces":{"north":{"uv":[3.0,7.0,4.0,8.5],"texture":"#0","tintindex":0,"rotation":0},"east":{"uv":[2.0,10.5,3.0,12.0],"texture":"#0","tintindex":0,"rotation":0},"south":{"uv":[2.0,12.0,3.0,13.5],"texture":"#0","tintindex":0,"rotation":0},"west":{"uv":[12.0,11.0,13.0,12.5],"texture":"#0","tintindex":0,"rotation":0},"up":{"uv":[4.0,9.5,3.0,8.5],"texture":"#0","tintindex":0,"rotation":0},"down":{"uv":[4.0,13.0,3.0,14.0],"texture":"#0","tintindex":0,"rotation":0}},"rotation":{"origin":[7.2,6.800000190734863,5.999999618530273],"angle":0.0,"axis":"x"}},{"from":[4.8,7.2000003,7.9999995],"to":[6.4,9.200001,7.9999995],"rotation":{"origin":[6.4,8.000000190734863,7.999999618530273],"angle":45.0,"axis":"y"},"faces":{"north":{"uv":[10.0,5.5,12.0,8.0],"texture":"#0","tintindex":0,"rotation":0},"east":{"uv":[0.0,0.0,0.0,2.5],"texture":"#0","tintindex":0,"rotation":0},"south":{"uv":[12.0,5.5,10.0,8.0],"texture":"#0","tintindex":0,"rotation":0},"west":{"uv":[0.0,0.0,0.0,2.5],"texture":"#0","tintindex":0,"rotation":0},"up":{"uv":[2.0,0.0,0.0,0.0],"texture":"#0","tintindex":0,"rotation":0},"down":{"uv":[2.0,0.0,0.0,0.0],"texture":"#0","tintindex":0,"rotation":0}}},{"from":[9.6,7.2000003,7.9999995],"to":[11.2,9.200001,7.9999995],"rotation":{"origin":[9.6,8.000000190734863,7.999999618530273],"angle":-45.0,"axis":"y"},"faces":{"north":{"uv":[0.0,10.5,2.0,13.0],"texture":"#0","tintindex":0,"rotation":0},"east":{"uv":[0.0,0.0,0.0,2.5],"texture":"#0","tintindex":0,"rotation":0},"south":{"uv":[2.0,10.5,0.0,13.0],"texture":"#0","tintindex":0,"rotation":0},"west":{"uv":[0.0,0.0,0.0,2.5],"texture":"#0","tintindex":0,"rotation":0},"up":{"uv":[2.0,0.0,0.0,0.0],"texture":"#0","tintindex":0,"rotation":0},"down":{"uv":[2.0,0.0,0.0,0.0],"texture":"#0","tintindex":0,"rotation":0}}}]}