{"textures":{"0":"freeminecraftmodels:entity/em_goblin_weapon/em_goblin_weapon_main","1":"freeminecraftmodels:entity/em_goblin_weapon/em_goblin_weapon_extra","2":"freeminecraftmodels:entity/em_goblin_weapon/em_goblin_weapon_weapon"},"display":{"head":{"scale":[4.0,4.0,4.0],"translation":[0,-6.4,0]}},"elements":[{"from":[5.2,5.0,8.0],"to":[10.8,11.0,8.0],"faces":{"north":{"uv":[9.0,0.0,2.0,7.5],"texture":"#2","tintindex":0,"rotation":0},"east":{"uv":[0.0,0.0,0.0,5.5],"texture":"#2","tintindex":0,"rotation":0},"south":{"uv":[2.0,0.0,9.0,7.5],"texture":"#2","tintindex":0,"rotation":0},"west":{"uv":[0.0,0.0,0.0,5.5],"texture":"#2","tintindex":0,"rotation":0},"up":{"uv":[4.5,0.0,0.0,0.0],"texture":"#2","tintindex":0,"rotation":0},"down":{"uv":[4.5,0.0,0.0,0.0],"texture":"#2","tintindex":0,"rotation":0}},"rotation":{"origin":[6.0,8.200000095367432,7.999999809265137],"angle":0.0,"axis":"x"}}]}