{"textures":{"0":"freeminecraftmodels:entity/em_goblin_charms/em_goblin_main","1":"freeminecraftmodels:entity/em_goblin_charms/em_goblin_extra","2":"freeminecraftmodels:entity/em_goblin_charms/em_goblin_charm"},"display":{"head":{"scale":[4.0,4.0,4.0],"translation":[0,-6.4,0]}},"elements":[{"from":[8.0,5.5999994,5.8],"to":[8.0,10.4,10.200001],"rotation":{"origin":[8.400400161743164,7.199999618530274,9.000000190734863],"angle":-22.5,"axis":"z"},"faces":{"north":{"uv":[0.0,0.0,0.0,5.5],"texture":"#2","tintindex":0,"rotation":0},"east":{"uv":[14.0,0.0,8.5,6.0],"texture":"#2","tintindex":0,"rotation":0},"south":{"uv":[0.0,0.0,0.0,5.5],"texture":"#2","tintindex":0,"rotation":0},"west":{"uv":[8.5,0.0,14.0,6.0],"texture":"#2","tintindex":0,"rotation":0},"up":{"uv":[0.0,4.5,0.0,0.0],"texture":"#2","tintindex":0,"rotation":0},"down":{"uv":[0.0,0.0,0.0,4.5],"texture":"#2","tintindex":0,"rotation":0}}}]}