{"textures":{"0":"freeminecraftmodels:entity/em_goblin_charms/em_goblin_main","1":"freeminecraftmodels:entity/em_goblin_charms/em_goblin_extra","2":"freeminecraftmodels:entity/em_goblin_charms/em_goblin_charm"},"display":{"head":{"scale":[4.0,4.0,4.0],"translation":[0,-6.4,0]}},"elements":[{"from":[7.8,9.6,7.4],"to":[8.6,10.799999,8.6],"faces":{"north":{"uv":[1.0,14.0,2.0,15.5],"texture":"#2","tintindex":0,"rotation":0},"east":{"uv":[1.0,12.5,2.5,14.0],"texture":"#2","tintindex":0,"rotation":0},"south":{"uv":[2.0,14.0,3.0,15.5],"texture":"#2","tintindex":0,"rotation":0},"west":{"uv":[1.0,11.0,2.5,12.5],"texture":"#2","tintindex":0,"rotation":0},"up":{"uv":[2.5,12.5,3.5,14.0],"texture":"#2","tintindex":0,"rotation":0},"down":{"uv":[2.5,11.0,3.5,12.5],"texture":"#2","tintindex":0,"rotation":0}},"rotation":{"origin":[7.800000190734863,11.199999809265137,7.8],"angle":0.0,"axis":"x"}},{"from":[7.8,5.6,7.8],"to":[8.200001,9.6,8.2],"faces":{"north":{"uv":[0.0,6.0,0.5,11.0],"texture":"#2","tintindex":0,"rotation":0},"east":{"uv":[0.0,11.0,0.5,16.0],"texture":"#2","tintindex":0,"rotation":0},"south":{"uv":[0.0,0.0,0.5,5.0],"texture":"#2","tintindex":0,"rotation":0},"west":{"uv":[0.5,11.0,1.0,16.0],"texture":"#2","tintindex":0,"rotation":0},"up":{"uv":[1.5,0.0,2.0,0.5],"texture":"#2","tintindex":0,"rotation":0},"down":{"uv":[2.0,0.0,2.5,0.5],"texture":"#2","tintindex":0,"rotation":0}},"rotation":{"origin":[7.800000190734863,8.799999809265136,7.8],"angle":0.0,"axis":"x"}},{"from":[7.4,5.2,8.1],"to":[8.200001,6.0,8.1],"faces":{"north":{"uv":[1.0,6.0,2.0,7.0],"texture":"#2","tintindex":0,"rotation":0},"east":{"uv":[0.0,0.0,0.0,1.0],"texture":"#2","tintindex":0,"rotation":0},"south":{"uv":[2.0,6.0,1.0,7.0],"texture":"#2","tintindex":0,"rotation":0},"west":{"uv":[0.0,0.0,0.0,1.0],"texture":"#2","tintindex":0,"rotation":0},"up":{"uv":[0.0,0.0,1.0,0.0],"texture":"#2","tintindex":0,"rotation":0},"down":{"uv":[0.0,0.0,1.0,0.0],"texture":"#2","tintindex":0,"rotation":0}},"rotation":{"origin":[7.800000190734863,8.399999809265136,7.7],"angle":0.0,"axis":"x"}}]}