{"textures":{"0":"freeminecraftmodels:entity/10_em_minor_fire_elemental/texture"},"display":{"head":{"scale":[4.0,4.0,4.0],"translation":[0,-6.4,0]}},"elements":[{"from":[6.6,6.5999994,6.5],"to":[9.4,9.0,9.5],"faces":{"north":{"uv":[5.125,4.375,6.0,5.125],"texture":"#0","tintindex":0,"rotation":0},"east":{"uv":[5.125,1.5,6.0625,2.25],"texture":"#0","tintindex":0,"rotation":0},"south":{"uv":[5.125,5.125,6.0,5.875],"texture":"#0","tintindex":0,"rotation":0},"west":{"uv":[5.125,3.625,6.0625,4.375],"texture":"#0","tintindex":0,"rotation":0},"up":{"uv":[5.25,3.5625,4.375,2.625],"texture":"#0","tintindex":0,"rotation":0},"down":{"uv":[3.875,4.375,3.0,5.3125],"texture":"#0","tintindex":0,"rotation":0}},"rotation":{"origin":[8.0,3.3999996185302734,7.799999713897705],"angle":0.0,"axis":"x"}},{"from":[6.66,3.2999997,6.7599998],"to":[9.34,4.4999995,9.24],"faces":{"north":{"uv":[8.125,1.375,8.9375,1.75],"texture":"#0","tintindex":0,"rotation":0},"east":{"uv":[8.125,5.875,8.875,6.25],"texture":"#0","tintindex":0,"rotation":0},"south":{"uv":[8.125,5.5,8.9375,5.875],"texture":"#0","tintindex":0,"rotation":0},"west":{"uv":[8.25,6.25,9.0,6.625],"texture":"#0","tintindex":0,"rotation":0},"up":{"uv":[3.4375,6.125,2.625,5.375],"texture":"#0","tintindex":0,"rotation":0},"down":{"uv":[6.3125,0.0,5.5,0.75],"texture":"#0","tintindex":0,"rotation":0}},"rotation":{"origin":[8.0,3.3999996185302734,7.799999713897705],"angle":0.0,"axis":"x"}},{"from":[5.2,9.0,6.2],"to":[10.8,11.4,9.799999],"faces":{"north":{"uv":[1.75,0.0,3.5,0.75],"texture":"#0","tintindex":0,"rotation":0},"east":{"uv":[4.375,0.0,5.5,0.75],"texture":"#0","tintindex":0,"rotation":0},"south":{"uv":[1.75,0.75,3.5,1.5],"texture":"#0","tintindex":0,"rotation":0},"west":{"uv":[4.375,0.75,5.5,1.5],"texture":"#0","tintindex":0,"rotation":0},"up":{"uv":[1.75,1.125,0.0,0.0],"texture":"#0","tintindex":0,"rotation":0},"down":{"uv":[1.75,1.125,0.0,2.25],"texture":"#0","tintindex":0,"rotation":0}},"rotation":{"origin":[8.0,3.3999996185302734,7.799999713897705],"angle":0.0,"axis":"x"}},{"from":[6.9,3.2999997,6.7999997],"to":[9.1,6.8999996,9.2],"faces":{"north":{"uv":[4.375,3.625,5.0625,4.75],"texture":"#0","tintindex":0,"rotation":0},"east":{"uv":[0.0,4.25,0.75,5.375],"texture":"#0","tintindex":0,"rotation":0},"south":{"uv":[4.375,4.75,5.0625,5.875],"texture":"#0","tintindex":0,"rotation":0},"west":{"uv":[4.375,1.5,5.125,2.625],"texture":"#0","tintindex":0,"rotation":0},"up":{"uv":[6.4375,6.625,5.75,5.875],"texture":"#0","tintindex":0,"rotation":0},"down":{"uv":[6.6875,4.375,6.0,5.125],"texture":"#0","tintindex":0,"rotation":0}},"rotation":{"origin":[8.0,3.3999996185302734,7.799999713897705],"angle":0.0,"axis":"x"}},{"from":[10.0,7.2999997,6.5999994],"to":[11.2,9.299999,9.099999],"rotation":{"origin":[8.0,3.3999996185302734,7.799999713897705],"angle":45.0,"axis":"z"},"faces":{"north":{"uv":[1.25,8.5,1.625,9.125],"texture":"#0","tintindex":0,"rotation":0},"east":{"uv":[0.875,6.125,1.6875,6.75],"texture":"#0","tintindex":0,"rotation":0},"south":{"uv":[1.625,8.5,2.0,9.125],"texture":"#0","tintindex":0,"rotation":0},"west":{"uv":[6.125,1.25,6.9375,1.875],"texture":"#0","tintindex":0,"rotation":0},"up":{"uv":[4.25,8.9375,3.875,8.125],"texture":"#0","tintindex":0,"rotation":0},"down":{"uv":[4.625,8.125,4.25,8.9375],"texture":"#0","tintindex":0,"rotation":0}}},{"from":[4.8,7.2999997,6.5999994],"to":[6.0,9.299999,9.099999],"rotation":{"origin":[8.0,3.3999996185302734,7.799999713897705],"angle":-45.0,"axis":"z"},"faces":{"north":{"uv":[3.5,0.875,3.875,1.5],"texture":"#0","tintindex":0,"rotation":0},"east":{"uv":[6.0,5.125,6.8125,5.75],"texture":"#0","tintindex":0,"rotation":0},"south":{"uv":[0.875,8.5,1.25,9.125],"texture":"#0","tintindex":0,"rotation":0},"west":{"uv":[0.0,6.125,0.8125,6.75],"texture":"#0","tintindex":0,"rotation":0},"up":{"uv":[3.875,8.8125,3.5,8.0],"texture":"#0","tintindex":0,"rotation":0},"down":{"uv":[8.5,0.5,8.125,1.3125],"texture":"#0","tintindex":0,"rotation":0}}},{"from":[14.4,7.0999994,6.3999996],"to":[15.6,8.799999,9.2],"rotation":{"origin":[8.0,3.3999996185302734,7.799999713897705],"angle":45.0,"axis":"z"},"faces":{"north":{"uv":[2.875,8.5,3.25,9.0625],"texture":"#0","tintindex":0,"rotation":0},"east":{"uv":[6.375,0.0,7.25,0.5625],"texture":"#0","tintindex":0,"rotation":0},"south":{"uv":[8.625,1.75,9.0,2.3125],"texture":"#0","tintindex":0,"rotation":0},"west":{"uv":[2.75,6.375,3.625,6.9375],"texture":"#0","tintindex":0,"rotation":0},"up":{"uv":[3.875,0.875,3.5,0.0],"texture":"#0","tintindex":0,"rotation":0},"down":{"uv":[3.375,3.5,3.0,4.375],"texture":"#0","tintindex":0,"rotation":0}}},{"from":[0.4000001,7.0999994,6.3999996],"to":[1.5999999,8.799999,9.2],"rotation":{"origin":[8.0,3.3999996185302734,7.799999713897705],"angle":-45.0,"axis":"z"},"faces":{"north":{"uv":[8.625,2.375,9.0,2.9375],"texture":"#0","tintindex":0,"rotation":0},"east":{"uv":[6.375,2.875,7.25,3.4375],"texture":"#0","tintindex":0,"rotation":0},"south":{"uv":[8.625,3.0,9.0,3.5625],"texture":"#0","tintindex":0,"rotation":0},"west":{"uv":[3.625,6.375,4.5,6.9375],"texture":"#0","tintindex":0,"rotation":0},"up":{"uv":[8.0,7.75,7.625,6.875],"texture":"#0","tintindex":0,"rotation":0},"down":{"uv":[8.125,1.0,7.75,1.875],"texture":"#0","tintindex":0,"rotation":0}}},{"from":[6.4,11.299999,6.3999996],"to":[9.6,12.7,9.299999],"faces":{"north":{"uv":[6.875,5.25,7.875,5.6875],"texture":"#0","tintindex":0,"rotation":0},"east":{"uv":[4.375,7.125,5.3125,7.5625],"texture":"#0","tintindex":0,"rotation":0},"south":{"uv":[2.5,7.0,3.5,7.4375],"texture":"#0","tintindex":0,"rotation":0},"west":{"uv":[7.125,5.75,8.0625,6.1875],"texture":"#0","tintindex":0,"rotation":0},"up":{"uv":[3.875,2.4375,2.875,1.5],"texture":"#0","tintindex":0,"rotation":0},"down":{"uv":[1.0,3.25,0.0,4.1875],"texture":"#0","tintindex":0,"rotation":0}},"rotation":{"origin":[8.0,3.3999996185302734,7.799999713897705],"angle":0.0,"axis":"x"}}]}