{"textures":{"0":"freeminecraftmodels:entity/10_em_minor_fire_elemental/texture"},"display":{"head":{"scale":[4.0,4.0,4.0],"translation":[0,-6.4,0]}},"elements":[{"from":[6.0,6.0,7.2],"to":[7.6,12.0,8.8],"faces":{"north":{"uv":[2.5,3.5,3.0,5.375],"texture":"#0","tintindex":0,"rotation":0},"east":{"uv":[3.875,0.0,4.375,1.875],"texture":"#0","tintindex":0,"rotation":0},"south":{"uv":[3.875,1.875,4.375,3.75],"texture":"#0","tintindex":0,"rotation":0},"west":{"uv":[3.875,3.75,4.375,5.625],"texture":"#0","tintindex":0,"rotation":0},"up":{"uv":[8.5,8.875,8.0,8.375],"texture":"#0","tintindex":0,"rotation":0},"down":{"uv":[9.0,0.5,8.5,1.0],"texture":"#0","tintindex":0,"rotation":0}},"rotation":{"origin":[10.699999809265137,4.800000190734863,8.0],"angle":0.0,"axis":"x"}},{"from":[9.099999,10.8,7.2],"to":[11.099999,13.2,8.8],"rotation":{"origin":[10.699999809265137,4.800000190734863,8.0],"angle":22.5,"axis":"z"},"faces":{"north":{"uv":[6.5,5.75,7.125,6.5],"texture":"#0","tintindex":0,"rotation":0},"east":{"uv":[1.5,7.25,2.0,8.0],"texture":"#0","tintindex":0,"rotation":0},"south":{"uv":[6.5,6.5,7.125,7.25],"texture":"#0","tintindex":0,"rotation":0},"west":{"uv":[2.0,7.25,2.5,8.0],"texture":"#0","tintindex":0,"rotation":0},"up":{"uv":[8.625,0.5,8.0,0.0],"texture":"#0","tintindex":0,"rotation":0},"down":{"uv":[1.625,8.0,1.0,8.5],"texture":"#0","tintindex":0,"rotation":0}}},{"from":[5.62,7.7000003,7.02],"to":[7.9799995,9.3,8.98],"faces":{"north":{"uv":[0.0,7.375,0.75,7.875],"texture":"#0","tintindex":0,"rotation":0},"east":{"uv":[2.25,8.0,2.875,8.5],"texture":"#0","tintindex":0,"rotation":0},"south":{"uv":[7.375,0.5,8.125,1.0],"texture":"#0","tintindex":0,"rotation":0},"west":{"uv":[8.0,2.375,8.625,2.875],"texture":"#0","tintindex":0,"rotation":0},"up":{"uv":[6.5,7.25,5.75,6.625],"texture":"#0","tintindex":0,"rotation":0},"down":{"uv":[0.75,6.75,0.0,7.375],"texture":"#0","tintindex":0,"rotation":0}},"rotation":{"origin":[10.699999809265137,4.800000190734863,8.0],"angle":0.0,"axis":"x"}},{"from":[5.62,9.3,7.02],"to":[7.9799995,10.9,8.98],"faces":{"north":{"uv":[4.0,7.625,4.75,8.125],"texture":"#0","tintindex":0,"rotation":0},"east":{"uv":[8.0,7.375,8.625,7.875],"texture":"#0","tintindex":0,"rotation":0},"south":{"uv":[7.625,4.5,8.375,5.0],"texture":"#0","tintindex":0,"rotation":0},"west":{"uv":[8.0,7.875,8.625,8.375],"texture":"#0","tintindex":0,"rotation":0},"up":{"uv":[7.625,5.25,6.875,4.625],"texture":"#0","tintindex":0,"rotation":0},"down":{"uv":[7.75,1.25,7.0,1.875],"texture":"#0","tintindex":0,"rotation":0}},"rotation":{"origin":[10.699999809265137,4.800000190734863,8.0],"angle":0.0,"axis":"x"}},{"from":[4.8999996,4.0,6.8],"to":[7.6,5.6000004,9.2],"rotation":{"origin":[10.699999809265137,4.800000190734863,8.0],"angle":-22.5,"axis":"z"},"faces":{"north":{"uv":[7.125,2.375,8.0,2.875],"texture":"#0","tintindex":0,"rotation":0},"east":{"uv":[0.75,7.375,1.5,7.875],"texture":"#0","tintindex":0,"rotation":0},"south":{"uv":[7.125,3.5,8.0,4.0],"texture":"#0","tintindex":0,"rotation":0},"west":{"uv":[2.5,7.5,3.25,8.0],"texture":"#0","tintindex":0,"rotation":0},"up":{"uv":[1.75,6.125,0.875,5.375],"texture":"#0","tintindex":0,"rotation":0},"down":{"uv":[2.625,5.375,1.75,6.125],"texture":"#0","tintindex":0,"rotation":0}}},{"from":[5.0,4.8,6.4],"to":[8.299999,6.4,9.6],"faces":{"north":{"uv":[3.5,5.875,4.5625,6.375],"texture":"#0","tintindex":0,"rotation":0},"east":{"uv":[6.125,2.375,7.125,2.875],"texture":"#0","tintindex":0,"rotation":0},"south":{"uv":[4.625,5.875,5.6875,6.375],"texture":"#0","tintindex":0,"rotation":0},"west":{"uv":[6.125,3.5,7.125,4.0],"texture":"#0","tintindex":0,"rotation":0},"up":{"uv":[2.1875,3.5,1.125,2.5],"texture":"#0","tintindex":0,"rotation":0},"down":{"uv":[3.3125,2.5,2.25,3.5],"texture":"#0","tintindex":0,"rotation":0}},"rotation":{"origin":[10.699999809265137,4.800000190734863,8.0],"angle":0.0,"axis":"x"}},{"from":[5.9199996,2.8000002,6.6],"to":[7.16,3.6000001,9.4],"rotation":{"origin":[10.699999809265137,4.800000190734863,8.0],"angle":-22.5,"axis":"z"},"faces":{"north":{"uv":[3.125,6.125,3.5,6.375],"texture":"#0","tintindex":0,"rotation":0},"east":{"uv":[8.5,4.875,9.375,5.125],"texture":"#0","tintindex":0,"rotation":0},"south":{"uv":[6.125,4.0,6.5,4.25],"texture":"#0","tintindex":0,"rotation":0},"west":{"uv":[8.5,5.125,9.375,5.375],"texture":"#0","tintindex":0,"rotation":0},"up":{"uv":[7.25,8.625,6.875,7.75],"texture":"#0","tintindex":0,"rotation":0},"down":{"uv":[7.625,7.75,7.25,8.625],"texture":"#0","tintindex":0,"rotation":0}}},{"from":[6.7999997,5.9,6.6],"to":[8.0,6.7000003,9.4],"rotation":{"origin":[10.699999809265137,4.800000190734863,8.0],"angle":22.5,"axis":"z"},"faces":{"north":{"uv":[7.375,1.0,7.75,1.25],"texture":"#0","tintindex":0,"rotation":0},"east":{"uv":[8.5,8.375,9.375,8.625],"texture":"#0","tintindex":0,"rotation":0},"south":{"uv":[8.625,0.25,9.0,0.5],"texture":"#0","tintindex":0,"rotation":0},"west":{"uv":[8.625,0.0,9.5,0.25],"texture":"#0","tintindex":0,"rotation":0},"up":{"uv":[8.0,8.625,7.625,7.75],"texture":"#0","tintindex":0,"rotation":0},"down":{"uv":[0.375,7.875,0.0,8.75],"texture":"#0","tintindex":0,"rotation":0}}}]}