{"textures":{"0":"freeminecraftmodels:entity/10_em_minor_fire_elemental/texture"},"display":{"head":{"scale":[4.0,4.0,4.0],"translation":[0,-6.4,0]}},"elements":[{"from":[8.0199995,5.9,6.6],"to":[9.26,6.7000003,9.4],"rotation":{"origin":[5.299999713897705,4.800000190734863,8.0],"angle":-22.5,"axis":"z"},"faces":{"north":{"uv":[5.5,1.25,5.875,1.5],"texture":"#0","tintindex":0,"rotation":0},"east":{"uv":[8.5,1.0,9.375,1.25],"texture":"#0","tintindex":0,"rotation":0},"south":{"uv":[2.75,6.125,3.125,6.375],"texture":"#0","tintindex":0,"rotation":0},"west":{"uv":[2.0,8.5,2.875,8.75],"texture":"#0","tintindex":0,"rotation":0},"up":{"uv":[6.5,8.625,6.125,7.75],"texture":"#0","tintindex":0,"rotation":0},"down":{"uv":[6.875,7.75,6.5,8.625],"texture":"#0","tintindex":0,"rotation":0}}},{"from":[8.9,2.8000002,6.6],"to":[10.1,3.6000001,9.4],"rotation":{"origin":[5.299999713897705,4.800000190734863,8.0],"angle":22.5,"axis":"z"},"faces":{"north":{"uv":[1.125,2.25,1.5,2.5],"texture":"#0","tintindex":0,"rotation":0},"east":{"uv":[3.5,5.625,4.375,5.875],"texture":"#0","tintindex":0,"rotation":0},"south":{"uv":[3.5,5.375,3.875,5.625],"texture":"#0","tintindex":0,"rotation":0},"west":{"uv":[8.25,6.625,9.125,6.875],"texture":"#0","tintindex":0,"rotation":0},"up":{"uv":[5.75,8.625,5.375,7.75],"texture":"#0","tintindex":0,"rotation":0},"down":{"uv":[6.125,7.75,5.75,8.625],"texture":"#0","tintindex":0,"rotation":0}}},{"from":[7.7,4.8,6.4],"to":[11.0,6.4,9.6],"faces":{"north":{"uv":[5.25,3.0,6.3125,3.5],"texture":"#0","tintindex":0,"rotation":0},"east":{"uv":[1.75,6.125,2.75,6.625],"texture":"#0","tintindex":0,"rotation":0},"south":{"uv":[5.5,0.75,6.5625,1.25],"texture":"#0","tintindex":0,"rotation":0},"west":{"uv":[6.125,1.875,7.125,2.375],"texture":"#0","tintindex":0,"rotation":0},"up":{"uv":[2.8125,2.5,1.75,1.5],"texture":"#0","tintindex":0,"rotation":0},"down":{"uv":[1.0625,2.25,0.0,3.25],"texture":"#0","tintindex":0,"rotation":0}},"rotation":{"origin":[5.299999713897705,4.800000190734863,8.0],"angle":0.0,"axis":"x"}},{"from":[8.4,4.0,6.8],"to":[11.1,5.6000004,9.2],"rotation":{"origin":[5.299999713897705,4.800000190734863,8.0],"angle":22.5,"axis":"z"},"faces":{"north":{"uv":[3.5,7.0,4.375,7.5],"texture":"#0","tintindex":0,"rotation":0},"east":{"uv":[7.25,0.0,8.0,0.5],"texture":"#0","tintindex":0,"rotation":0},"south":{"uv":[7.125,1.875,8.0,2.375],"texture":"#0","tintindex":0,"rotation":0},"west":{"uv":[7.25,2.875,8.0,3.375],"texture":"#0","tintindex":0,"rotation":0},"up":{"uv":[6.125,3.0,5.25,2.25],"texture":"#0","tintindex":0,"rotation":0},"down":{"uv":[0.875,5.375,0.0,6.125],"texture":"#0","tintindex":0,"rotation":0}}},{"from":[8.0199995,7.7000003,7.02],"to":[10.379999,9.3,8.98],"faces":{"north":{"uv":[5.375,7.25,6.125,7.75],"texture":"#0","tintindex":0,"rotation":0},"east":{"uv":[1.625,8.0,2.25,8.5],"texture":"#0","tintindex":0,"rotation":0},"south":{"uv":[6.125,7.25,6.875,7.75],"texture":"#0","tintindex":0,"rotation":0},"west":{"uv":[8.0,1.875,8.625,2.375],"texture":"#0","tintindex":0,"rotation":0},"up":{"uv":[7.375,1.25,6.625,0.625],"texture":"#0","tintindex":0,"rotation":0},"down":{"uv":[2.5,6.625,1.75,7.25],"texture":"#0","tintindex":0,"rotation":0}},"rotation":{"origin":[5.299999713897705,4.800000190734863,8.0],"angle":0.0,"axis":"x"}},{"from":[8.0199995,9.3,7.02],"to":[10.379999,10.9,8.98],"faces":{"north":{"uv":[3.25,7.5,4.0,8.0],"texture":"#0","tintindex":0,"rotation":0},"east":{"uv":[8.0,3.375,8.625,3.875],"texture":"#0","tintindex":0,"rotation":0},"south":{"uv":[7.5,4.0,8.25,4.5],"texture":"#0","tintindex":0,"rotation":0},"west":{"uv":[8.0,6.875,8.625,7.375],"texture":"#0","tintindex":0,"rotation":0},"up":{"uv":[1.5,7.375,0.75,6.75],"texture":"#0","tintindex":0,"rotation":0},"down":{"uv":[7.5,4.0,6.75,4.625],"texture":"#0","tintindex":0,"rotation":0}},"rotation":{"origin":[5.299999713897705,4.800000190734863,8.0],"angle":0.0,"axis":"x"}},{"from":[8.4,6.0,7.2],"to":[10.0,12.0,8.8],"faces":{"north":{"uv":[3.375,2.5,3.875,4.375],"texture":"#0","tintindex":0,"rotation":0},"east":{"uv":[1.0,3.5,1.5,5.375],"texture":"#0","tintindex":0,"rotation":0},"south":{"uv":[1.5,3.5,2.0,5.375],"texture":"#0","tintindex":0,"rotation":0},"west":{"uv":[2.0,3.5,2.5,5.375],"texture":"#0","tintindex":0,"rotation":0},"up":{"uv":[0.875,8.875,0.375,8.375],"texture":"#0","tintindex":0,"rotation":0},"down":{"uv":[8.875,4.375,8.375,4.875],"texture":"#0","tintindex":0,"rotation":0}},"rotation":{"origin":[5.299999713897705,4.800000190734863,8.0],"angle":0.0,"axis":"x"}},{"from":[4.8999996,10.8,7.2],"to":[6.8999996,13.2,8.8],"rotation":{"origin":[5.299999713897705,4.800000190734863,8.0],"angle":-22.5,"axis":"z"},"faces":{"north":{"uv":[4.5,6.375,5.125,7.125],"texture":"#0","tintindex":0,"rotation":0},"east":{"uv":[7.125,6.25,7.625,7.0],"texture":"#0","tintindex":0,"rotation":0},"south":{"uv":[5.125,6.375,5.75,7.125],"texture":"#0","tintindex":0,"rotation":0},"west":{"uv":[7.125,7.0,7.625,7.75],"texture":"#0","tintindex":0,"rotation":0},"up":{"uv":[1.0,8.375,0.375,7.875],"texture":"#0","tintindex":0,"rotation":0},"down":{"uv":[8.5,5.0,7.875,5.5],"texture":"#0","tintindex":0,"rotation":0}}}]}