{"textures":{"0":"freeminecraftmodels:entity/em_goblin_coins/em_goblin_coins_main","1":"freeminecraftmodels:entity/em_goblin_coins/em_goblin_coins_extra","2":"freeminecraftmodels:entity/em_goblin_coins/em_goblin_coins_weapon"},"display":{"head":{"scale":[4.0,4.0,4.0],"translation":[0,-6.4,0]}},"elements":[{"from":[6.8,6.8,8.0],"to":[9.200001,9.2,8.0],"faces":{"north":{"uv":[9.0,0.0,2.0,7.5],"texture":"#2","tintindex":0,"rotation":0},"east":{"uv":[0.0,0.0,0.0,5.5],"texture":"#2","tintindex":0,"rotation":0},"south":{"uv":[2.0,0.0,9.0,7.5],"texture":"#2","tintindex":0,"rotation":0},"west":{"uv":[0.0,0.0,0.0,5.5],"texture":"#2","tintindex":0,"rotation":0},"up":{"uv":[4.5,0.0,0.0,0.0],"texture":"#2","tintindex":0,"rotation":0},"down":{"uv":[4.5,0.0,0.0,0.0],"texture":"#2","tintindex":0,"rotation":0}},"rotation":{"origin":[7.600000381469727,9.600000143051147,7.999999904632569],"angle":0.0,"axis":"x"}}]}