{"textures":{"0":"freeminecraftmodels:entity/em_goblin_coins/em_goblin_coins_main","1":"freeminecraftmodels:entity/em_goblin_coins/em_goblin_coins_extra","2":"freeminecraftmodels:entity/em_goblin_coins/em_goblin_coins_weapon"},"display":{"head":{"scale":[4.0,4.0,4.0],"translation":[0,-6.4,0]}},"elements":[{"from":[7.8,9.0,7.4],"to":[8.6,10.2,8.6],"faces":{"north":{"uv":[1.0,14.0,2.0,15.5],"texture":"#2","tintindex":0,"rotation":0},"east":{"uv":[1.0,12.5,2.5,14.0],"texture":"#2","tintindex":0,"rotation":0},"south":{"uv":[2.0,14.0,3.0,15.5],"texture":"#2","tintindex":0,"rotation":0},"west":{"uv":[1.0,11.0,2.5,12.5],"texture":"#2","tintindex":0,"rotation":0},"up":{"uv":[2.5,12.5,3.5,14.0],"texture":"#2","tintindex":0,"rotation":0},"down":{"uv":[2.5,11.0,3.5,12.5],"texture":"#2","tintindex":0,"rotation":0}},"rotation":{"origin":[7.800000190734863,10.599999904632568,7.8],"angle":0.0,"axis":"x"}},{"from":[7.8,5.0,7.8],"to":[8.200001,9.0,8.2],"faces":{"north":{"uv":[0.0,6.0,0.5,11.0],"texture":"#2","tintindex":0,"rotation":0},"east":{"uv":[0.0,11.0,0.5,16.0],"texture":"#2","tintindex":0,"rotation":0},"south":{"uv":[0.0,0.0,0.5,5.0],"texture":"#2","tintindex":0,"rotation":0},"west":{"uv":[0.5,11.0,1.0,16.0],"texture":"#2","tintindex":0,"rotation":0},"up":{"uv":[1.5,0.0,2.0,0.5],"texture":"#2","tintindex":0,"rotation":0},"down":{"uv":[2.0,0.0,2.5,0.5],"texture":"#2","tintindex":0,"rotation":0}},"rotation":{"origin":[7.800000190734863,8.199999904632568,7.8],"angle":0.0,"axis":"x"}},{"from":[7.4,4.6,8.1],"to":[8.200001,5.4,8.1],"faces":{"north":{"uv":[1.0,6.0,2.0,7.0],"texture":"#2","tintindex":0,"rotation":0},"east":{"uv":[0.0,0.0,0.0,1.0],"texture":"#2","tintindex":0,"rotation":0},"south":{"uv":[2.0,6.0,1.0,7.0],"texture":"#2","tintindex":0,"rotation":0},"west":{"uv":[0.0,0.0,0.0,1.0],"texture":"#2","tintindex":0,"rotation":0},"up":{"uv":[0.0,0.0,1.0,0.0],"texture":"#2","tintindex":0,"rotation":0},"down":{"uv":[0.0,0.0,1.0,0.0],"texture":"#2","tintindex":0,"rotation":0}},"rotation":{"origin":[7.800000190734863,7.7999999046325685,7.7],"angle":0.0,"axis":"x"}},{"from":[8.200001,9.4,6.6],"to":[8.200001,11.4,9.4],"faces":{"north":{"uv":[0.0,0.0,0.0,2.5],"texture":"#2","tintindex":0,"rotation":0},"east":{"uv":[12.5,13.5,16.0,16.0],"texture":"#2","tintindex":0,"rotation":0},"south":{"uv":[0.0,0.0,0.0,2.5],"texture":"#2","tintindex":0,"rotation":0},"west":{"uv":[16.0,13.5,12.5,16.0],"texture":"#2","tintindex":0,"rotation":0},"up":{"uv":[0.0,0.0,0.0,3.5],"texture":"#2","tintindex":0,"rotation":0},"down":{"uv":[0.0,0.0,0.0,3.5],"texture":"#2","tintindex":0,"rotation":0}},"rotation":{"origin":[7.800000190734863,9.799999904632568,7.8],"angle":0.0,"axis":"x"}}]}