{"textures":{"0":"freeminecraftmodels:entity/03_em_quartz_elemental/amethyst_block","1":"freeminecraftmodels:entity/03_em_quartz_elemental/amethyst_cluster","2":"freeminecraftmodels:entity/03_em_quartz_elemental/budding_amethyst"},"display":{"head":{"scale":[4.0,4.0,4.0],"translation":[0,-6.4,0]}},"elements":[{"from":[7.2,4.8,7.2000003],"to":[10.4,8.0,10.4],"faces":{"north":{"uv":[0.0,0.0,8.0,8.0],"texture":"#0","tintindex":0,"rotation":0},"east":{"uv":[0.0,8.0,8.0,16.0],"texture":"#0","tintindex":0,"rotation":0},"south":{"uv":[4.0,4.0,12.0,12.0],"texture":"#2","tintindex":0,"rotation":0},"west":{"uv":[8.0,8.0,16.0,16.0],"texture":"#0","tintindex":0,"rotation":0},"up":{"uv":[8.0,0.0,16.0,8.0],"texture":"#0","tintindex":0,"rotation":0},"down":{"uv":[0.0,0.0,8.0,8.0],"texture":"#0","tintindex":0,"rotation":0}},"rotation":{"origin":[9.199999809265137,-7.199999809265137,6.400000095367432],"angle":0.0,"axis":"x"}},{"from":[7.2,8.0,5.6],"to":[10.4,11.2,8.8],"faces":{"north":{"uv":[0.0,0.0,1.0,1.0],"texture":"#1","tintindex":0,"rotation":0},"east":{"uv":[0.0,0.0,1.0,1.0],"texture":"#1","tintindex":0,"rotation":0},"south":{"uv":[0.0,0.0,16.0,16.0],"texture":"#1","tintindex":0,"rotation":0},"west":{"uv":[0.0,0.0,1.0,1.0],"texture":"#1","tintindex":0,"rotation":0},"up":{"uv":[0.0,0.0,1.0,1.0],"texture":"#1","tintindex":0,"rotation":0},"down":{"uv":[0.0,0.0,1.0,1.0],"texture":"#1","tintindex":0,"rotation":0}},"rotation":{"origin":[9.199999809265137,-7.199999809265137,6.400000095367432],"angle":0.0,"axis":"x"}},{"from":[5.6,8.0,7.2000003],"to":[8.8,11.2,10.4],"faces":{"north":{"uv":[0.0,0.0,1.0,1.0],"texture":"#1","tintindex":0,"rotation":0},"east":{"uv":[0.0,0.0,16.0,16.0],"texture":"#1","tintindex":0,"rotation":0},"south":{"uv":[0.0,0.0,1.0,1.0],"texture":"#1","tintindex":0,"rotation":0},"west":{"uv":[0.0,0.0,1.0,1.0],"texture":"#1","tintindex":0,"rotation":0},"up":{"uv":[0.0,0.0,1.0,1.0],"texture":"#1","tintindex":0,"rotation":0},"down":{"uv":[0.0,0.0,1.0,1.0],"texture":"#1","tintindex":0,"rotation":0}},"rotation":{"origin":[9.199999809265137,-7.199999809265137,6.400000095367432],"angle":0.0,"axis":"x"}}]}