{"textures":{"0":"freeminecraftmodels:entity/06_em_corrupted_advisor/texture"},"display":{"head":{"scale":[4.0,4.0,4.0],"translation":[0,-6.4,0]}},"elements":[{"from":[4.8,2.4000015,5.0],"to":[11.2,8.800001,11.4],"faces":{"north":{"uv":[4.0,0.0,6.0,2.0],"texture":"#0","tintindex":0,"rotation":0},"east":{"uv":[0.0,4.5,2.0,6.5],"texture":"#0","tintindex":0,"rotation":0},"south":{"uv":[2.0,4.5,4.0,6.5],"texture":"#0","tintindex":0,"rotation":0},"west":{"uv":[4.0,4.5,6.0,6.5],"texture":"#0","tintindex":0,"rotation":0},"up":{"uv":[7.5,4.0,5.5,2.0],"texture":"#0","tintindex":0,"rotation":0},"down":{"uv":[8.0,0.0,6.0,2.0],"texture":"#0","tintindex":0,"rotation":0}},"rotation":{"origin":[8.0,-16.799999237060547,8.199999809265137],"angle":0.0,"axis":"x"}},{"from":[4.8,8.800001,5.0],"to":[11.2,11.200001,11.4],"faces":{"north":{"uv":[0.0,10.75,2.0,11.5],"texture":"#0","tintindex":0,"rotation":0},"east":{"uv":[2.0,10.75,4.0,11.5],"texture":"#0","tintindex":0,"rotation":0},"south":{"uv":[11.0,0.0,13.0,0.75],"texture":"#0","tintindex":0,"rotation":0},"west":{"uv":[11.0,0.75,13.0,1.5],"texture":"#0","tintindex":0,"rotation":0},"up":{"uv":[8.0,6.0,6.0,4.0],"texture":"#0","tintindex":0,"rotation":0},"down":{"uv":[8.0,6.0,6.0,8.0],"texture":"#0","tintindex":0,"rotation":0}},"rotation":{"origin":[8.0,-16.799999237060547,8.199999809265137],"angle":0.0,"axis":"x"}},{"from":[6.8,10.0,5.3999996],"to":[9.2,13.6,11.0],"faces":{"north":{"uv":[10.0,11.75,10.75,12.875],"texture":"#0","tintindex":0,"rotation":0},"east":{"uv":[10.0,6.5,11.75,7.625],"texture":"#0","tintindex":0,"rotation":0},"south":{"uv":[12.0,4.5,12.75,5.625],"texture":"#0","tintindex":0,"rotation":0},"west":{"uv":[10.0,7.625,11.75,8.75],"texture":"#0","tintindex":0,"rotation":0},"up":{"uv":[4.75,12.5,4.0,10.75],"texture":"#0","tintindex":0,"rotation":0},"down":{"uv":[6.75,11.0,6.0,12.75],"texture":"#0","tintindex":0,"rotation":0}},"rotation":{"origin":[8.0,-16.799999237060547,8.199999809265137],"angle":0.0,"axis":"x"}},{"from":[6.0,10.400002,5.7999997],"to":[10.0,12.0,10.6],"faces":{"north":{"uv":[12.25,10.0,13.5,10.5],"texture":"#0","tintindex":0,"rotation":0},"east":{"uv":[12.0,5.625,13.5,6.125],"texture":"#0","tintindex":0,"rotation":0},"south":{"uv":[12.25,10.5,13.5,11.0],"texture":"#0","tintindex":0,"rotation":0},"west":{"uv":[7.75,12.0,9.25,12.5],"texture":"#0","tintindex":0,"rotation":0},"up":{"uv":[11.25,10.25,10.0,8.75],"texture":"#0","tintindex":0,"rotation":0},"down":{"uv":[11.25,10.25,10.0,11.75],"texture":"#0","tintindex":0,"rotation":0}},"rotation":{"origin":[8.0,-16.799999237060547,8.199999809265137],"angle":0.0,"axis":"x"}},{"from":[7.6,8.800001,4.6],"to":[8.4,9.6,5.0],"faces":{"north":{"uv":[8.25,12.5,8.5,12.75],"texture":"#0","tintindex":0,"rotation":0},"east":{"uv":[8.75,12.5,8.875,12.75],"texture":"#0","tintindex":0,"rotation":0},"south":{"uv":[8.5,12.5,8.75,12.75],"texture":"#0","tintindex":0,"rotation":0},"west":{"uv":[8.875,12.5,9.0,12.75],"texture":"#0","tintindex":0,"rotation":0},"up":{"uv":[12.75,6.5,12.5,6.375],"texture":"#0","tintindex":0,"rotation":0},"down":{"uv":[9.25,12.5,9.0,12.625],"texture":"#0","tintindex":0,"rotation":0}},"rotation":{"origin":[8.0,-16.799999237060547,8.199999809265137],"angle":0.0,"axis":"x"}}]}