{
  "sources": [
    {
      "type": "directory",
      "source": "entity",
      "prefix": "entity/"
    },
    {
      "type": "directory",
      "source": "items",
      "prefix": "items/"
    },
    {
      "type": "directory",
      "source": "blocks",
      "prefix": "blocks/"
    },
    {
      "type": "directory",
      "source": "primis_map",
      "prefix": "primis_map/"
    },
    {
      "source": "ui",
      "prefix": "ui/",
      "type": "directory"
    },
    {
      "source": "gui",
      "prefix": "gui/",
      "type": "directory"
    }
  ]
}