{"textures":{"0":"freeminecraftmodels:entity/em_goblin_armor/em_goblin_armor_main","1":"freeminecraftmodels:entity/em_goblin_armor/em_goblin_armor_extra","2":"freeminecraftmodels:entity/em_goblin_armor/em_goblin_armor_armor","3":"freeminecraftmodels:entity/em_goblin_armor/em_goblin_armor_extra_2"},"display":{"head":{"scale":[4.0,4.0,4.0],"translation":[0,-6.4,0]}},"elements":[{"from":[8.0,5.6,9.0],"to":[8.0,10.4,9.799999],"rotation":{"origin":[8.000000381469727,6.800000000000001,8.999999904632569],"angle":22.5,"axis":"y"},"faces":{"north":{"uv":[0.0,0.0,0.0,6.0],"texture":"#3","tintindex":0,"rotation":0},"east":{"uv":[3.5,0.0,2.5,6.0],"texture":"#3","tintindex":0,"rotation":0},"south":{"uv":[0.0,0.0,0.0,6.0],"texture":"#3","tintindex":0,"rotation":0},"west":{"uv":[2.5,0.0,3.5,6.0],"texture":"#3","tintindex":0,"rotation":0},"up":{"uv":[0.0,0.0,0.0,1.0],"texture":"#3","tintindex":0,"rotation":0},"down":{"uv":[0.0,0.0,0.0,1.0],"texture":"#3","tintindex":0,"rotation":0}}},{"from":[8.0,5.6,6.2],"to":[8.0,10.4,7.0],"rotation":{"origin":[8.000000381469727,6.800000000000001,6.999999904632569],"angle":-22.5,"axis":"y"},"faces":{"north":{"uv":[0.0,0.0,0.0,6.0],"texture":"#3","tintindex":0,"rotation":0},"east":{"uv":[4.5,0.0,3.5,6.0],"texture":"#3","tintindex":0,"rotation":0},"south":{"uv":[0.0,0.0,0.0,6.0],"texture":"#3","tintindex":0,"rotation":0},"west":{"uv":[3.5,0.0,4.5,6.0],"texture":"#3","tintindex":0,"rotation":0},"up":{"uv":[0.0,0.0,0.0,1.0],"texture":"#3","tintindex":0,"rotation":0},"down":{"uv":[0.0,0.0,0.0,1.0],"texture":"#3","tintindex":0,"rotation":0}}},{"from":[8.0,5.6,7.0],"to":[8.0,10.4,9.0],"faces":{"north":{"uv":[0.0,0.0,0.0,6.0],"texture":"#3","tintindex":0,"rotation":0},"east":{"uv":[2.5,0.0,0.0,6.0],"texture":"#3","tintindex":0,"rotation":0},"south":{"uv":[0.0,0.0,0.0,6.0],"texture":"#3","tintindex":0,"rotation":0},"west":{"uv":[0.0,0.0,2.5,6.0],"texture":"#3","tintindex":0,"rotation":0},"up":{"uv":[0.0,0.0,0.0,2.5],"texture":"#3","tintindex":0,"rotation":0},"down":{"uv":[0.0,0.0,0.0,2.5],"texture":"#3","tintindex":0,"rotation":0}},"rotation":{"origin":[8.000000381469727,6.800000000000001,7.7999999046325685],"angle":0.0,"axis":"x"}}]}