{"textures":{"0":"freeminecraftmodels:entity/em_goblin_armor/em_goblin_armor_main","1":"freeminecraftmodels:entity/em_goblin_armor/em_goblin_armor_extra","2":"freeminecraftmodels:entity/em_goblin_armor/em_goblin_armor_armor","3":"freeminecraftmodels:entity/em_goblin_armor/em_goblin_armor_extra_2"},"display":{"head":{"scale":[4.0,4.0,4.0],"translation":[0,-6.4,0]}},"elements":[{"from":[6.4,6.4,5.6],"to":[6.8,7.6000004,7.2000003],"faces":{"north":{"uv":[5.3333,8.3333,5.6667,9.3333],"texture":"#1","tintindex":0,"rotation":0},"east":{"uv":[0.0,11.0,1.3333,12.0],"texture":"#1","tintindex":0,"rotation":0},"south":{"uv":[5.6667,8.3333,6.0,9.3333],"texture":"#1","tintindex":0,"rotation":0},"west":{"uv":[11.3333,7.6667,12.6667,8.6667],"texture":"#1","tintindex":0,"rotation":0},"up":{"uv":[0.3333,13.3333,0.0,12.0],"texture":"#1","tintindex":0,"rotation":0},"down":{"uv":[0.6667,12.0,0.3333,13.3333],"texture":"#1","tintindex":0,"rotation":0}},"rotation":{"origin":[8.4,6.800000143051148,4.800000095367432],"angle":0.0,"axis":"x"}},{"from":[6.0,5.6000004,7.2000003],"to":[10.0,7.2,9.6],"faces":{"north":{"uv":[6.6667,1.6667,10.0,3.0],"texture":"#1","tintindex":0,"rotation":0},"east":{"uv":[5.3333,9.3333,7.3333,10.6667],"texture":"#1","tintindex":0,"rotation":0},"south":{"uv":[6.6667,3.0,10.0,4.3333],"texture":"#1","tintindex":0,"rotation":0},"west":{"uv":[0.0,9.6667,2.0,11.0],"texture":"#1","tintindex":0,"rotation":0},"up":{"uv":[3.3333,6.6667,0.0,4.6667],"texture":"#1","tintindex":0,"rotation":0},"down":{"uv":[6.6667,4.6667,3.3333,6.6667],"texture":"#1","tintindex":0,"rotation":0}},"rotation":{"origin":[8.0,6.800000143051148,7.2000000953674315],"angle":0.0,"axis":"x"}},{"from":[6.0,4.8,7.2000003],"to":[10.0,5.6000004,10.0],"faces":{"north":{"uv":[10.0,1.0,13.3333,1.6667],"texture":"#1","tintindex":0,"rotation":0},"east":{"uv":[10.6667,10.0,13.0,10.6667],"texture":"#1","tintindex":0,"rotation":0},"south":{"uv":[10.0,1.6667,13.3333,2.3333],"texture":"#1","tintindex":0,"rotation":0},"west":{"uv":[11.3333,5.6667,13.6667,6.3333],"texture":"#1","tintindex":0,"rotation":0},"up":{"uv":[3.3333,2.3333,0.0,0.0],"texture":"#1","tintindex":0,"rotation":0},"down":{"uv":[3.3333,2.3333,0.0,4.6667],"texture":"#1","tintindex":0,"rotation":0}},"rotation":{"origin":[8.0,4.400000143051147,7.2000000953674315],"angle":0.0,"axis":"x"}},{"from":[5.6,5.6000004,8.0],"to":[6.0,6.8,9.2],"faces":{"north":{"uv":[4.6667,9.6667,5.0,10.6667],"texture":"#1","tintindex":0,"rotation":0},"east":{"uv":[3.0,11.6667,4.0,12.6667],"texture":"#1","tintindex":0,"rotation":0},"south":{"uv":[5.0,9.6667,5.3333,10.6667],"texture":"#1","tintindex":0,"rotation":0},"west":{"uv":[11.6667,6.3333,12.6667,7.3333],"texture":"#1","tintindex":0,"rotation":0},"up":{"uv":[9.6667,13.0,9.3333,12.0],"texture":"#1","tintindex":0,"rotation":0},"down":{"uv":[10.0,12.0,9.6667,13.0],"texture":"#1","tintindex":0,"rotation":0}},"rotation":{"origin":[4.0,6.800000143051148,7.2000000953674315],"angle":0.0,"axis":"x"}},{"from":[6.4,4.4,7.2000003],"to":[9.6,4.8,9.2],"faces":{"north":{"uv":[11.3333,9.6667,14.0,10.0],"texture":"#1","tintindex":0,"rotation":0},"east":{"uv":[6.0,12.0,7.6667,12.3333],"texture":"#1","tintindex":0,"rotation":0},"south":{"uv":[12.0,4.3333,14.6667,4.6667],"texture":"#1","tintindex":0,"rotation":0},"west":{"uv":[7.6667,12.0,9.3333,12.3333],"texture":"#1","tintindex":0,"rotation":0},"up":{"uv":[6.0,8.3333,3.3333,6.6667],"texture":"#1","tintindex":0,"rotation":0},"down":{"uv":[9.3333,4.3333,6.6667,6.0],"texture":"#1","tintindex":0,"rotation":0}},"rotation":{"origin":[8.0,4.000000143051148,7.2000000953674315],"angle":0.0,"axis":"x"}},{"from":[9.2,6.4,5.6],"to":[9.6,7.6000004,7.2000003],"faces":{"north":{"uv":[10.0,12.0,10.3333,13.0],"texture":"#1","tintindex":0,"rotation":0},"east":{"uv":[11.3333,8.6667,12.6667,9.6667],"texture":"#1","tintindex":0,"rotation":0},"south":{"uv":[10.3333,12.0,10.6667,13.0],"texture":"#1","tintindex":0,"rotation":0},"west":{"uv":[11.3333,10.6667,12.6667,11.6667],"texture":"#1","tintindex":0,"rotation":0},"up":{"uv":[1.0,13.3333,0.6667,12.0],"texture":"#1","tintindex":0,"rotation":0},"down":{"uv":[1.3333,12.0,1.0,13.3333],"texture":"#1","tintindex":0,"rotation":0}},"rotation":{"origin":[11.2,6.800000143051148,4.800000095367432],"angle":0.0,"axis":"x"}},{"from":[10.0,5.6000004,8.0],"to":[10.4,6.8,9.2],"faces":{"north":{"uv":[10.6667,12.0,11.0,13.0],"texture":"#1","tintindex":0,"rotation":0},"east":{"uv":[11.6667,6.6667,12.6667,7.6667],"texture":"#1","tintindex":0,"rotation":0},"south":{"uv":[11.0,12.0,11.3333,13.0],"texture":"#1","tintindex":0,"rotation":0},"west":{"uv":[11.3333,11.6667,12.3333,12.6667],"texture":"#1","tintindex":0,"rotation":0},"up":{"uv":[1.6667,13.3333,1.3333,12.3333],"texture":"#1","tintindex":0,"rotation":0},"down":{"uv":[2.0,12.3333,1.6667,13.3333],"texture":"#1","tintindex":0,"rotation":0}},"rotation":{"origin":[8.4,6.800000143051148,7.2000000953674315],"angle":0.0,"axis":"x"}},{"from":[6.0,7.2,7.2000003],"to":[10.0,8.0,10.0],"faces":{"north":{"uv":[10.0,2.3333,13.3333,3.0],"texture":"#1","tintindex":0,"rotation":0},"east":{"uv":[11.3333,6.3333,13.6667,7.0],"texture":"#1","tintindex":0,"rotation":0},"south":{"uv":[10.0,3.0,13.3333,3.6667],"texture":"#1","tintindex":0,"rotation":0},"west":{"uv":[11.3333,7.0,13.6667,7.6667],"texture":"#1","tintindex":0,"rotation":0},"up":{"uv":[6.6667,2.3333,3.3333,0.0],"texture":"#1","tintindex":0,"rotation":0},"down":{"uv":[6.6667,2.3333,3.3333,4.6667],"texture":"#1","tintindex":0,"rotation":0}},"rotation":{"origin":[8.0,6.800000143051148,7.2000000953674315],"angle":0.0,"axis":"x"}},{"from":[6.4,5.6000004,9.6],"to":[9.6,6.8,10.0],"faces":{"north":{"uv":[2.0,9.6667,4.6667,10.6667],"texture":"#1","tintindex":0,"rotation":0},"east":{"uv":[2.0,12.3333,2.3333,13.3333],"texture":"#1","tintindex":0,"rotation":0},"south":{"uv":[10.3333,1.6667,13.0,2.6667],"texture":"#1","tintindex":0,"rotation":0},"west":{"uv":[2.3333,12.3333,2.6667,13.3333],"texture":"#1","tintindex":0,"rotation":0},"up":{"uv":[14.6667,5.0,12.0,4.6667],"texture":"#1","tintindex":0,"rotation":0},"down":{"uv":[14.6667,5.0,12.0,5.3333],"texture":"#1","tintindex":0,"rotation":0}},"rotation":{"origin":[8.0,7.200000143051147,9.600000095367431],"angle":0.0,"axis":"x"}},{"from":[6.8,7.6000004,9.2],"to":[9.2,8.8,9.6],"faces":{"north":{"uv":[2.0,10.6667,4.0,11.6667],"texture":"#1","tintindex":0,"rotation":0},"east":{"uv":[2.6667,12.3333,3.0,13.3333],"texture":"#1","tintindex":0,"rotation":0},"south":{"uv":[10.6667,3.0,12.6667,4.0],"texture":"#1","tintindex":0,"rotation":0},"west":{"uv":[6.0,12.3333,6.3333,13.3333],"texture":"#1","tintindex":0,"rotation":0},"up":{"uv":[11.3333,6.0,9.3333,5.6667],"texture":"#1","tintindex":0,"rotation":0},"down":{"uv":[14.0,5.3333,12.0,5.6667],"texture":"#1","tintindex":0,"rotation":0}},"rotation":{"origin":[8.0,9.200000143051149,9.200000095367432],"angle":0.0,"axis":"x"}},{"from":[6.4,7.6000004,7.6000004],"to":[9.6,9.2,9.2],"faces":{"north":{"uv":[6.0,6.6667,8.6667,8.0],"texture":"#1","tintindex":0,"rotation":0},"east":{"uv":[6.0,10.6667,7.3333,12.0],"texture":"#1","tintindex":0,"rotation":0},"south":{"uv":[6.0,8.0,8.6667,9.3333],"texture":"#1","tintindex":0,"rotation":0},"west":{"uv":[7.3333,10.6667,8.6667,12.0],"texture":"#1","tintindex":0,"rotation":0},"up":{"uv":[2.6667,9.6667,0.0,8.3333],"texture":"#1","tintindex":0,"rotation":0},"down":{"uv":[5.3333,8.3333,2.6667,9.6667],"texture":"#1","tintindex":0,"rotation":0}},"rotation":{"origin":[8.0,9.200000143051149,7.2000000953674315],"angle":0.0,"axis":"x"}},{"from":[6.0,9.2,7.6000004],"to":[10.0,10.0,9.6],"faces":{"north":{"uv":[10.0,3.6667,13.3333,4.3333],"texture":"#1","tintindex":0,"rotation":0},"east":{"uv":[6.6667,6.0,8.3333,6.6667],"texture":"#1","tintindex":0,"rotation":0},"south":{"uv":[7.3333,10.0,10.6667,10.6667],"texture":"#1","tintindex":0,"rotation":0},"west":{"uv":[1.3333,11.6667,3.0,12.3333],"texture":"#1","tintindex":0,"rotation":0},"up":{"uv":[3.3333,8.3333,0.0,6.6667],"texture":"#1","tintindex":0,"rotation":0},"down":{"uv":[10.0,0.0,6.6667,1.6667],"texture":"#1","tintindex":0,"rotation":0}},"rotation":{"origin":[8.0,8.800000143051147,7.2000000953674315],"angle":0.0,"axis":"x"}},{"from":[6.4004,10.0,8.8],"to":[9.5996,11.6,10.4],"rotation":{"origin":[8.0,11.600000143051147,8.400000095367432],"angle":45.0,"axis":"x"},"faces":{"north":{"uv":[8.6667,6.0,11.3333,7.3333],"texture":"#1","tintindex":0,"rotation":0},"east":{"uv":[8.6667,10.6667,10.0,12.0],"texture":"#1","tintindex":0,"rotation":0},"south":{"uv":[8.6667,7.3333,11.3333,8.6667],"texture":"#1","tintindex":0,"rotation":0},"west":{"uv":[10.0,10.6667,11.3333,12.0],"texture":"#1","tintindex":0,"rotation":0},"up":{"uv":[11.3333,10.0,8.6667,8.6667],"texture":"#1","tintindex":0,"rotation":0},"down":{"uv":[12.0,4.3333,9.3333,5.6667],"texture":"#1","tintindex":0,"rotation":0}}},{"from":[6.4,5.6000004,10.0],"to":[9.6,6.8,10.0],"rotation":{"origin":[8.0,6.800000143051148,10.000000095367431],"angle":-22.5,"axis":"x"},"faces":{"north":{"uv":[10.0,0.0,12.6667,1.0],"texture":"#1","tintindex":0,"rotation":0},"east":{"uv":[0.0,0.0,0.0,1.0],"texture":"#1","tintindex":0,"rotation":0},"south":{"uv":[10.0,0.0,12.6667,1.0],"texture":"#1","tintindex":0,"rotation":0},"west":{"uv":[0.0,0.0,0.0,1.0],"texture":"#1","tintindex":0,"rotation":0},"up":{"uv":[0.0,0.0,2.6667,0.0],"texture":"#1","tintindex":0,"rotation":0},"down":{"uv":[0.0,0.0,2.6667,0.0],"texture":"#1","tintindex":0,"rotation":0}}},{"from":[6.8,8.0,9.6],"to":[9.2,8.8,9.6],"rotation":{"origin":[8.0,8.800000143051147,9.600000095367431],"angle":-22.5,"axis":"x"},"faces":{"north":{"uv":[4.0,10.6667,6.0,11.3333],"texture":"#1","tintindex":0,"rotation":0},"east":{"uv":[0.0,0.0,0.0,0.6667],"texture":"#1","tintindex":0,"rotation":0},"south":{"uv":[4.0,10.6667,6.0,11.3333],"texture":"#1","tintindex":0,"rotation":0},"west":{"uv":[0.0,0.0,0.0,0.6667],"texture":"#1","tintindex":0,"rotation":0},"up":{"uv":[0.0,0.0,2.0,0.0],"texture":"#1","tintindex":0,"rotation":0},"down":{"uv":[0.0,0.0,2.0,0.0],"texture":"#1","tintindex":0,"rotation":0}}},{"from":[5.6,6.0,8.0],"to":[5.6,6.8,9.2],"rotation":{"origin":[5.6,6.800000143051148,8.400000095367432],"angle":-22.5,"axis":"z"},"faces":{"north":{"uv":[0.0,0.0,0.0,0.6667],"texture":"#1","tintindex":0,"rotation":0},"east":{"uv":[5.0,12.0,6.0,12.6667],"texture":"#1","tintindex":0,"rotation":0},"south":{"uv":[10.0,0.0,10.0,0.6667],"texture":"#1","tintindex":0,"rotation":0},"west":{"uv":[5.0,12.0,6.0,12.6667],"texture":"#1","tintindex":0,"rotation":0},"up":{"uv":[0.0,0.0,0.0,1.0],"texture":"#1","tintindex":0,"rotation":0},"down":{"uv":[0.0,0.0,0.0,1.0],"texture":"#1","tintindex":0,"rotation":0}}},{"from":[10.4,6.0,8.0],"to":[10.4,6.8,9.2],"rotation":{"origin":[10.4,6.800000143051148,8.400000095367432],"angle":22.5,"axis":"z"},"faces":{"north":{"uv":[0.0,0.0,0.0,0.6667],"texture":"#1","tintindex":0,"rotation":0},"east":{"uv":[5.0,12.0,4.0,12.6667],"texture":"#1","tintindex":0,"rotation":0},"south":{"uv":[10.0,0.0,10.0,0.6667],"texture":"#1","tintindex":0,"rotation":0},"west":{"uv":[5.0,12.0,4.0,12.6667],"texture":"#1","tintindex":0,"rotation":0},"up":{"uv":[0.0,0.0,0.0,1.0],"texture":"#1","tintindex":0,"rotation":0},"down":{"uv":[0.0,0.0,0.0,1.0],"texture":"#1","tintindex":0,"rotation":0}}}]}