{"textures":{"0":"freeminecraftmodels:entity/em_goblin_armor/em_goblin_armor_main","1":"freeminecraftmodels:entity/em_goblin_armor/em_goblin_armor_extra","2":"freeminecraftmodels:entity/em_goblin_armor/em_goblin_armor_armor","3":"freeminecraftmodels:entity/em_goblin_armor/em_goblin_armor_extra_2"},"display":{"head":{"scale":[4.0,4.0,4.0],"translation":[0,-6.4,0]}},"elements":[{"from":[7.4,7.0,7.0],"to":[8.6,9.0,9.0],"faces":{"north":{"uv":[8.5,5.5,10.0,8.0],"texture":"#2","tintindex":0,"rotation":0},"east":{"uv":[7.0,8.0,9.5,10.5],"texture":"#2","tintindex":0,"rotation":0},"south":{"uv":[0.0,8.0,1.5,10.5],"texture":"#2","tintindex":0,"rotation":0},"west":{"uv":[4.5,8.0,7.0,10.5],"texture":"#2","tintindex":0,"rotation":0},"up":{"uv":[3.0,8.0,4.5,10.5],"texture":"#2","tintindex":0,"rotation":0},"down":{"uv":[1.5,8.0,3.0,10.5],"texture":"#2","tintindex":0,"rotation":0}},"rotation":{"origin":[7.400000095367432,8.600000095367431,8.600000190734864],"angle":0.0,"axis":"x"}}]}