{
    "parent": "item/handheld",
    "textures": {
        "layer0": "item/diamond_sword"
    },
    
    "overrides": [
        {"predicate": {"custom_model_data":1}, "model": "elitemobs:items/bronze_leggings"},
        {"predicate": {"custom_model_data":2}, "model": "elitemobs:items/palladium_leggings"},
        {"predicate": {"custom_model_data":3}, "model": "elitemobs:items/corrupted_leggings"},
        {"predicate": {"custom_model_data":4}, "model": "elitemobs:items/living_leggings"},
        {"predicate": {"custom_model_data":5}, "model": "elitemobs:items/ultimatium_leggings"}

    ]
}