{
    "parent": "item/handheld",
    "textures": {
        "layer0": "item/diamond_axe"
    },
    
    "overrides": [
        {"predicate": {"custom_model_data":1}, "model": "elitemobs:items/bronze_axe"},
        {"predicate": {"custom_model_data":2}, "model": "elitemobs:items/palladium_axe"},
        {"predicate": {"custom_model_data":3}, "model": "elitemobs:items/corrupted_axe"},
        {"predicate": {"custom_model_data":4}, "model": "elitemobs:items/living_axe"},
        {"predicate": {"custom_model_data":5}, "model": "elitemobs:items/ultimatium_axe"}

    ]
}