{
    "parent": "item/handheld",
    "textures": {
        "layer0": "item/iron_horse_armor"
    },
    
    "overrides": [
        {"predicate": {"custom_model_data":1}, "model": "elitemobs:items/bronze_helmet"},
        {"predicate": {"custom_model_data":2}, "model": "elitemobs:items/palladium_helmet"},
        {"predicate": {"custom_model_data":3}, "model": "elitemobs:items/corrupted_helmet"},
        {"predicate": {"custom_model_data":4}, "model": "elitemobs:items/living_helmet"},
        {"predicate": {"custom_model_data":5}, "model": "elitemobs:items/ultimatium_helmet"}
       
    ]
}