{"textures":{"0":"freeminecraftmodels:entity/03_em_quartz_elemental/amethyst_block","1":"freeminecraftmodels:entity/03_em_quartz_elemental/amethyst_cluster","2":"freeminecraftmodels:entity/03_em_quartz_elemental/budding_amethyst"},"display":{"head":{"scale":[4.0,4.0,4.0],"translation":[0,-6.4,0]}},"elements":[{"from":[7.3999996,5.2,8.2],"to":[8.599999,6.3999996,9.4],"rotation":{"origin":[7.9999998092651365,5.799999952316284,8.800000095367432],"angle":45.0,"axis":"x"},"faces":{"north":{"uv":[3.0,7.0,6.0,10.0],"texture":"#0","tintindex":0,"rotation":0},"east":{"uv":[4.0,3.0,7.0,6.0],"texture":"#0","tintindex":0,"rotation":0},"south":{"uv":[7.0,2.0,10.0,5.0],"texture":"#0","tintindex":0,"rotation":0},"west":{"uv":[7.0,9.0,10.0,12.0],"texture":"#0","tintindex":0,"rotation":0},"up":{"uv":[3.0,2.0,6.0,5.0],"texture":"#0","tintindex":0,"rotation":0},"down":{"uv":[9.0,1.0,12.0,4.0],"texture":"#0","tintindex":0,"rotation":0}}},{"from":[8.599999,5.6000004,6.6],"to":[9.8,6.8,7.8],"rotation":{"origin":[9.199999809265137,6.1999999523162845,7.2000000953674315],"angle":-22.5,"axis":"y"},"faces":{"north":{"uv":[0.0,0.0,3.0,3.0],"texture":"#0","tintindex":0,"rotation":0},"east":{"uv":[0.0,0.0,3.0,3.0],"texture":"#0","tintindex":0,"rotation":0},"south":{"uv":[0.0,0.0,3.0,3.0],"texture":"#0","tintindex":0,"rotation":0},"west":{"uv":[0.0,0.0,3.0,3.0],"texture":"#0","tintindex":0,"rotation":0},"up":{"uv":[0.0,0.0,3.0,3.0],"texture":"#0","tintindex":0,"rotation":0},"down":{"uv":[0.0,0.0,3.0,3.0],"texture":"#0","tintindex":0,"rotation":0}}},{"from":[8.2,4.0,6.6],"to":[9.0,4.8,7.4],"rotation":{"origin":[8.599999809265137,4.399999952316284,7.000000095367431],"angle":45.0,"axis":"x"},"faces":{"north":{"uv":[10.0,1.0,12.0,3.0],"texture":"#0","tintindex":0,"rotation":0},"east":{"uv":[9.0,2.0,11.0,4.0],"texture":"#0","tintindex":0,"rotation":0},"south":{"uv":[2.0,5.0,4.0,7.0],"texture":"#0","tintindex":0,"rotation":0},"west":{"uv":[1.0,5.0,3.0,7.0],"texture":"#0","tintindex":0,"rotation":0},"up":{"uv":[2.0,4.0,4.0,6.0],"texture":"#0","tintindex":0,"rotation":0},"down":{"uv":[3.0,3.0,5.0,5.0],"texture":"#0","tintindex":0,"rotation":0}}},{"from":[7.7999997,2.8,7.0],"to":[8.599999,3.6,7.8],"rotation":{"origin":[8.199999809265137,3.1999999523162845,7.400000095367432],"angle":-45.0,"axis":"y"},"faces":{"north":{"uv":[9.0,0.0,11.0,2.0],"texture":"#0","tintindex":0,"rotation":0},"east":{"uv":[7.0,0.0,9.0,2.0],"texture":"#0","tintindex":0,"rotation":0},"south":{"uv":[4.0,3.0,6.0,5.0],"texture":"#0","tintindex":0,"rotation":0},"west":{"uv":[3.0,2.0,5.0,4.0],"texture":"#0","tintindex":0,"rotation":0},"up":{"uv":[2.0,12.0,4.0,14.0],"texture":"#0","tintindex":0,"rotation":0},"down":{"uv":[0.0,0.0,2.0,2.0],"texture":"#0","tintindex":0,"rotation":0}}},{"from":[7.0,4.8,6.6],"to":[7.7999997,5.6000004,7.4],"faces":{"north":{"uv":[3.0,10.0,5.0,12.0],"texture":"#0","tintindex":0,"rotation":0},"east":{"uv":[0.0,10.0,2.0,12.0],"texture":"#0","tintindex":0,"rotation":0},"south":{"uv":[1.0,11.0,3.0,13.0],"texture":"#0","tintindex":0,"rotation":0},"west":{"uv":[1.0,11.0,3.0,13.0],"texture":"#0","tintindex":0,"rotation":0},"up":{"uv":[2.0,12.0,4.0,14.0],"texture":"#0","tintindex":0,"rotation":0},"down":{"uv":[1.0,9.0,3.0,11.0],"texture":"#0","tintindex":0,"rotation":0}},"rotation":{"origin":[8.199999809265137,0.7999999523162842,7.400000095367432],"angle":0.0,"axis":"x"}},{"from":[8.2,4.3999996,8.2],"to":[8.599999,4.8,8.6],"rotation":{"origin":[8.399999809265136,4.599999952316285,8.400000095367432],"angle":22.5,"axis":"x"},"faces":{"north":{"uv":[1.0,1.0,2.0,2.0],"texture":"#0","tintindex":0,"rotation":0},"east":{"uv":[2.0,1.0,3.0,2.0],"texture":"#0","tintindex":0,"rotation":0},"south":{"uv":[2.0,1.0,3.0,2.0],"texture":"#0","tintindex":0,"rotation":0},"west":{"uv":[1.0,1.0,2.0,2.0],"texture":"#0","tintindex":0,"rotation":0},"up":{"uv":[2.0,1.0,3.0,2.0],"texture":"#0","tintindex":0,"rotation":0},"down":{"uv":[1.0,1.0,2.0,2.0],"texture":"#0","tintindex":0,"rotation":0}}},{"from":[7.7999997,2.0,7.4],"to":[8.2,2.4,7.8],"rotation":{"origin":[7.9999998092651365,2.1999999523162845,7.600000095367432],"angle":45.0,"axis":"x"},"faces":{"north":{"uv":[12.0,12.0,13.0,13.0],"texture":"#0","tintindex":0,"rotation":0},"east":{"uv":[12.0,12.0,13.0,13.0],"texture":"#0","tintindex":0,"rotation":0},"south":{"uv":[12.0,12.0,13.0,13.0],"texture":"#0","tintindex":0,"rotation":0},"west":{"uv":[12.0,12.0,13.0,13.0],"texture":"#0","tintindex":0,"rotation":0},"up":{"uv":[12.0,13.0,13.0,14.0],"texture":"#0","tintindex":0,"rotation":0},"down":{"uv":[12.0,12.0,13.0,13.0],"texture":"#0","tintindex":0,"rotation":0}}},{"from":[7.3999996,4.0,7.8],"to":[7.7999997,4.3999996,8.2],"rotation":{"origin":[7.599999809265137,4.1999999523162845,8.000000095367431],"angle":22.5,"axis":"x"},"faces":{"north":{"uv":[2.0,5.0,3.0,6.0],"texture":"#0","tintindex":0,"rotation":0},"east":{"uv":[1.0,5.0,2.0,6.0],"texture":"#0","tintindex":0,"rotation":0},"south":{"uv":[1.0,5.0,2.0,6.0],"texture":"#0","tintindex":0,"rotation":0},"west":{"uv":[2.0,5.0,3.0,6.0],"texture":"#0","tintindex":0,"rotation":0},"up":{"uv":[2.0,5.0,3.0,6.0],"texture":"#0","tintindex":0,"rotation":0},"down":{"uv":[1.0,5.0,2.0,6.0],"texture":"#0","tintindex":0,"rotation":0}}},{"from":[7.0,6.8,7.8],"to":[8.599999,8.4,9.4],"rotation":{"origin":[7.799999809265136,7.599999952316285,8.600000095367431],"angle":45.0,"axis":"y"},"faces":{"north":{"uv":[6.0,9.0,10.0,13.0],"texture":"#0","tintindex":0,"rotation":0},"east":{"uv":[10.0,6.0,14.0,10.0],"texture":"#0","tintindex":0,"rotation":0},"south":{"uv":[9.0,5.0,13.0,9.0],"texture":"#0","tintindex":0,"rotation":0},"west":{"uv":[6.0,5.0,10.0,9.0],"texture":"#0","tintindex":0,"rotation":0},"up":{"uv":[2.0,11.0,6.0,15.0],"texture":"#0","tintindex":0,"rotation":0},"down":{"uv":[10.0,10.0,14.0,14.0],"texture":"#0","tintindex":0,"rotation":0}}},{"from":[6.2,6.0,5.8],"to":[7.7999997,7.6000004,7.4],"rotation":{"origin":[6.9999998092651365,6.799999952316284,6.600000095367432],"angle":-22.5,"axis":"x"},"faces":{"north":{"uv":[0.0,4.0,4.0,8.0],"texture":"#0","tintindex":0,"rotation":0},"east":{"uv":[12.0,12.0,16.0,16.0],"texture":"#0","tintindex":0,"rotation":0},"south":{"uv":[4.0,9.0,8.0,13.0],"texture":"#0","tintindex":0,"rotation":0},"west":{"uv":[6.0,11.0,10.0,15.0],"texture":"#0","tintindex":0,"rotation":0},"up":{"uv":[3.0,2.0,7.0,6.0],"texture":"#0","tintindex":0,"rotation":0},"down":{"uv":[9.0,0.0,13.0,4.0],"texture":"#0","tintindex":0,"rotation":0}}},{"from":[7.2,10.400001,7.6],"to":[8.4,11.6,8.8],"rotation":{"origin":[7.799999809265136,10.999999952316285,8.200000095367432],"angle":45.0,"axis":"z"},"faces":{"north":{"uv":[8.0,8.0,10.0,10.0],"texture":"#2","tintindex":0,"rotation":0},"east":{"uv":[8.0,8.0,10.0,10.0],"texture":"#2","tintindex":0,"rotation":0},"south":{"uv":[8.0,8.0,10.0,10.0],"texture":"#2","tintindex":0,"rotation":0},"west":{"uv":[8.0,8.0,10.0,10.0],"texture":"#2","tintindex":0,"rotation":0},"up":{"uv":[8.0,8.0,10.0,10.0],"texture":"#2","tintindex":0,"rotation":0},"down":{"uv":[8.0,8.0,10.0,10.0],"texture":"#2","tintindex":0,"rotation":0}}},{"from":[7.2,10.400001,7.6],"to":[8.4,11.6,8.8],"rotation":{"origin":[7.799999809265136,10.999999952316285,8.200000095367432],"angle":45.0,"axis":"y"},"faces":{"north":{"uv":[8.0,8.0,10.0,10.0],"texture":"#2","tintindex":0,"rotation":0},"east":{"uv":[8.0,8.0,10.0,10.0],"texture":"#2","tintindex":0,"rotation":0},"south":{"uv":[8.0,8.0,10.0,10.0],"texture":"#2","tintindex":0,"rotation":0},"west":{"uv":[8.0,8.0,10.0,10.0],"texture":"#2","tintindex":0,"rotation":0},"up":{"uv":[8.0,8.0,10.0,10.0],"texture":"#2","tintindex":0,"rotation":0},"down":{"uv":[8.0,8.0,10.0,10.0],"texture":"#2","tintindex":0,"rotation":0}}},{"from":[7.2,10.400001,7.6],"to":[8.4,11.6,8.8],"rotation":{"origin":[7.799999809265136,10.999999952316285,8.200000095367432],"angle":45.0,"axis":"x"},"faces":{"north":{"uv":[8.0,8.0,10.0,10.0],"texture":"#2","tintindex":0,"rotation":0},"east":{"uv":[8.0,8.0,10.0,10.0],"texture":"#2","tintindex":0,"rotation":0},"south":{"uv":[8.0,8.0,10.0,10.0],"texture":"#2","tintindex":0,"rotation":0},"west":{"uv":[8.0,8.0,10.0,10.0],"texture":"#2","tintindex":0,"rotation":0},"up":{"uv":[8.0,8.0,10.0,10.0],"texture":"#2","tintindex":0,"rotation":0},"down":{"uv":[8.0,8.0,10.0,10.0],"texture":"#2","tintindex":0,"rotation":0}}},{"from":[8.599999,8.8,7.4],"to":[9.4,9.6,8.2],"rotation":{"origin":[8.599999809265137,9.199999952316285,7.800000095367432],"angle":22.5,"axis":"x"},"faces":{"north":{"uv":[6.0,9.0,8.0,11.0],"texture":"#0","tintindex":0,"rotation":0},"east":{"uv":[6.0,3.0,8.0,5.0],"texture":"#0","tintindex":0,"rotation":0},"south":{"uv":[6.0,5.0,8.0,7.0],"texture":"#0","tintindex":0,"rotation":0},"west":{"uv":[6.0,7.0,8.0,9.0],"texture":"#0","tintindex":0,"rotation":0},"up":{"uv":[4.0,7.0,6.0,9.0],"texture":"#0","tintindex":0,"rotation":0},"down":{"uv":[8.0,7.0,10.0,9.0],"texture":"#0","tintindex":0,"rotation":0}}},{"from":[6.2,12.8,6.2],"to":[6.6,13.2,6.6],"faces":{"north":{"uv":[1.0,6.0,2.0,7.0],"texture":"#0","tintindex":0,"rotation":0},"east":{"uv":[1.0,6.0,2.0,7.0],"texture":"#0","tintindex":0,"rotation":0},"south":{"uv":[1.0,6.0,2.0,7.0],"texture":"#0","tintindex":0,"rotation":0},"west":{"uv":[1.0,6.0,2.0,7.0],"texture":"#0","tintindex":0,"rotation":0},"up":{"uv":[1.0,6.0,2.0,7.0],"texture":"#0","tintindex":0,"rotation":0},"down":{"uv":[1.0,6.0,2.0,7.0],"texture":"#0","tintindex":0,"rotation":0}},"rotation":{"origin":[8.199999809265137,0.7999999523162842,7.400000095367432],"angle":0.0,"axis":"x"}},{"from":[7.0,13.2,6.2],"to":[7.3999996,13.6,6.6],"faces":{"north":{"uv":[4.0,6.0,5.0,7.0],"texture":"#0","tintindex":0,"rotation":0},"east":{"uv":[4.0,6.0,5.0,7.0],"texture":"#0","tintindex":0,"rotation":0},"south":{"uv":[4.0,6.0,5.0,7.0],"texture":"#0","tintindex":0,"rotation":0},"west":{"uv":[4.0,6.0,5.0,7.0],"texture":"#0","tintindex":0,"rotation":0},"up":{"uv":[4.0,6.0,5.0,7.0],"texture":"#0","tintindex":0,"rotation":0},"down":{"uv":[4.0,6.0,5.0,7.0],"texture":"#0","tintindex":0,"rotation":0}},"rotation":{"origin":[8.199999809265137,0.7999999523162842,7.400000095367432],"angle":0.0,"axis":"x"}},{"from":[7.3999996,12.400001,5.8],"to":[7.7999997,12.8,6.6],"faces":{"north":{"uv":[9.0,8.0,10.0,9.0],"texture":"#0","tintindex":0,"rotation":0},"east":{"uv":[9.0,8.0,10.0,10.0],"texture":"#0","tintindex":0,"rotation":0},"south":{"uv":[9.0,8.0,10.0,9.0],"texture":"#0","tintindex":0,"rotation":0},"west":{"uv":[9.0,8.0,10.0,10.0],"texture":"#0","tintindex":0,"rotation":0},"up":{"uv":[9.0,8.0,10.0,10.0],"texture":"#0","tintindex":0,"rotation":0},"down":{"uv":[9.0,8.0,10.0,10.0],"texture":"#0","tintindex":0,"rotation":0}},"rotation":{"origin":[8.199999809265137,0.7999999523162842,7.400000095367432],"angle":0.0,"axis":"x"}},{"from":[7.0,9.2,9.0],"to":[7.3999996,9.6,9.4],"rotation":{"origin":[7.199999809265137,9.399999952316284,9.200000095367432],"angle":-22.5,"axis":"x"},"faces":{"north":{"uv":[9.0,7.0,10.0,8.0],"texture":"#0","tintindex":0,"rotation":0},"east":{"uv":[9.0,7.0,10.0,8.0],"texture":"#0","tintindex":0,"rotation":0},"south":{"uv":[9.0,7.0,10.0,8.0],"texture":"#0","tintindex":0,"rotation":0},"west":{"uv":[9.0,7.0,10.0,8.0],"texture":"#0","tintindex":0,"rotation":0},"up":{"uv":[9.0,7.0,10.0,8.0],"texture":"#0","tintindex":0,"rotation":0},"down":{"uv":[9.0,7.0,10.0,8.0],"texture":"#0","tintindex":0,"rotation":0}}},{"from":[7.0,11.6,7.8],"to":[7.3999996,12.0,8.2],"rotation":{"origin":[8.799999809265136,12.199999952316285,8.400000095367432],"angle":45.0,"axis":"y"},"faces":{"north":{"uv":[4.0,12.0,5.0,13.0],"texture":"#0","tintindex":0,"rotation":0},"east":{"uv":[4.0,12.0,5.0,13.0],"texture":"#0","tintindex":0,"rotation":0},"south":{"uv":[4.0,12.0,5.0,13.0],"texture":"#0","tintindex":0,"rotation":0},"west":{"uv":[4.0,12.0,5.0,13.0],"texture":"#0","tintindex":0,"rotation":0},"up":{"uv":[4.0,12.0,5.0,13.0],"texture":"#0","tintindex":0,"rotation":0},"down":{"uv":[4.0,12.0,5.0,13.0],"texture":"#0","tintindex":0,"rotation":0}}},{"from":[7.7999997,11.6,5.8],"to":[8.599999,12.400001,6.6],"rotation":{"origin":[8.199999809265137,12.399999952316286,6.600000095367432],"angle":22.5,"axis":"x"},"faces":{"north":{"uv":[4.0,10.0,6.0,12.0],"texture":"#0","tintindex":0,"rotation":0},"east":{"uv":[4.0,10.0,6.0,12.0],"texture":"#0","tintindex":0,"rotation":0},"south":{"uv":[4.0,10.0,6.0,12.0],"texture":"#0","tintindex":0,"rotation":0},"west":{"uv":[4.0,10.0,6.0,12.0],"texture":"#0","tintindex":0,"rotation":0},"up":{"uv":[4.0,10.0,6.0,12.0],"texture":"#0","tintindex":0,"rotation":0},"down":{"uv":[4.0,10.0,6.0,12.0],"texture":"#0","tintindex":0,"rotation":0}}},{"from":[7.7999997,10.400001,9.8],"to":[8.2,10.8,10.2],"rotation":{"origin":[7.9999998092651365,10.599999952316285,10.000000095367431],"angle":22.5,"axis":"x"},"faces":{"north":{"uv":[3.0,6.0,4.0,7.0],"texture":"#0","tintindex":0,"rotation":0},"east":{"uv":[3.0,6.0,4.0,7.0],"texture":"#0","tintindex":0,"rotation":0},"south":{"uv":[3.0,6.0,4.0,7.0],"texture":"#0","tintindex":0,"rotation":0},"west":{"uv":[3.0,6.0,4.0,7.0],"texture":"#0","tintindex":0,"rotation":0},"up":{"uv":[3.0,6.0,4.0,7.0],"texture":"#0","tintindex":0,"rotation":0},"down":{"uv":[3.0,6.0,4.0,7.0],"texture":"#0","tintindex":0,"rotation":0}}},{"from":[9.0,10.400001,8.6],"to":[10.6,12.0,10.2],"faces":{"north":{"uv":[4.0,4.0,8.0,8.0],"texture":"#0","tintindex":0,"rotation":0},"east":{"uv":[4.0,4.0,8.0,8.0],"texture":"#0","tintindex":0,"rotation":0},"south":{"uv":[4.0,4.0,8.0,8.0],"texture":"#0","tintindex":0,"rotation":0},"west":{"uv":[4.0,4.0,8.0,8.0],"texture":"#0","tintindex":0,"rotation":0},"up":{"uv":[4.0,4.0,8.0,8.0],"texture":"#0","tintindex":0,"rotation":0},"down":{"uv":[4.0,4.0,8.0,8.0],"texture":"#0","tintindex":0,"rotation":0}},"rotation":{"origin":[8.199999809265137,0.7999999523162842,7.400000095367432],"angle":0.0,"axis":"x"}},{"from":[5.3999996,10.400001,7.4],"to":[6.6,11.6,8.6],"faces":{"north":{"uv":[11.0,3.0,14.0,6.0],"texture":"#0","tintindex":0,"rotation":0},"east":{"uv":[11.0,3.0,14.0,6.0],"texture":"#0","tintindex":0,"rotation":0},"south":{"uv":[11.0,3.0,14.0,6.0],"texture":"#0","tintindex":0,"rotation":0},"west":{"uv":[11.0,3.0,14.0,6.0],"texture":"#0","tintindex":0,"rotation":0},"up":{"uv":[11.0,3.0,14.0,6.0],"texture":"#0","tintindex":0,"rotation":0},"down":{"uv":[11.0,3.0,14.0,6.0],"texture":"#0","tintindex":0,"rotation":0}},"rotation":{"origin":[8.199999809265137,0.7999999523162842,7.400000095367432],"angle":0.0,"axis":"x"}},{"from":[8.599999,12.400001,8.6],"to":[9.8,13.6,9.8],"faces":{"north":{"uv":[3.0,10.0,6.0,13.0],"texture":"#0","tintindex":0,"rotation":0},"east":{"uv":[3.0,10.0,6.0,13.0],"texture":"#0","tintindex":0,"rotation":0},"south":{"uv":[3.0,10.0,6.0,13.0],"texture":"#0","tintindex":0,"rotation":0},"west":{"uv":[3.0,10.0,6.0,13.0],"texture":"#0","tintindex":0,"rotation":0},"up":{"uv":[3.0,10.0,6.0,13.0],"texture":"#0","tintindex":0,"rotation":0},"down":{"uv":[3.0,10.0,6.0,13.0],"texture":"#0","tintindex":0,"rotation":0}},"rotation":{"origin":[8.199999809265137,0.7999999523162842,7.400000095367432],"angle":0.0,"axis":"x"}},{"from":[5.7999997,12.0,6.6],"to":[7.7999997,14.0,8.6],"faces":{"north":{"uv":[0.0,4.0,5.0,9.0],"texture":"#0","tintindex":0,"rotation":0},"east":{"uv":[0.0,4.0,5.0,9.0],"texture":"#0","tintindex":0,"rotation":0},"south":{"uv":[0.0,4.0,5.0,9.0],"texture":"#0","tintindex":0,"rotation":0},"west":{"uv":[0.0,4.0,5.0,9.0],"texture":"#0","tintindex":0,"rotation":0},"up":{"uv":[0.0,4.0,5.0,9.0],"texture":"#0","tintindex":0,"rotation":0},"down":{"uv":[0.0,4.0,5.0,9.0],"texture":"#0","tintindex":0,"rotation":0}},"rotation":{"origin":[8.199999809265137,0.7999999523162842,7.400000095367432],"angle":0.0,"axis":"x"}},{"from":[5.7999997,10.400001,8.6],"to":[6.2,10.8,9.0],"faces":{"north":{"uv":[3.0,5.0,4.0,6.0],"texture":"#0","tintindex":0,"rotation":0},"east":{"uv":[3.0,5.0,4.0,6.0],"texture":"#0","tintindex":0,"rotation":0},"south":{"uv":[3.0,5.0,4.0,6.0],"texture":"#0","tintindex":0,"rotation":0},"west":{"uv":[3.0,5.0,4.0,6.0],"texture":"#0","tintindex":0,"rotation":0},"up":{"uv":[3.0,5.0,4.0,6.0],"texture":"#0","tintindex":0,"rotation":0},"down":{"uv":[3.0,5.0,4.0,6.0],"texture":"#0","tintindex":0,"rotation":0}},"rotation":{"origin":[8.199999809265137,0.7999999523162842,7.400000095367432],"angle":0.0,"axis":"x"}},{"from":[6.2,10.0,7.8],"to":[6.6,10.400001,8.2],"faces":{"north":{"uv":[11.0,1.0,12.0,2.0],"texture":"#0","tintindex":0,"rotation":0},"east":{"uv":[11.0,1.0,12.0,2.0],"texture":"#0","tintindex":0,"rotation":0},"south":{"uv":[11.0,1.0,12.0,2.0],"texture":"#0","tintindex":0,"rotation":0},"west":{"uv":[11.0,1.0,12.0,2.0],"texture":"#0","tintindex":0,"rotation":0},"up":{"uv":[11.0,1.0,12.0,2.0],"texture":"#0","tintindex":0,"rotation":0},"down":{"uv":[11.0,1.0,12.0,2.0],"texture":"#0","tintindex":0,"rotation":0}},"rotation":{"origin":[8.199999809265137,0.7999999523162842,7.400000095367432],"angle":0.0,"axis":"x"}},{"from":[5.3999996,9.6,8.2],"to":[5.7999997,10.400001,8.6],"faces":{"north":{"uv":[2.0,4.0,3.0,6.0],"texture":"#0","tintindex":0,"rotation":0},"east":{"uv":[2.0,4.0,3.0,6.0],"texture":"#0","tintindex":0,"rotation":0},"south":{"uv":[2.0,4.0,3.0,6.0],"texture":"#0","tintindex":0,"rotation":0},"west":{"uv":[2.0,4.0,3.0,6.0],"texture":"#0","tintindex":0,"rotation":0},"up":{"uv":[2.0,4.0,3.0,5.0],"texture":"#0","tintindex":0,"rotation":0},"down":{"uv":[2.0,5.0,3.0,6.0],"texture":"#0","tintindex":0,"rotation":0}},"rotation":{"origin":[8.199999809265137,0.7999999523162842,7.400000095367432],"angle":0.0,"axis":"x"}},{"from":[7.0,9.2,7.4],"to":[7.3999996,10.0,7.8],"rotation":{"origin":[7.199999809265137,9.599999952316285,7.600000095367432],"angle":22.5,"axis":"x"},"faces":{"north":{"uv":[2.0,5.0,3.0,7.0],"texture":"#0","tintindex":0,"rotation":0},"east":{"uv":[2.0,5.0,3.0,7.0],"texture":"#0","tintindex":0,"rotation":0},"south":{"uv":[2.0,5.0,3.0,7.0],"texture":"#0","tintindex":0,"rotation":0},"west":{"uv":[2.0,5.0,3.0,7.0],"texture":"#0","tintindex":0,"rotation":0},"up":{"uv":[2.0,5.0,3.0,7.0],"texture":"#0","tintindex":0,"rotation":0},"down":{"uv":[2.0,5.0,3.0,7.0],"texture":"#0","tintindex":0,"rotation":0}}}]}