{"textures":{"0":"freeminecraftmodels:entity/03_em_quartz_elemental/amethyst_block","1":"freeminecraftmodels:entity/03_em_quartz_elemental/amethyst_cluster","2":"freeminecraftmodels:entity/03_em_quartz_elemental/budding_amethyst"},"display":{"head":{"scale":[4.0,4.0,4.0],"translation":[0,-6.4,0]}},"elements":[{"from":[3.6000001,5.2,7.0],"to":[6.4,8.0,9.8],"faces":{"north":{"uv":[6.0,4.0,13.0,11.0],"texture":"#0","tintindex":0,"rotation":0},"east":{"uv":[6.0,4.0,13.0,11.0],"texture":"#0","tintindex":0,"rotation":0},"south":{"uv":[6.0,4.0,13.0,11.0],"texture":"#0","tintindex":0,"rotation":0},"west":{"uv":[6.0,4.0,13.0,11.0],"texture":"#0","tintindex":0,"rotation":0},"up":{"uv":[6.0,4.0,13.0,11.0],"texture":"#0","tintindex":0,"rotation":0},"down":{"uv":[6.0,4.0,13.0,11.0],"texture":"#0","tintindex":0,"rotation":0}},"rotation":{"origin":[5.400000095367432,6.599999809265137,8.400000190734863],"angle":0.0,"axis":"x"}},{"from":[2.4,8.0,7.4],"to":[5.2,10.8,10.200001],"faces":{"north":{"uv":[0.0,0.0,1.0,1.0],"texture":"#1","tintindex":0,"rotation":0},"east":{"uv":[0.0,0.0,16.0,16.0],"texture":"#1","tintindex":0,"rotation":0},"south":{"uv":[0.0,0.0,1.0,1.0],"texture":"#1","tintindex":0,"rotation":0},"west":{"uv":[0.0,0.0,1.0,1.0],"texture":"#1","tintindex":0,"rotation":0},"up":{"uv":[0.0,0.0,1.0,1.0],"texture":"#1","tintindex":0,"rotation":0},"down":{"uv":[0.0,0.0,1.0,1.0],"texture":"#1","tintindex":0,"rotation":0}},"rotation":{"origin":[6.600000095367432,10.199999809265137,9.200000190734864],"angle":0.0,"axis":"x"}},{"from":[4.0,8.0,6.0],"to":[6.8,10.8,8.8],"faces":{"north":{"uv":[0.0,0.0,1.0,1.0],"texture":"#1","tintindex":0,"rotation":0},"east":{"uv":[0.0,0.0,1.0,1.0],"texture":"#1","tintindex":0,"rotation":0},"south":{"uv":[0.0,0.0,16.0,16.0],"texture":"#1","tintindex":0,"rotation":0},"west":{"uv":[0.0,0.0,1.0,1.0],"texture":"#1","tintindex":0,"rotation":0},"up":{"uv":[0.0,0.0,1.0,1.0],"texture":"#1","tintindex":0,"rotation":0},"down":{"uv":[0.0,0.0,1.0,1.0],"texture":"#1","tintindex":0,"rotation":0}},"rotation":{"origin":[6.600000095367432,9.799999809265138,9.200000190734864],"angle":0.0,"axis":"x"}},{"from":[6.4,5.5999994,7.8],"to":[9.200001,7.2,9.400001],"faces":{"north":{"uv":[0.0,0.0,7.0,4.0],"texture":"#0","tintindex":0,"rotation":0},"east":{"uv":[11.0,0.0,15.0,4.0],"texture":"#0","tintindex":0,"rotation":0},"south":{"uv":[0.0,4.0,7.0,8.0],"texture":"#0","tintindex":0,"rotation":0},"west":{"uv":[7.0,0.0,11.0,4.0],"texture":"#0","tintindex":0,"rotation":0},"up":{"uv":[0.0,8.0,7.0,12.0],"texture":"#0","tintindex":0,"rotation":0},"down":{"uv":[0.0,12.0,7.0,16.0],"texture":"#0","tintindex":0,"rotation":0}},"rotation":{"origin":[5.400000095367432,6.599999809265137,8.400000190734863],"angle":0.0,"axis":"x"}},{"from":[8.8,5.5999994,7.8],"to":[11.6,7.2,9.400001],"faces":{"north":{"uv":[7.0,0.0,14.0,4.0],"texture":"#0","tintindex":0,"rotation":0},"east":{"uv":[3.0,8.0,7.0,12.0],"texture":"#0","tintindex":0,"rotation":0},"south":{"uv":[7.0,4.0,14.0,8.0],"texture":"#0","tintindex":0,"rotation":0},"west":{"uv":[3.0,12.0,7.0,16.0],"texture":"#0","tintindex":0,"rotation":0},"up":{"uv":[7.0,8.0,14.0,12.0],"texture":"#0","tintindex":0,"rotation":0},"down":{"uv":[7.0,12.0,14.0,16.0],"texture":"#0","tintindex":0,"rotation":0}},"rotation":{"origin":[5.400000095367432,6.599999809265137,8.400000190734863],"angle":0.0,"axis":"x"}},{"from":[5.6000004,5.5999994,6.2000003],"to":[6.0,6.0,7.0],"faces":{"north":{"uv":[7.0,3.0,8.0,5.0],"texture":"#0","tintindex":0,"rotation":0},"east":{"uv":[7.0,3.0,8.0,5.0],"texture":"#0","tintindex":0,"rotation":0},"south":{"uv":[7.0,3.0,8.0,5.0],"texture":"#0","tintindex":0,"rotation":0},"west":{"uv":[7.0,3.0,8.0,5.0],"texture":"#0","tintindex":0,"rotation":0},"up":{"uv":[7.0,3.0,8.0,4.0],"texture":"#0","tintindex":0,"rotation":0},"down":{"uv":[7.0,3.0,8.0,4.0],"texture":"#0","tintindex":0,"rotation":0}},"rotation":{"origin":[2.4000000953674316,-4.800000190734863,7.800000190734863],"angle":0.0,"axis":"x"}},{"from":[4.4,6.8,5.8],"to":[4.8,7.2,7.0],"faces":{"north":{"uv":[10.0,1.0,11.0,3.0],"texture":"#0","tintindex":0,"rotation":0},"east":{"uv":[10.0,1.0,11.0,3.0],"texture":"#0","tintindex":0,"rotation":0},"south":{"uv":[10.0,1.0,11.0,3.0],"texture":"#0","tintindex":0,"rotation":0},"west":{"uv":[10.0,1.0,11.0,3.0],"texture":"#0","tintindex":0,"rotation":0},"up":{"uv":[10.0,1.0,11.0,3.0],"texture":"#0","tintindex":0,"rotation":0},"down":{"uv":[10.0,1.0,11.0,3.0],"texture":"#0","tintindex":0,"rotation":0}},"rotation":{"origin":[2.4000000953674316,-4.800000190734863,7.800000190734863],"angle":0.0,"axis":"x"}},{"from":[4.8,7.2,6.6000004],"to":[5.2,7.5999994,7.0],"faces":{"north":{"uv":[9.0,14.0,10.0,15.0],"texture":"#0","tintindex":0,"rotation":0},"east":{"uv":[9.0,14.0,10.0,15.0],"texture":"#0","tintindex":0,"rotation":0},"south":{"uv":[9.0,14.0,10.0,15.0],"texture":"#0","tintindex":0,"rotation":0},"west":{"uv":[9.0,14.0,10.0,15.0],"texture":"#0","tintindex":0,"rotation":0},"up":{"uv":[9.0,14.0,10.0,15.0],"texture":"#0","tintindex":0,"rotation":0},"down":{"uv":[9.0,14.0,10.0,15.0],"texture":"#0","tintindex":0,"rotation":0}},"rotation":{"origin":[2.4000000953674316,-4.800000190734863,7.800000190734863],"angle":0.0,"axis":"x"}},{"from":[5.6000004,6.8,6.6000004],"to":[6.0,7.2,7.0],"faces":{"north":{"uv":[6.0,11.0,7.0,12.0],"texture":"#0","tintindex":0,"rotation":0},"east":{"uv":[6.0,11.0,7.0,12.0],"texture":"#0","tintindex":0,"rotation":0},"south":{"uv":[6.0,11.0,7.0,12.0],"texture":"#0","tintindex":0,"rotation":0},"west":{"uv":[6.0,11.0,7.0,12.0],"texture":"#0","tintindex":0,"rotation":0},"up":{"uv":[6.0,11.0,7.0,12.0],"texture":"#0","tintindex":0,"rotation":0},"down":{"uv":[6.0,11.0,7.0,12.0],"texture":"#0","tintindex":0,"rotation":0}},"rotation":{"origin":[2.4000000953674316,-4.800000190734863,7.800000190734863],"angle":0.0,"axis":"x"}},{"from":[4.8,6.0,6.6000004],"to":[5.2,6.3999996,7.0],"faces":{"north":{"uv":[12.0,11.0,13.0,12.0],"texture":"#0","tintindex":0,"rotation":0},"east":{"uv":[12.0,11.0,13.0,12.0],"texture":"#0","tintindex":0,"rotation":0},"south":{"uv":[12.0,11.0,13.0,12.0],"texture":"#0","tintindex":0,"rotation":0},"west":{"uv":[12.0,11.0,13.0,12.0],"texture":"#0","tintindex":0,"rotation":0},"up":{"uv":[12.0,11.0,13.0,12.0],"texture":"#0","tintindex":0,"rotation":0},"down":{"uv":[12.0,11.0,13.0,12.0],"texture":"#0","tintindex":0,"rotation":0}},"rotation":{"origin":[2.4000000953674316,-4.800000190734863,7.800000190734863],"angle":0.0,"axis":"x"}},{"from":[7.2000003,5.2,6.6000004],"to":[8.4,6.3999996,7.8],"faces":{"north":{"uv":[0.0,0.0,1.0,1.0],"texture":"#1","tintindex":0,"rotation":0},"east":{"uv":[0.0,0.0,1.0,1.0],"texture":"#1","tintindex":0,"rotation":0},"south":{"uv":[0.0,0.0,1.0,1.0],"texture":"#1","tintindex":0,"rotation":0},"west":{"uv":[0.0,0.0,1.0,1.0],"texture":"#1","tintindex":0,"rotation":0},"up":{"uv":[0.0,0.0,16.0,16.0],"texture":"#1","tintindex":0,"rotation":0},"down":{"uv":[0.0,0.0,1.0,1.0],"texture":"#1","tintindex":0,"rotation":0}},"rotation":{"origin":[5.400000095367432,6.599999809265137,8.400000190734863],"angle":0.0,"axis":"x"}},{"from":[9.6,5.2,6.6000004],"to":[10.799999,6.3999996,7.8],"faces":{"north":{"uv":[0.0,0.0,1.0,1.0],"texture":"#1","tintindex":0,"rotation":0},"east":{"uv":[0.0,0.0,1.0,1.0],"texture":"#1","tintindex":0,"rotation":0},"south":{"uv":[0.0,0.0,1.0,1.0],"texture":"#1","tintindex":0,"rotation":0},"west":{"uv":[0.0,0.0,1.0,1.0],"texture":"#1","tintindex":0,"rotation":0},"up":{"uv":[0.0,0.0,16.0,16.0],"texture":"#1","tintindex":0,"rotation":0},"down":{"uv":[0.0,0.0,1.0,1.0],"texture":"#1","tintindex":0,"rotation":0}},"rotation":{"origin":[5.400000095367432,6.599999809265137,8.400000190734863],"angle":0.0,"axis":"x"}},{"from":[7.8,5.8,6.6000004],"to":[9.0,7.0,7.8],"faces":{"north":{"uv":[0.0,0.0,1.0,1.0],"texture":"#1","tintindex":0,"rotation":0},"east":{"uv":[0.0,0.0,1.0,1.0],"texture":"#1","tintindex":0,"rotation":0},"south":{"uv":[0.0,0.0,1.0,1.0],"texture":"#1","tintindex":0,"rotation":0},"west":{"uv":[0.0,0.0,16.0,16.0],"rotation":0,"texture":"#1","tintindex":0},"up":{"uv":[0.0,0.0,1.0,1.0],"texture":"#1","tintindex":0,"rotation":0},"down":{"uv":[0.0,0.0,1.0,1.0],"texture":"#1","tintindex":0,"rotation":0}},"rotation":{"origin":[5.400000095367432,6.599999809265137,8.400000190734863],"angle":0.0,"axis":"x"}},{"from":[10.200001,5.8,6.6000004],"to":[11.4,7.0,7.8],"faces":{"north":{"uv":[0.0,0.0,1.0,1.0],"texture":"#1","tintindex":0,"rotation":0},"east":{"uv":[0.0,0.0,1.0,1.0],"texture":"#1","tintindex":0,"rotation":0},"south":{"uv":[0.0,0.0,1.0,1.0],"texture":"#1","tintindex":0,"rotation":0},"west":{"uv":[0.0,0.0,16.0,16.0],"rotation":0,"texture":"#1","tintindex":0},"up":{"uv":[0.0,0.0,1.0,1.0],"texture":"#1","tintindex":0,"rotation":0},"down":{"uv":[0.0,0.0,1.0,1.0],"texture":"#1","tintindex":0,"rotation":0}},"rotation":{"origin":[5.400000095367432,6.599999809265137,8.400000190734863],"angle":0.0,"axis":"x"}},{"from":[11.6,5.3999996,7.6000004],"to":[13.6,7.3999996,9.6],"faces":{"north":{"uv":[6.0,6.0,11.0,11.0],"texture":"#2","tintindex":0,"rotation":0},"east":{"uv":[6.0,6.0,11.0,11.0],"texture":"#2","tintindex":0,"rotation":0},"south":{"uv":[6.0,6.0,11.0,11.0],"texture":"#2","tintindex":0,"rotation":0},"west":{"uv":[6.0,6.0,11.0,11.0],"texture":"#2","tintindex":0,"rotation":0},"up":{"uv":[6.0,6.0,11.0,11.0],"texture":"#2","tintindex":0,"rotation":0},"down":{"uv":[6.0,6.0,11.0,11.0],"texture":"#2","tintindex":0,"rotation":0}},"rotation":{"origin":[2.4000000953674316,-4.800000190734863,7.800000190734863],"angle":0.0,"axis":"x"}}]}