{"textures":{"0":"freeminecraftmodels:entity/03_em_quartz_elemental/amethyst_block","1":"freeminecraftmodels:entity/03_em_quartz_elemental/amethyst_cluster","2":"freeminecraftmodels:entity/03_em_quartz_elemental/budding_amethyst"},"display":{"head":{"scale":[4.0,4.0,4.0],"translation":[0,-6.4,0]}},"elements":[{"from":[9.400001,5.2,7.3],"to":[12.200001,8.0,10.1],"faces":{"north":{"uv":[0.0,0.0,7.0,7.0],"texture":"#0","tintindex":0,"rotation":0},"east":{"uv":[0.0,0.0,7.0,7.0],"texture":"#0","tintindex":0,"rotation":0},"south":{"uv":[0.0,0.0,7.0,7.0],"texture":"#0","tintindex":0,"rotation":0},"west":{"uv":[0.0,0.0,7.0,7.0],"texture":"#0","tintindex":0,"rotation":0},"up":{"uv":[0.0,0.0,7.0,7.0],"texture":"#0","tintindex":0,"rotation":0},"down":{"uv":[0.0,0.0,7.0,7.0],"texture":"#0","tintindex":0,"rotation":0}},"rotation":{"origin":[11.200000762939453,6.599999809265137,8.700000381469726],"angle":0.0,"axis":"x"}},{"from":[7.000001,5.5999994,8.1],"to":[9.800001,7.2,9.700001],"faces":{"north":{"uv":[9.0,8.0,16.0,12.0],"texture":"#0","tintindex":0,"rotation":0},"east":{"uv":[1.0,4.0,5.0,8.0],"texture":"#0","tintindex":0,"rotation":0},"south":{"uv":[9.0,4.0,16.0,8.0],"texture":"#0","tintindex":0,"rotation":0},"west":{"uv":[5.0,4.0,9.0,8.0],"texture":"#0","tintindex":0,"rotation":0},"up":{"uv":[9.0,0.0,16.0,4.0],"texture":"#0","tintindex":0,"rotation":0},"down":{"uv":[9.0,12.0,16.0,16.0],"texture":"#0","tintindex":0,"rotation":0}},"rotation":{"origin":[11.200000762939453,6.599999809265137,8.700000381469726],"angle":0.0,"axis":"x"}},{"from":[9.200001,8.0,5.9000006],"to":[12.000001,10.8,8.700001],"faces":{"north":{"uv":[0.0,0.0,1.0,1.0],"texture":"#1","tintindex":0,"rotation":0},"east":{"uv":[0.0,0.0,1.0,1.0],"texture":"#1","tintindex":0,"rotation":0},"south":{"uv":[0.0,0.0,16.0,16.0],"texture":"#1","tintindex":0,"rotation":0},"west":{"uv":[0.0,0.0,1.0,1.0],"texture":"#1","tintindex":0,"rotation":0},"up":{"uv":[0.0,0.0,1.0,1.0],"texture":"#1","tintindex":0,"rotation":0},"down":{"uv":[0.0,0.0,1.0,1.0],"texture":"#1","tintindex":0,"rotation":0}},"rotation":{"origin":[10.000000762939454,9.799999809265138,9.500000381469727],"angle":0.0,"axis":"x"}},{"from":[4.6000004,5.5999994,8.1],"to":[7.4000006,7.2,9.700001],"faces":{"north":{"uv":[2.0,8.0,9.0,12.0],"texture":"#0","tintindex":0,"rotation":0},"east":{"uv":[9.0,4.0,13.0,8.0],"texture":"#0","tintindex":0,"rotation":0},"south":{"uv":[2.0,4.0,9.0,8.0],"texture":"#0","tintindex":0,"rotation":0},"west":{"uv":[12.0,4.0,16.0,8.0],"texture":"#0","tintindex":0,"rotation":0},"up":{"uv":[2.0,0.0,9.0,4.0],"texture":"#0","tintindex":0,"rotation":0},"down":{"uv":[2.0,12.0,9.0,16.0],"texture":"#0","tintindex":0,"rotation":0}},"rotation":{"origin":[11.200000762939453,6.599999809265137,8.700000381469726],"angle":0.0,"axis":"x"}},{"from":[10.6,8.0,7.3],"to":[13.400001,10.8,10.1],"faces":{"north":{"uv":[0.0,0.0,1.0,1.0],"texture":"#1","tintindex":0,"rotation":0},"east":{"uv":[0.0,0.0,1.0,1.0],"texture":"#1","tintindex":0,"rotation":0},"south":{"uv":[0.0,0.0,1.0,1.0],"texture":"#1","tintindex":0,"rotation":0},"west":{"uv":[0.0,0.0,16.0,16.0],"texture":"#1","tintindex":0,"rotation":0},"up":{"uv":[0.0,0.0,1.0,1.0],"texture":"#1","tintindex":0,"rotation":0},"down":{"uv":[0.0,0.0,1.0,1.0],"texture":"#1","tintindex":0,"rotation":0}},"rotation":{"origin":[10.400000762939452,9.799999809265138,9.500000381469727],"angle":0.0,"axis":"x"}},{"from":[7.4000006,5.2,6.9000006],"to":[8.6,6.3999996,8.1],"faces":{"north":{"uv":[0.0,0.0,1.0,1.0],"texture":"#1","tintindex":0,"rotation":0},"east":{"uv":[0.0,0.0,1.0,1.0],"texture":"#1","tintindex":0,"rotation":0},"south":{"uv":[0.0,0.0,1.0,1.0],"texture":"#1","tintindex":0,"rotation":0},"west":{"uv":[0.0,0.0,1.0,1.0],"texture":"#1","tintindex":0,"rotation":0},"up":{"uv":[0.0,0.0,16.0,16.0],"texture":"#1","tintindex":0,"rotation":0},"down":{"uv":[0.0,0.0,1.0,1.0],"texture":"#1","tintindex":0,"rotation":0}},"rotation":{"origin":[17.200000762939453,6.599999809265137,8.700000381469726],"angle":0.0,"axis":"x"}},{"from":[5.4000006,5.2,6.9000006],"to":[6.600001,6.3999996,8.1],"faces":{"north":{"uv":[0.0,0.0,1.0,1.0],"texture":"#1","tintindex":0,"rotation":0},"east":{"uv":[0.0,0.0,1.0,1.0],"texture":"#1","tintindex":0,"rotation":0},"south":{"uv":[0.0,0.0,1.0,1.0],"texture":"#1","tintindex":0,"rotation":0},"west":{"uv":[0.0,0.0,1.0,1.0],"texture":"#1","tintindex":0,"rotation":0},"up":{"uv":[0.0,0.0,16.0,16.0],"texture":"#1","tintindex":0,"rotation":0},"down":{"uv":[0.0,0.0,1.0,1.0],"texture":"#1","tintindex":0,"rotation":0}},"rotation":{"origin":[17.200000762939453,6.599999809265137,8.700000381469726],"angle":0.0,"axis":"x"}},{"from":[6.000001,5.8,6.9000006],"to":[7.200001,7.0,8.1],"faces":{"north":{"uv":[0.0,0.0,1.0,1.0],"texture":"#1","tintindex":0,"rotation":0},"east":{"uv":[0.0,0.0,1.0,1.0],"texture":"#1","tintindex":0,"rotation":0},"south":{"uv":[0.0,0.0,1.0,1.0],"texture":"#1","tintindex":0,"rotation":0},"west":{"uv":[0.0,0.0,16.0,16.0],"rotation":0,"texture":"#1","tintindex":0},"up":{"uv":[0.0,0.0,1.0,1.0],"texture":"#1","tintindex":0,"rotation":0},"down":{"uv":[0.0,0.0,1.0,1.0],"texture":"#1","tintindex":0,"rotation":0}},"rotation":{"origin":[17.200000762939453,6.599999809265137,8.700000381469726],"angle":0.0,"axis":"x"}},{"from":[8.000001,5.8,6.9000006],"to":[9.200001,7.0,8.1],"faces":{"north":{"uv":[0.0,0.0,1.0,1.0],"texture":"#1","tintindex":0,"rotation":0},"east":{"uv":[0.0,0.0,1.0,1.0],"texture":"#1","tintindex":0,"rotation":0},"south":{"uv":[0.0,0.0,1.0,1.0],"texture":"#1","tintindex":0,"rotation":0},"west":{"uv":[0.0,0.0,16.0,16.0],"rotation":0,"texture":"#1","tintindex":0},"up":{"uv":[0.0,0.0,1.0,1.0],"texture":"#1","tintindex":0,"rotation":0},"down":{"uv":[0.0,0.0,1.0,1.0],"texture":"#1","tintindex":0,"rotation":0}},"rotation":{"origin":[17.200000762939453,6.599999809265137,8.700000381469726],"angle":0.0,"axis":"x"}},{"from":[10.200001,6.8,6.5000005],"to":[10.6,7.2,7.3],"faces":{"north":{"uv":[10.0,1.0,11.0,3.0],"texture":"#0","tintindex":0,"rotation":0},"east":{"uv":[10.0,1.0,11.0,3.0],"texture":"#0","tintindex":0,"rotation":0},"south":{"uv":[10.0,1.0,11.0,3.0],"texture":"#0","tintindex":0,"rotation":0},"west":{"uv":[10.0,1.0,11.0,3.0],"texture":"#0","tintindex":0,"rotation":0},"up":{"uv":[10.0,1.0,11.0,3.0],"texture":"#0","tintindex":0,"rotation":0},"down":{"uv":[10.0,1.0,11.0,3.0],"texture":"#0","tintindex":0,"rotation":0}},"rotation":{"origin":[14.200000762939453,-4.800000190734863,8.100000381469727],"angle":0.0,"axis":"x"}},{"from":[11.000001,5.5999994,6.9000006],"to":[11.400001,6.0,7.3],"faces":{"north":{"uv":[9.0,14.0,10.0,15.0],"texture":"#0","tintindex":0,"rotation":0},"east":{"uv":[9.0,14.0,10.0,15.0],"texture":"#0","tintindex":0,"rotation":0},"south":{"uv":[9.0,14.0,10.0,15.0],"texture":"#0","tintindex":0,"rotation":0},"west":{"uv":[9.0,14.0,10.0,15.0],"texture":"#0","tintindex":0,"rotation":0},"up":{"uv":[9.0,14.0,10.0,15.0],"texture":"#0","tintindex":0,"rotation":0},"down":{"uv":[9.0,14.0,10.0,15.0],"texture":"#0","tintindex":0,"rotation":0}},"rotation":{"origin":[14.200000762939453,-4.800000190734863,8.100000381469727],"angle":0.0,"axis":"x"}},{"from":[9.800001,6.0,6.9000006],"to":[10.200001,6.3999996,7.3],"faces":{"north":{"uv":[12.0,11.0,13.0,12.0],"texture":"#0","tintindex":0,"rotation":0},"east":{"uv":[12.0,11.0,13.0,12.0],"texture":"#0","tintindex":0,"rotation":0},"south":{"uv":[12.0,11.0,13.0,12.0],"texture":"#0","tintindex":0,"rotation":0},"west":{"uv":[12.0,11.0,13.0,12.0],"texture":"#0","tintindex":0,"rotation":0},"up":{"uv":[12.0,11.0,13.0,12.0],"texture":"#0","tintindex":0,"rotation":0},"down":{"uv":[12.0,11.0,13.0,12.0],"texture":"#0","tintindex":0,"rotation":0}},"rotation":{"origin":[14.200000762939453,-4.800000190734863,8.100000381469727],"angle":0.0,"axis":"x"}},{"from":[2.6000004,5.3999996,7.9000006],"to":[4.6000004,7.3999996,9.900001],"faces":{"north":{"uv":[6.0,6.0,11.0,11.0],"texture":"#2","tintindex":0,"rotation":0},"east":{"uv":[6.0,6.0,11.0,11.0],"texture":"#2","tintindex":0,"rotation":0},"south":{"uv":[6.0,6.0,11.0,11.0],"texture":"#2","tintindex":0,"rotation":0},"west":{"uv":[6.0,6.0,11.0,11.0],"texture":"#2","tintindex":0,"rotation":0},"up":{"uv":[6.0,6.0,11.0,11.0],"texture":"#2","tintindex":0,"rotation":0},"down":{"uv":[6.0,6.0,11.0,11.0],"texture":"#2","tintindex":0,"rotation":0}},"rotation":{"origin":[14.200000762939453,-4.800000190734863,8.100000381469727],"angle":0.0,"axis":"x"}}]}