{"textures":{"0":"freeminecraftmodels:entity/11_em_blood_elemental/blood_elemental","1":"freeminecraftmodels:entity/11_em_blood_elemental/flame_fx"},"display":{"head":{"scale":[4.0,4.0,4.0],"translation":[0,-6.4,0]}},"elements":[{"from":[11.6427,-13.698048,5.24525],"to":[24.6062,-8.512648,10.430651],"rotation":{"origin":[31.03219985961914,-7.198699637499999,5.530550003051758],"angle":-45.0,"axis":"z"},"faces":{"north":{"uv":[6.002,3.002,6.623,3.248],"texture":"#0","tintindex":0,"rotation":0},"east":{"uv":[7.502,2.627,7.748,2.873],"texture":"#0","tintindex":0,"rotation":0},"south":{"uv":[6.002,3.3145,6.623,3.5605],"texture":"#0","tintindex":0,"rotation":0},"west":{"uv":[3.0645,7.502,3.3105,7.748],"texture":"#0","tintindex":0,"rotation":0},"up":{"uv":[6.6855,3.873,6.0645,3.627],"texture":"#0","tintindex":0,"rotation":0},"down":{"uv":[6.6855,4.502,6.0645,4.748],"texture":"#0","tintindex":0,"rotation":0}}},{"from":[11.1303005,-4.572048,5.89345],"to":[15.0193,5.798752,9.78255],"rotation":{"origin":[31.03219985961914,-7.198699637499999,5.530550003051758],"angle":-22.5,"axis":"z"},"faces":{"north":{"uv":[3.4395,6.8145,3.623,7.3105],"texture":"#0","tintindex":0,"rotation":0},"east":{"uv":[4.877,6.8145,5.0605,7.3105],"texture":"#0","tintindex":0,"rotation":0},"south":{"uv":[6.877,6.3145,7.0605,6.8105],"texture":"#0","tintindex":0,"rotation":0},"west":{"uv":[6.877,6.877,7.0605,7.373],"texture":"#0","tintindex":0,"rotation":0},"up":{"uv":[0.1855,9.0605,0.002,8.877],"texture":"#0","tintindex":0,"rotation":0},"down":{"uv":[0.623,8.877,0.4395,9.0605],"texture":"#0","tintindex":0,"rotation":0}}},{"from":[25.2564,13.3933525,6.21755],"to":[28.4973,23.764053,9.45845],"rotation":{"origin":[31.03219985961914,-7.198699637499999,5.530550003051758],"angle":22.5,"axis":"z"},"faces":{"north":{"uv":[3.9395,7.252,4.0938,7.748],"texture":"#0","tintindex":0,"rotation":0},"east":{"uv":[7.252,4.5645,7.4063,5.0605],"texture":"#0","tintindex":0,"rotation":0},"south":{"uv":[0.002,7.3145,0.1563,7.8105],"texture":"#0","tintindex":0,"rotation":0},"west":{"uv":[0.252,7.3145,0.4063,7.8105],"texture":"#0","tintindex":0,"rotation":0},"up":{"uv":[9.5313,4.7188,9.377,4.5645],"texture":"#0","tintindex":0,"rotation":0},"down":{"uv":[6.6563,9.377,6.502,9.5313],"texture":"#0","tintindex":0,"rotation":0}}},{"from":[12.896299,11.404152,5.89345],"to":[16.7854,23.07125,9.78255],"rotation":{"origin":[31.03219985961914,-7.198699637499999,5.530550003051758],"angle":22.5,"axis":"z"},"faces":{"north":{"uv":[1.6895,6.4395,1.873,6.998],"texture":"#0","tintindex":0,"rotation":0},"east":{"uv":[6.627,6.3145,6.8105,6.873],"texture":"#0","tintindex":0,"rotation":0},"south":{"uv":[0.002,6.6895,0.1855,7.248],"texture":"#0","tintindex":0,"rotation":0},"west":{"uv":[0.252,6.6895,0.4355,7.248],"texture":"#0","tintindex":0,"rotation":0},"up":{"uv":[9.1855,5.0605,9.002,4.877],"texture":"#0","tintindex":0,"rotation":0},"down":{"uv":[9.1855,5.127,9.002,5.3105],"texture":"#0","tintindex":0,"rotation":0}}},{"from":[-12.112999,0.89045334,6.21755],"to":[-0.44589996,4.1313515,9.45845],"rotation":{"origin":[31.03219985961914,-7.198699637499999,5.530550003051758],"angle":-22.5,"axis":"z"},"faces":{"north":{"uv":[6.9395,5.8145,7.498,5.9688],"texture":"#0","tintindex":0,"rotation":0},"east":{"uv":[7.877,9.377,8.0313,9.5313],"texture":"#0","tintindex":0,"rotation":0},"south":{"uv":[7.0645,1.8145,7.623,1.9688],"texture":"#0","tintindex":0,"rotation":0},"west":{"uv":[9.377,9.0645,9.5313,9.2188],"texture":"#0","tintindex":0,"rotation":0},"up":{"uv":[7.6855,0.1563,7.127,0.002],"texture":"#0","tintindex":0,"rotation":0},"down":{"uv":[6.748,7.127,6.1895,7.2813],"texture":"#0","tintindex":0,"rotation":0}}},{"from":[-1.4182014,-7.3593483,6.21755],"to":[1.8227005,0.41865158,9.45845],"rotation":{"origin":[31.03219985961914,-7.198699637499999,5.530550003051758],"angle":-22.5,"axis":"z"},"faces":{"north":{"uv":[3.3145,7.9395,3.4688,8.3105],"texture":"#0","tintindex":0,"rotation":0},"east":{"uv":[1.3145,8.002,1.4688,8.373],"texture":"#0","tintindex":0,"rotation":0},"south":{"uv":[8.002,1.502,8.1563,1.873],"texture":"#0","tintindex":0,"rotation":0},"west":{"uv":[1.5645,8.002,1.7188,8.373],"texture":"#0","tintindex":0,"rotation":0},"up":{"uv":[9.3438,9.5313,9.1895,9.377],"texture":"#0","tintindex":0,"rotation":0},"down":{"uv":[9.5938,0.1895,9.4395,0.3438],"texture":"#0","tintindex":0,"rotation":0}}},{"from":[-5.6638985,11.01165,5.5693502],"to":[-0.47859955,15.548851,10.754749],"faces":{"north":{"uv":[8.252,3.8145,8.498,4.0313],"texture":"#0","tintindex":0,"rotation":0},"east":{"uv":[6.8145,8.252,7.0605,8.4688],"texture":"#0","tintindex":0,"rotation":0},"south":{"uv":[8.252,6.9395,8.498,7.1563],"texture":"#0","tintindex":0,"rotation":0},"west":{"uv":[8.252,7.252,8.498,7.4688],"texture":"#0","tintindex":0,"rotation":0},"up":{"uv":[6.873,7.9355,6.627,7.6895],"texture":"#0","tintindex":0,"rotation":0},"down":{"uv":[7.9355,7.627,7.6895,7.873],"texture":"#0","tintindex":0,"rotation":0}},"rotation":{"origin":[31.03219985961914,-7.198699637499999,5.530550003051758],"angle":0.0,"axis":"x"}},{"from":[-5.0158005,8.418953,5.5693502],"to":[-1.1267014,11.01165,8.16205],"faces":{"north":{"uv":[0.002,9.752,0.1855,9.873],"texture":"#0","tintindex":0,"rotation":0},"east":{"uv":[0.6895,9.9395,0.8105,10.0605],"texture":"#0","tintindex":0,"rotation":0},"south":{"uv":[0.252,9.752,0.4355,9.873],"texture":"#0","tintindex":0,"rotation":0},"west":{"uv":[1.752,9.9395,1.873,10.0605],"texture":"#0","tintindex":0,"rotation":0},"up":{"uv":[0.6855,9.873,0.502,9.752],"texture":"#0","tintindex":0,"rotation":0},"down":{"uv":[0.9355,9.752,0.752,9.873],"texture":"#0","tintindex":0,"rotation":0}},"rotation":{"origin":[31.03219985961914,-7.198699637499999,5.530550003051758],"angle":0.0,"axis":"x"}},{"from":[-9.520302,0.566452,5.89345],"to":[-7.575802,4.455452,9.78255],"rotation":{"origin":[31.03219985961914,-7.198699637499999,5.530550003051758],"angle":-22.5,"axis":"z"},"faces":{"north":{"uv":[2.252,9.8145,2.3438,9.998],"texture":"#0","tintindex":0,"rotation":0},"east":{"uv":[9.002,5.377,9.1855,5.5605],"texture":"#0","tintindex":0,"rotation":0},"south":{"uv":[8.4395,9.8145,8.5313,9.998],"texture":"#0","tintindex":0,"rotation":0},"west":{"uv":[9.002,5.627,9.1855,5.8105],"texture":"#0","tintindex":0,"rotation":0},"up":{"uv":[8.7188,9.998,8.627,9.8145],"texture":"#0","tintindex":0,"rotation":0},"down":{"uv":[9.1563,9.8145,9.0645,9.998],"texture":"#0","tintindex":0,"rotation":0}}},{"from":[14.192699,13.348652,5.24525],"to":[17.4335,21.12675,10.430651],"rotation":{"origin":[31.03219985961914,-7.198699637499999,5.530550003051758],"angle":22.5,"axis":"z"},"faces":{"north":{"uv":[8.0645,4.377,8.2188,4.748],"texture":"#0","tintindex":0,"rotation":0},"east":{"uv":[7.0645,0.9395,7.3105,1.3105],"texture":"#0","tintindex":0,"rotation":0},"south":{"uv":[4.4395,8.0645,4.5938,8.4355],"texture":"#0","tintindex":0,"rotation":0},"west":{"uv":[1.5645,7.0645,1.8105,7.4355],"texture":"#0","tintindex":0,"rotation":0},"up":{"uv":[4.7813,8.998,4.627,8.752],"texture":"#0","tintindex":0,"rotation":0},"down":{"uv":[5.9063,8.752,5.752,8.998],"texture":"#0","tintindex":0,"rotation":0}}},{"from":[10.4821,1.9097519,5.24525],"to":[15.6675,3.2060509,10.430651],"rotation":{"origin":[31.03219985961914,-7.198699637499999,5.530550003051758],"angle":-22.5,"axis":"z"},"faces":{"north":{"uv":[10.123,9.502,9.877,9.5605],"texture":"#0","tintindex":0,"rotation":0},"east":{"uv":[10.1855,0.127,9.9395,0.1855],"texture":"#0","tintindex":0,"rotation":0},"south":{"uv":[0.248,9.9395,0.002,9.998],"texture":"#0","tintindex":0,"rotation":0},"west":{"uv":[10.123,9.627,9.877,9.6855],"texture":"#0","tintindex":0,"rotation":0},"up":{"uv":[7.377,7.873,7.623,7.627],"texture":"#0","tintindex":0,"rotation":0},"down":{"uv":[1.377,7.6895,1.623,7.9355],"texture":"#0","tintindex":0,"rotation":0}}},{"from":[17.4335,12.052353,7.8379498],"to":[24.5635,22.42305,7.8379498],"rotation":{"origin":[31.03219985961914,-7.198699637499999,5.530550003051758],"angle":22.5,"axis":"z"},"faces":{"north":{"uv":[2.627,5.752,2.9688,6.248],"texture":"#0","tintindex":0,"rotation":0},"east":{"uv":[0.1895,10.0645,0.1895,10.5605],"texture":"#0","tintindex":0,"rotation":0},"south":{"uv":[2.9688,5.752,2.627,6.248],"texture":"#0","tintindex":0,"rotation":0},"west":{"uv":[0.252,10.0645,0.252,10.5605],"texture":"#0","tintindex":0,"rotation":0},"up":{"uv":[10.3438,3.002,10.002,3.002],"texture":"#0","tintindex":0,"rotation":0},"down":{"uv":[10.3438,8.8145,10.002,8.8145],"texture":"#0","tintindex":0,"rotation":0}}},{"from":[-12.497299,6.271652,8.12325],"to":[14.726,21.827751,8.12325],"rotation":{"origin":[1.7625272695629235,14.697902458463354,8.123241203051759],"angle":-45.0,"axis":"z"},"faces":{"north":{"uv":[2.625,2.75,0.0,4.25],"texture":"#1","tintindex":0,"rotation":0},"east":{"uv":[4.5,7.5,4.5,9.0],"texture":"#1","tintindex":0,"rotation":0},"south":{"uv":[0.0,2.75,2.625,4.25],"texture":"#1","tintindex":0,"rotation":0},"west":{"uv":[7.25,1.25,7.25,2.75],"texture":"#1","tintindex":0,"rotation":0},"up":{"uv":[7.375,3.25,10.0,3.25],"texture":"#1","tintindex":0,"rotation":0},"down":{"uv":[7.375,3.375,10.0,3.375],"texture":"#1","tintindex":0,"rotation":0}}},{"from":[4.8269997,2.4747505,7.79915],"to":[20.3832,29.698051,7.79915],"rotation":{"origin":[10.01242015025501,23.864450103676802,8.123241203051759],"angle":22.5,"axis":"z"},"faces":{"north":{"uv":[1.5,0.0,0.0,2.625],"texture":"#1","tintindex":0,"rotation":0},"east":{"uv":[4.375,7.5,4.375,10.125],"texture":"#1","tintindex":0,"rotation":0},"south":{"uv":[0.0,0.0,1.5,2.625],"texture":"#1","tintindex":0,"rotation":0},"west":{"uv":[4.25,7.5,4.25,10.125],"texture":"#1","tintindex":0,"rotation":0},"up":{"uv":[5.5,4.25,7.0,4.25],"texture":"#1","tintindex":0,"rotation":0},"down":{"uv":[7.375,3.125,8.875,3.125],"texture":"#1","tintindex":0,"rotation":0}}},{"from":[10.4821,-0.68294907,5.24525],"to":[15.6675,0.6133499,10.430651],"rotation":{"origin":[31.03219985961914,-7.198699637499999,5.530550003051758],"angle":-22.5,"axis":"z"},"faces":{"north":{"uv":[10.123,9.502,9.877,9.5605],"texture":"#0","tintindex":0,"rotation":0},"east":{"uv":[10.1855,0.127,9.9395,0.1855],"texture":"#0","tintindex":0,"rotation":0},"south":{"uv":[0.248,9.9395,0.002,9.998],"texture":"#0","tintindex":0,"rotation":0},"west":{"uv":[10.123,9.627,9.877,9.6855],"texture":"#0","tintindex":0,"rotation":0},"up":{"uv":[7.377,7.873,7.623,7.627],"texture":"#0","tintindex":0,"rotation":0},"down":{"uv":[1.377,7.6895,1.623,7.9355],"texture":"#0","tintindex":0,"rotation":0}}},{"from":[3.7672005,-12.544748,6.21755],"to":[7.0081005,-4.7667503,9.45845],"rotation":{"origin":[31.03219985961914,-7.198699637499999,5.530550003051758],"angle":-22.5,"axis":"z"},"faces":{"north":{"uv":[1.8145,8.002,1.9688,8.373],"texture":"#0","tintindex":0,"rotation":0},"east":{"uv":[8.002,3.127,8.1563,3.498],"texture":"#0","tintindex":0,"rotation":0},"south":{"uv":[8.002,3.5645,8.1563,3.9355],"texture":"#0","tintindex":0,"rotation":0},"west":{"uv":[4.752,8.002,4.9063,8.373],"texture":"#0","tintindex":0,"rotation":0},"up":{"uv":[9.5938,0.5938,9.4395,0.4395],"texture":"#0","tintindex":0,"rotation":0},"down":{"uv":[9.5938,4.8145,9.4395,4.9688],"texture":"#0","tintindex":0,"rotation":0}}},{"from":[8.4076,2.5906525,6.54165],"to":[14.889299,5.1833534,9.13435],"faces":{"north":{"uv":[8.6895,1.752,8.998,1.873],"texture":"#0","tintindex":0,"rotation":0},"east":{"uv":[0.502,9.9395,0.623,10.0605],"texture":"#0","tintindex":0,"rotation":0},"south":{"uv":[8.6895,4.6895,8.998,4.8105],"texture":"#0","tintindex":0,"rotation":0},"west":{"uv":[9.9395,0.627,10.0605,0.748],"texture":"#0","tintindex":0,"rotation":0},"up":{"uv":[9.0605,4.498,8.752,4.377],"texture":"#0","tintindex":0,"rotation":0},"down":{"uv":[7.373,8.752,7.0645,8.873],"texture":"#0","tintindex":0,"rotation":0}},"rotation":{"origin":[31.03219985961914,-7.198699637499999,5.530550003051758],"angle":0.0,"axis":"x"}}]}