{"textures":{"0":"freeminecraftmodels:entity/11_em_blood_elemental/blood_elemental","1":"freeminecraftmodels:entity/11_em_blood_elemental/flame_fx"},"display":{"head":{"scale":[4.0,4.0,4.0],"translation":[0,-6.4,0]}},"elements":[{"from":[2.5970497,15.553247,6.7036495],"to":[6.4860497,20.73855,9.29635],"rotation":{"origin":[28.028949737548828,17.092497185620118,13.275949478149414],"angle":45.0,"axis":"z"},"faces":{"north":{"uv":[7.127,8.4395,7.3105,8.6855],"texture":"#0","tintindex":0,"rotation":0},"east":{"uv":[4.127,9.1895,4.248,9.4355],"texture":"#0","tintindex":0,"rotation":0},"south":{"uv":[7.377,8.4395,7.5605,8.6855],"texture":"#0","tintindex":0,"rotation":0},"west":{"uv":[4.3145,9.1895,4.4355,9.4355],"texture":"#0","tintindex":0,"rotation":0},"up":{"uv":[0.1855,9.6855,0.002,9.5645],"texture":"#0","tintindex":0,"rotation":0},"down":{"uv":[0.4355,9.5645,0.252,9.6855],"texture":"#0","tintindex":0,"rotation":0}}},{"from":[10.810249,-4.7385516,7.0276494],"to":[13.402949,0.44684792,8.97225],"faces":{"north":{"uv":[7.377,9.127,7.498,9.373],"texture":"#0","tintindex":0,"rotation":0},"east":{"uv":[7.6895,9.502,7.7813,9.748],"texture":"#0","tintindex":0,"rotation":0},"south":{"uv":[2.6895,9.1895,2.8105,9.4355],"texture":"#0","tintindex":0,"rotation":0},"west":{"uv":[8.127,9.502,8.2188,9.748],"texture":"#0","tintindex":0,"rotation":0},"up":{"uv":[10.123,1.0938,10.002,1.002],"texture":"#0","tintindex":0,"rotation":0},"down":{"uv":[1.3105,10.002,1.1895,10.0938],"texture":"#0","tintindex":0,"rotation":0}},"rotation":{"origin":[28.028949737548828,17.092497185620118,13.275949478149414],"angle":0.0,"axis":"x"}}]}