{"textures":{"0":"freeminecraftmodels:entity/11_em_blood_elemental/blood_elemental","1":"freeminecraftmodels:entity/11_em_blood_elemental/flame_fx"},"display":{"head":{"scale":[4.0,4.0,4.0],"translation":[0,-6.4,0]}},"elements":[{"from":[0.8701,2.5988002,4.027699],"to":[15.1299,20.7477,15.694799],"faces":{"north":{"uv":[1.1895,0.002,1.873,0.873],"texture":"#0","tintindex":0,"rotation":0},"east":{"uv":[0.002,2.3145,0.5605,3.1855],"texture":"#0","tintindex":0,"rotation":0},"south":{"uv":[1.1895,0.9395,1.873,1.8105],"texture":"#0","tintindex":0,"rotation":0},"west":{"uv":[2.4395,1.9395,2.998,2.8105],"texture":"#0","tintindex":0,"rotation":0},"up":{"uv":[2.248,3.748,1.5645,3.1895],"texture":"#0","tintindex":0,"rotation":0},"down":{"uv":[4.0605,1.252,3.377,1.8105],"texture":"#0","tintindex":0,"rotation":0}},"rotation":{"origin":[8.0,23.052449063214112,8.485299110412598],"angle":0.0,"axis":"x"}},{"from":[2.8146,-4.7476997,-2.5319014],"to":[13.1854,5.6231,7.838799],"rotation":{"origin":[8.0,23.052449063214112,8.485299110412598],"angle":-22.5,"axis":"x"},"faces":{"north":{"uv":[0.002,4.5645,0.498,5.0605],"texture":"#0","tintindex":0,"rotation":0},"east":{"uv":[4.627,1.877,5.123,2.373],"texture":"#0","tintindex":0,"rotation":0},"south":{"uv":[4.752,1.1895,5.248,1.6855],"texture":"#0","tintindex":0,"rotation":0},"west":{"uv":[4.8145,2.4395,5.3105,2.9355],"texture":"#0","tintindex":0,"rotation":0},"up":{"uv":[4.4355,5.3105,3.9395,4.8145],"texture":"#0","tintindex":0,"rotation":0},"down":{"uv":[2.123,4.877,1.627,5.373],"texture":"#0","tintindex":0,"rotation":0}}},{"from":[9.3497,11.422501,2.731299],"to":[13.2388,14.0152,7.916699],"faces":{"north":{"uv":[9.502,1.5645,9.6855,1.6855],"texture":"#0","tintindex":0,"rotation":0},"east":{"uv":[9.1895,3.4395,9.4355,3.5605],"texture":"#0","tintindex":0,"rotation":0},"south":{"uv":[9.502,1.752,9.6855,1.873],"texture":"#0","tintindex":0,"rotation":0},"west":{"uv":[9.1895,3.627,9.4355,3.748],"texture":"#0","tintindex":0,"rotation":0},"up":{"uv":[3.623,8.6855,3.4395,8.4395],"texture":"#0","tintindex":0,"rotation":0},"down":{"uv":[3.873,8.4395,3.6895,8.6855],"texture":"#0","tintindex":0,"rotation":0}},"rotation":{"origin":[8.0,23.052449063214112,8.485299110412598],"angle":0.0,"axis":"x"}},{"from":[8.3894005,10.3029995,2.731299],"to":[12.2785,12.8957,7.916699],"rotation":{"origin":[8.0,23.052449063214112,8.485299110412598],"angle":22.5,"axis":"z"},"faces":{"north":{"uv":[9.502,2.6895,9.6855,2.8105],"texture":"#0","tintindex":0,"rotation":0},"east":{"uv":[9.1895,3.8145,9.4355,3.9355],"texture":"#0","tintindex":0,"rotation":0},"south":{"uv":[9.502,2.877,9.6855,2.998],"texture":"#0","tintindex":0,"rotation":0},"west":{"uv":[9.1895,4.002,9.4355,4.123],"texture":"#0","tintindex":0,"rotation":0},"up":{"uv":[4.873,8.6855,4.6895,8.4395],"texture":"#0","tintindex":0,"rotation":0},"down":{"uv":[5.998,8.4395,5.8145,8.6855],"texture":"#0","tintindex":0,"rotation":0}}},{"from":[4.111,2.5988002,5.3239994],"to":[11.889,15.5623,16.9911],"faces":{"north":{"uv":[3.0645,5.0645,3.4355,5.6855],"texture":"#0","tintindex":0,"rotation":0},"east":{"uv":[0.002,3.252,0.5605,3.873],"texture":"#0","tintindex":0,"rotation":0},"south":{"uv":[3.502,5.0645,3.873,5.6855],"texture":"#0","tintindex":0,"rotation":0},"west":{"uv":[2.3145,3.502,2.873,4.123],"texture":"#0","tintindex":0,"rotation":0},"up":{"uv":[1.5605,5.748,1.1895,5.1895],"texture":"#0","tintindex":0,"rotation":0},"down":{"uv":[5.6855,0.877,5.3145,1.4355],"texture":"#0","tintindex":0,"rotation":0}},"rotation":{"origin":[8.0,23.052449063214112,8.485299110412598],"angle":0.0,"axis":"x"}},{"from":[6.6875,3.8952003,7.916699],"to":[9.3125,15.5623,19.5838],"faces":{"north":{"uv":[5.8145,7.1895,5.9355,7.748],"texture":"#0","tintindex":0,"rotation":0},"east":{"uv":[0.002,3.9395,0.5605,4.498],"texture":"#0","tintindex":0,"rotation":0},"south":{"uv":[4.5645,7.4395,4.6855,7.998],"texture":"#0","tintindex":0,"rotation":0},"west":{"uv":[3.9395,3.502,4.498,4.0605],"texture":"#0","tintindex":0,"rotation":0},"up":{"uv":[2.1855,8.0605,2.0645,7.502],"texture":"#0","tintindex":0,"rotation":0},"down":{"uv":[2.373,7.502,2.252,8.0605],"texture":"#0","tintindex":0,"rotation":0}},"rotation":{"origin":[8.0,23.052449063214112,8.485299110412598],"angle":0.0,"axis":"x"}},{"from":[9.2963,-2.1549997,-3.8283005],"to":[14.4817,3.0303998,3.949799],"rotation":{"origin":[8.0,23.052449063214112,8.485299110412598],"angle":-22.5,"axis":"x"},"faces":{"north":{"uv":[7.6895,3.8145,7.9355,4.0605],"texture":"#0","tintindex":0,"rotation":0},"east":{"uv":[6.9395,1.502,7.3105,1.748],"texture":"#0","tintindex":0,"rotation":0},"south":{"uv":[4.752,7.6895,4.998,7.9355],"texture":"#0","tintindex":0,"rotation":0},"west":{"uv":[3.9395,6.9395,4.3105,7.1855],"texture":"#0","tintindex":0,"rotation":0},"up":{"uv":[7.1855,5.123,6.9395,4.752],"texture":"#0","tintindex":0,"rotation":0},"down":{"uv":[5.373,6.9395,5.127,7.3105],"texture":"#0","tintindex":0,"rotation":0}}},{"from":[-0.4261999,7.7842,11.8057995],"to":[4.111,10.3769,16.9911],"faces":{"north":{"uv":[9.252,4.1895,9.4688,4.3105],"texture":"#0","tintindex":0,"rotation":0},"east":{"uv":[4.502,6.127,4.748,6.248],"texture":"#0","tintindex":0,"rotation":0},"south":{"uv":[9.252,6.4395,9.4688,6.5605],"texture":"#0","tintindex":0,"rotation":0},"west":{"uv":[8.9395,4.1895,9.1855,4.3105],"texture":"#0","tintindex":0,"rotation":0},"up":{"uv":[5.7188,8.4355,5.502,8.1895],"texture":"#0","tintindex":0,"rotation":0},"down":{"uv":[8.4688,1.4395,8.252,1.6855],"texture":"#0","tintindex":0,"rotation":0}},"rotation":{"origin":[8.0,23.052449063214112,8.485299110412598],"angle":0.0,"axis":"x"}},{"from":[11.889,7.7842,11.8057995],"to":[16.4262,10.3769,16.9911],"faces":{"north":{"uv":[9.3145,0.002,9.5313,0.123],"texture":"#0","tintindex":0,"rotation":0},"east":{"uv":[3.502,9.127,3.748,9.248],"texture":"#0","tintindex":0,"rotation":0},"south":{"uv":[7.5645,9.3145,7.7813,9.4355],"texture":"#0","tintindex":0,"rotation":0},"west":{"uv":[9.127,4.377,9.373,4.498],"texture":"#0","tintindex":0,"rotation":0},"up":{"uv":[2.5313,8.498,2.3145,8.252],"texture":"#0","tintindex":0,"rotation":0},"down":{"uv":[8.4688,2.877,8.252,3.123],"texture":"#0","tintindex":0,"rotation":0}},"rotation":{"origin":[8.0,23.052449063214112,8.485299110412598],"angle":0.0,"axis":"x"}},{"from":[6.9011,6.7100005,2.731299],"to":[10.7902,9.3027,7.916699],"rotation":{"origin":[8.0,23.052449063214112,8.485299110412598],"angle":22.5,"axis":"z"},"faces":{"north":{"uv":[9.502,2.6895,9.6855,2.8105],"texture":"#0","tintindex":0,"rotation":0},"east":{"uv":[9.1895,3.8145,9.4355,3.9355],"texture":"#0","tintindex":0,"rotation":0},"south":{"uv":[9.502,2.877,9.6855,2.998],"texture":"#0","tintindex":0,"rotation":0},"west":{"uv":[9.1895,4.002,9.4355,4.123],"texture":"#0","tintindex":0,"rotation":0},"up":{"uv":[4.873,8.6855,4.6895,8.4395],"texture":"#0","tintindex":0,"rotation":0},"down":{"uv":[5.998,8.4395,5.8145,8.6855],"texture":"#0","tintindex":0,"rotation":0}}},{"from":[9.3497,7.5334,2.731299],"to":[13.2388,10.126101,7.916699],"faces":{"north":{"uv":[9.502,1.5645,9.6855,1.6855],"texture":"#0","tintindex":0,"rotation":0},"east":{"uv":[9.1895,3.4395,9.4355,3.5605],"texture":"#0","tintindex":0,"rotation":0},"south":{"uv":[9.502,1.752,9.6855,1.873],"texture":"#0","tintindex":0,"rotation":0},"west":{"uv":[9.1895,3.627,9.4355,3.748],"texture":"#0","tintindex":0,"rotation":0},"up":{"uv":[3.623,8.6855,3.4395,8.4395],"texture":"#0","tintindex":0,"rotation":0},"down":{"uv":[3.873,8.4395,3.6895,8.6855],"texture":"#0","tintindex":0,"rotation":0}},"rotation":{"origin":[8.0,23.052449063214112,8.485299110412598],"angle":0.0,"axis":"x"}},{"from":[5.4129,3.117,2.731299],"to":[9.3019,5.7097,7.916699],"rotation":{"origin":[8.0,23.052449063214112,8.485299110412598],"angle":22.5,"axis":"z"},"faces":{"north":{"uv":[9.502,2.6895,9.6855,2.8105],"texture":"#0","tintindex":0,"rotation":0},"east":{"uv":[9.1895,3.8145,9.4355,3.9355],"texture":"#0","tintindex":0,"rotation":0},"south":{"uv":[9.502,2.877,9.6855,2.998],"texture":"#0","tintindex":0,"rotation":0},"west":{"uv":[9.1895,4.002,9.4355,4.123],"texture":"#0","tintindex":0,"rotation":0},"up":{"uv":[4.873,8.6855,4.6895,8.4395],"texture":"#0","tintindex":0,"rotation":0},"down":{"uv":[5.998,8.4395,5.8145,8.6855],"texture":"#0","tintindex":0,"rotation":0}}},{"from":[9.3497,3.6444001,2.731299],"to":[13.2388,6.2371,7.916699],"faces":{"north":{"uv":[9.502,1.5645,9.6855,1.6855],"texture":"#0","tintindex":0,"rotation":0},"east":{"uv":[9.1895,3.4395,9.4355,3.5605],"texture":"#0","tintindex":0,"rotation":0},"south":{"uv":[9.502,1.752,9.6855,1.873],"texture":"#0","tintindex":0,"rotation":0},"west":{"uv":[9.1895,3.627,9.4355,3.748],"texture":"#0","tintindex":0,"rotation":0},"up":{"uv":[3.623,8.6855,3.4395,8.4395],"texture":"#0","tintindex":0,"rotation":0},"down":{"uv":[3.873,8.4395,3.6895,8.6855],"texture":"#0","tintindex":0,"rotation":0}},"rotation":{"origin":[8.0,23.052449063214112,8.485299110412598],"angle":0.0,"axis":"x"}},{"from":[6.6981,3.117,2.731299],"to":[10.5871,5.7097,7.916699],"rotation":{"origin":[8.0,23.052449063214112,8.485299110412598],"angle":-22.5,"axis":"z"},"faces":{"north":{"uv":[9.6855,2.6895,9.502,2.8105],"texture":"#0","tintindex":0,"rotation":0},"east":{"uv":[9.4355,4.002,9.1895,4.123],"texture":"#0","tintindex":0,"rotation":0},"south":{"uv":[9.6855,2.877,9.502,2.998],"texture":"#0","tintindex":0,"rotation":0},"west":{"uv":[9.4355,3.8145,9.1895,3.9355],"texture":"#0","tintindex":0,"rotation":0},"up":{"uv":[4.6895,8.6855,4.873,8.4395],"texture":"#0","tintindex":0,"rotation":0},"down":{"uv":[5.8145,8.4395,5.998,8.6855],"texture":"#0","tintindex":0,"rotation":0}}},{"from":[2.7612,3.6444001,2.731299],"to":[6.6503,6.2371,7.916699],"faces":{"north":{"uv":[9.6855,1.5645,9.502,1.6855],"texture":"#0","tintindex":0,"rotation":0},"east":{"uv":[9.4355,3.627,9.1895,3.748],"texture":"#0","tintindex":0,"rotation":0},"south":{"uv":[9.6855,1.752,9.502,1.873],"texture":"#0","tintindex":0,"rotation":0},"west":{"uv":[9.4355,3.4395,9.1895,3.5605],"texture":"#0","tintindex":0,"rotation":0},"up":{"uv":[3.4395,8.6855,3.623,8.4395],"texture":"#0","tintindex":0,"rotation":0},"down":{"uv":[3.6895,8.4395,3.873,8.6855],"texture":"#0","tintindex":0,"rotation":0}},"rotation":{"origin":[8.0,23.052449063214112,8.485299110412598],"angle":0.0,"axis":"x"}},{"from":[2.7612,7.5334,2.731299],"to":[6.6503,10.126101,7.916699],"faces":{"north":{"uv":[9.6855,1.5645,9.502,1.6855],"texture":"#0","tintindex":0,"rotation":0},"east":{"uv":[9.4355,3.627,9.1895,3.748],"texture":"#0","tintindex":0,"rotation":0},"south":{"uv":[9.6855,1.752,9.502,1.873],"texture":"#0","tintindex":0,"rotation":0},"west":{"uv":[9.4355,3.4395,9.1895,3.5605],"texture":"#0","tintindex":0,"rotation":0},"up":{"uv":[3.4395,8.6855,3.623,8.4395],"texture":"#0","tintindex":0,"rotation":0},"down":{"uv":[3.6895,8.4395,3.873,8.6855],"texture":"#0","tintindex":0,"rotation":0}},"rotation":{"origin":[8.0,23.052449063214112,8.485299110412598],"angle":0.0,"axis":"x"}},{"from":[5.2098,6.7100005,2.731299],"to":[9.0989,9.3027,7.916699],"rotation":{"origin":[8.0,23.052449063214112,8.485299110412598],"angle":-22.5,"axis":"z"},"faces":{"north":{"uv":[9.6855,2.6895,9.502,2.8105],"texture":"#0","tintindex":0,"rotation":0},"east":{"uv":[9.4355,4.002,9.1895,4.123],"texture":"#0","tintindex":0,"rotation":0},"south":{"uv":[9.6855,2.877,9.502,2.998],"texture":"#0","tintindex":0,"rotation":0},"west":{"uv":[9.4355,3.8145,9.1895,3.9355],"texture":"#0","tintindex":0,"rotation":0},"up":{"uv":[4.6895,8.6855,4.873,8.4395],"texture":"#0","tintindex":0,"rotation":0},"down":{"uv":[5.8145,8.4395,5.998,8.6855],"texture":"#0","tintindex":0,"rotation":0}}},{"from":[3.7215,10.3029995,2.731299],"to":[7.6106,12.8957,7.916699],"rotation":{"origin":[8.0,23.052449063214112,8.485299110412598],"angle":-22.5,"axis":"z"},"faces":{"north":{"uv":[9.6855,2.6895,9.502,2.8105],"texture":"#0","tintindex":0,"rotation":0},"east":{"uv":[9.4355,4.002,9.1895,4.123],"texture":"#0","tintindex":0,"rotation":0},"south":{"uv":[9.6855,2.877,9.502,2.998],"texture":"#0","tintindex":0,"rotation":0},"west":{"uv":[9.4355,3.8145,9.1895,3.9355],"texture":"#0","tintindex":0,"rotation":0},"up":{"uv":[4.6895,8.6855,4.873,8.4395],"texture":"#0","tintindex":0,"rotation":0},"down":{"uv":[5.8145,8.4395,5.998,8.6855],"texture":"#0","tintindex":0,"rotation":0}}},{"from":[2.7612,11.422501,2.731299],"to":[6.6503,14.0152,7.916699],"faces":{"north":{"uv":[9.6855,1.5645,9.502,1.6855],"texture":"#0","tintindex":0,"rotation":0},"east":{"uv":[9.4355,3.627,9.1895,3.748],"texture":"#0","tintindex":0,"rotation":0},"south":{"uv":[9.6855,1.752,9.502,1.873],"texture":"#0","tintindex":0,"rotation":0},"west":{"uv":[9.4355,3.4395,9.1895,3.5605],"texture":"#0","tintindex":0,"rotation":0},"up":{"uv":[3.4395,8.6855,3.623,8.4395],"texture":"#0","tintindex":0,"rotation":0},"down":{"uv":[3.6895,8.4395,3.873,8.6855],"texture":"#0","tintindex":0,"rotation":0}},"rotation":{"origin":[8.0,23.052449063214112,8.485299110412598],"angle":0.0,"axis":"x"}},{"from":[1.5183,-2.1549997,-3.8283005],"to":[6.7037,3.0303998,3.949799],"rotation":{"origin":[8.0,23.052449063214112,8.485299110412598],"angle":-22.5,"axis":"x"},"faces":{"north":{"uv":[7.9355,3.8145,7.6895,4.0605],"texture":"#0","tintindex":0,"rotation":0},"east":{"uv":[4.3105,6.9395,3.9395,7.1855],"texture":"#0","tintindex":0,"rotation":0},"south":{"uv":[4.998,7.6895,4.752,7.9355],"texture":"#0","tintindex":0,"rotation":0},"west":{"uv":[7.3105,1.502,6.9395,1.748],"texture":"#0","tintindex":0,"rotation":0},"up":{"uv":[6.9395,5.123,7.1855,4.752],"texture":"#0","tintindex":0,"rotation":0},"down":{"uv":[5.127,6.9395,5.373,7.3105],"texture":"#0","tintindex":0,"rotation":0}}},{"from":[3.217,2.7184005,9.457599],"to":[20.0695,16.978199,9.457599],"rotation":{"origin":[11.643224605397926,1.4220587518945678,4.596262310412596],"angle":-45.0,"axis":"z"},"faces":{"north":{"uv":[4.875,0.0,6.5,1.375],"texture":"#1","tintindex":0,"rotation":0},"east":{"uv":[4.875,7.5,4.875,8.875],"texture":"#1","tintindex":0,"rotation":0},"south":{"uv":[6.5,0.0,4.875,1.375],"texture":"#1","tintindex":0,"rotation":0},"west":{"uv":[5.0,7.5,5.0,8.875],"texture":"#1","tintindex":0,"rotation":0},"up":{"uv":[9.0,3.75,7.375,3.75],"texture":"#1","tintindex":0,"rotation":0},"down":{"uv":[9.0,3.875,7.375,3.875],"texture":"#1","tintindex":0,"rotation":0}}},{"from":[10.4716,3.4913,19.8283],"to":[24.7314,15.1584,19.8283],"rotation":{"origin":[17.601480574786663,7.380314721283302,19.828323110412597],"angle":-45.0,"axis":"y"},"faces":{"north":{"uv":[2.625,7.5,1.25,8.625],"texture":"#1","tintindex":0,"rotation":0},"east":{"uv":[5.125,1.5,5.125,2.625],"texture":"#1","tintindex":0,"rotation":0},"south":{"uv":[1.25,7.5,2.625,8.625],"texture":"#1","tintindex":0,"rotation":0},"west":{"uv":[5.25,1.5,5.25,2.625],"texture":"#1","tintindex":0,"rotation":0},"up":{"uv":[9.25,7.625,7.875,7.625],"texture":"#1","tintindex":0,"rotation":0},"down":{"uv":[9.25,7.75,7.875,7.75],"texture":"#1","tintindex":0,"rotation":0}}},{"from":[-8.7314,3.4913,19.8283],"to":[5.5284,15.1584,19.8283],"rotation":{"origin":[-1.6014805747866614,7.380314721283302,19.828323110412597],"angle":45.0,"axis":"y"},"faces":{"north":{"uv":[1.25,7.5,2.625,8.625],"texture":"#1","tintindex":0,"rotation":0},"east":{"uv":[5.25,1.5,5.25,2.625],"texture":"#1","tintindex":0,"rotation":0},"south":{"uv":[2.625,7.5,1.25,8.625],"texture":"#1","tintindex":0,"rotation":0},"west":{"uv":[5.125,1.5,5.125,2.625],"texture":"#1","tintindex":0,"rotation":0},"up":{"uv":[7.875,7.625,9.25,7.625],"texture":"#1","tintindex":0,"rotation":0},"down":{"uv":[7.875,7.75,9.25,7.75],"texture":"#1","tintindex":0,"rotation":0}}},{"from":[-4.0695,2.7184005,9.457599],"to":[12.783,16.978199,9.457599],"rotation":{"origin":[4.356775394602074,1.4220587518945678,4.596262310412596],"angle":45.0,"axis":"z"},"faces":{"north":{"uv":[6.5,0.0,4.875,1.375],"texture":"#1","tintindex":0,"rotation":0},"east":{"uv":[5.0,7.5,5.0,8.875],"texture":"#1","tintindex":0,"rotation":0},"south":{"uv":[4.875,0.0,6.5,1.375],"texture":"#1","tintindex":0,"rotation":0},"west":{"uv":[4.875,7.5,4.875,8.875],"texture":"#1","tintindex":0,"rotation":0},"up":{"uv":[7.375,3.75,9.0,3.75],"texture":"#1","tintindex":0,"rotation":0},"down":{"uv":[7.375,3.875,9.0,3.875],"texture":"#1","tintindex":0,"rotation":0}}}]}