{"textures":{"0":"freeminecraftmodels:entity/11_em_blood_elemental/blood_elemental","1":"freeminecraftmodels:entity/11_em_blood_elemental/flame_fx"},"display":{"head":{"scale":[4.0,4.0,4.0],"translation":[0,-6.4,0]}},"elements":[{"from":[-4.4985504,0.79800034,6.3796],"to":[0.038749695,3.3906002,9.620399],"rotation":{"origin":[-10.655850410461426,33.79224903956299,13.276000022888184],"angle":45.0,"axis":"z"},"faces":{"north":{"uv":[9.377,1.9395,9.5938,2.0605],"texture":"#0","tintindex":0,"rotation":0},"east":{"uv":[1.502,9.8145,1.6563,9.9355],"texture":"#0","tintindex":0,"rotation":0},"south":{"uv":[9.377,2.127,9.5938,2.248],"texture":"#0","tintindex":0,"rotation":0},"west":{"uv":[3.0645,9.8145,3.2188,9.9355],"texture":"#0","tintindex":0,"rotation":0},"up":{"uv":[6.5313,9.2188,6.3145,9.0645],"texture":"#0","tintindex":0,"rotation":0},"down":{"uv":[7.8438,9.0645,7.627,9.2188],"texture":"#0","tintindex":0,"rotation":0}}},{"from":[-4.1744504,-0.49839973,6.7037],"to":[-0.2853508,5.9833,9.2964],"rotation":{"origin":[-10.655850410461426,33.79224903956299,13.276000022888184],"angle":45.0,"axis":"z"},"faces":{"north":{"uv":[2.6895,8.127,2.873,8.4355],"texture":"#0","tintindex":0,"rotation":0},"east":{"uv":[8.8145,0.5645,8.9355,0.873],"texture":"#0","tintindex":0,"rotation":0},"south":{"uv":[4.127,8.127,4.3105,8.4355],"texture":"#0","tintindex":0,"rotation":0},"west":{"uv":[0.752,8.8145,0.873,9.123],"texture":"#0","tintindex":0,"rotation":0},"up":{"uv":[2.1855,9.873,2.002,9.752],"texture":"#0","tintindex":0,"rotation":0},"down":{"uv":[2.8105,9.752,2.627,9.873],"texture":"#0","tintindex":0,"rotation":0}}},{"from":[17.90585,10.016701,7.0277],"to":[20.49855,16.498402,8.9723],"faces":{"north":{"uv":[0.9395,8.8145,1.0605,9.123],"texture":"#0","tintindex":0,"rotation":0},"east":{"uv":[5.752,9.3145,5.8438,9.623],"texture":"#0","tintindex":0,"rotation":0},"south":{"uv":[1.877,8.8145,1.998,9.123],"texture":"#0","tintindex":0,"rotation":0},"west":{"uv":[5.9395,9.3145,6.0313,9.623],"texture":"#0","tintindex":0,"rotation":0},"up":{"uv":[10.123,1.4688,10.002,1.377],"texture":"#0","tintindex":0,"rotation":0},"down":{"uv":[1.6855,10.002,1.5645,10.0938],"texture":"#0","tintindex":0,"rotation":0}},"rotation":{"origin":[-10.655850410461426,33.79224903956299,13.276000022888184],"angle":0.0,"axis":"x"}}]}