{"textures":{"0":"freeminecraftmodels:entity/11_em_blood_elemental/blood_elemental","1":"freeminecraftmodels:entity/11_em_blood_elemental/flame_fx"},"display":{"head":{"scale":[4.0,4.0,4.0],"translation":[0,-6.4,0]}},"elements":[{"from":[-3.4952507,-9.579201,3.42315],"to":[5.5791483,4.680599,12.49765],"rotation":{"origin":[-14.209650993347168,13.912048653515626,9.347350120544434],"angle":22.5,"axis":"z"},"faces":{"north":{"uv":[2.873,4.1895,2.4395,4.873],"texture":"#0","tintindex":0,"rotation":0},"east":{"uv":[3.873,4.3145,3.4395,4.998],"texture":"#0","tintindex":0,"rotation":0},"south":{"uv":[3.373,4.3145,2.9395,4.998],"texture":"#0","tintindex":0,"rotation":0},"west":{"uv":[4.748,2.502,4.3145,3.1855],"texture":"#0","tintindex":0,"rotation":0},"up":{"uv":[5.377,2.6855,5.8105,2.252],"texture":"#0","tintindex":0,"rotation":0},"down":{"uv":[3.9395,5.377,4.373,5.8105],"texture":"#0","tintindex":0,"rotation":0}}},{"from":[-4.791651,-8.282801,2.1268501],"to":[6.875449,-1.8010998,13.79395],"rotation":{"origin":[-14.209650993347168,13.912048653515626,9.347350120544434],"angle":22.5,"axis":"z"},"faces":{"north":{"uv":[1.1855,2.8145,0.627,3.123],"texture":"#0","tintindex":0,"rotation":0},"east":{"uv":[5.998,3.627,5.4395,3.9355],"texture":"#0","tintindex":0,"rotation":0},"south":{"uv":[1.0605,5.4395,0.502,5.748],"texture":"#0","tintindex":0,"rotation":0},"west":{"uv":[5.9355,3.252,5.377,3.5605],"texture":"#0","tintindex":0,"rotation":0},"up":{"uv":[3.8145,1.1855,4.373,0.627],"texture":"#0","tintindex":0,"rotation":0},"down":{"uv":[1.252,3.8145,1.8105,4.373],"texture":"#0","tintindex":0,"rotation":0}}},{"from":[6.875449,-8.282801,7.31225],"to":[10.764548,-1.8010998,8.60855],"rotation":{"origin":[-14.209650993347168,13.912048653515626,9.347350120544434],"angle":22.5,"axis":"z"},"faces":{"north":{"uv":[5.498,7.8145,5.3145,8.123],"texture":"#0","tintindex":0,"rotation":0},"east":{"uv":[7.0605,7.4395,7.002,7.748],"texture":"#0","tintindex":0,"rotation":0},"south":{"uv":[5.748,7.8145,5.5645,8.123],"texture":"#0","tintindex":0,"rotation":0},"west":{"uv":[0.6855,2.3145,0.627,2.623],"texture":"#0","tintindex":0,"rotation":0},"up":{"uv":[5.8145,4.5605,5.998,4.502],"texture":"#0","tintindex":0,"rotation":0},"down":{"uv":[6.502,0.252,6.6855,0.3105],"texture":"#0","tintindex":0,"rotation":0}}},{"from":[0.39374924,-1.8010998,2.1268501],"to":[6.875449,2.0879002,13.79395],"rotation":{"origin":[-14.209650993347168,13.912048653515626,9.347350120544434],"angle":22.5,"axis":"z"},"faces":{"north":{"uv":[7.873,7.9395,7.5645,8.123],"texture":"#0","tintindex":0,"rotation":0},"east":{"uv":[7.1855,6.0645,6.627,6.248],"texture":"#0","tintindex":0,"rotation":0},"south":{"uv":[8.248,7.9395,7.9395,8.123],"texture":"#0","tintindex":0,"rotation":0},"west":{"uv":[6.123,6.627,5.5645,6.8105],"texture":"#0","tintindex":0,"rotation":0},"up":{"uv":[1.627,5.998,1.9355,5.4395],"texture":"#0","tintindex":0,"rotation":0},"down":{"uv":[5.4395,4.002,5.748,4.5605],"texture":"#0","tintindex":0,"rotation":0}}},{"from":[5.01785,1.492899,3.0606503],"to":[8.90685,5.381901,9.54245],"rotation":{"origin":[-14.209650993347168,13.912048653515626,9.347350120544434],"angle":-45.0,"axis":"x"},"faces":{"north":{"uv":[8.5605,9.002,8.377,9.1855],"texture":"#0","tintindex":0,"rotation":0},"east":{"uv":[8.4355,0.002,8.127,0.1855],"texture":"#0","tintindex":0,"rotation":0},"south":{"uv":[9.1855,8.252,9.002,8.4355],"texture":"#0","tintindex":0,"rotation":0},"west":{"uv":[8.4355,1.9395,8.127,2.123],"texture":"#0","tintindex":0,"rotation":0},"up":{"uv":[8.3105,6.5645,8.127,6.873],"texture":"#0","tintindex":0,"rotation":0},"down":{"uv":[3.123,8.498,2.9395,8.1895],"texture":"#0","tintindex":0,"rotation":0}}},{"from":[5.666049,2.7451,11.514151],"to":[8.258748,9.226799,14.10685],"rotation":{"origin":[-14.209650993347168,13.912048653515626,9.347350120544434],"angle":-22.5,"axis":"x"},"faces":{"north":{"uv":[8.9355,5.252,8.8145,5.5605],"texture":"#0","tintindex":0,"rotation":0},"east":{"uv":[8.9355,4.877,8.8145,5.1855],"texture":"#0","tintindex":0,"rotation":0},"south":{"uv":[4.4355,8.8145,4.3145,9.123],"texture":"#0","tintindex":0,"rotation":0},"west":{"uv":[5.623,8.8145,5.502,9.123],"texture":"#0","tintindex":0,"rotation":0},"up":{"uv":[10.0605,2.4395,9.9395,2.5605],"texture":"#0","tintindex":0,"rotation":0},"down":{"uv":[2.6855,10.0605,2.5645,9.9395],"texture":"#0","tintindex":0,"rotation":0}}},{"from":[5.666049,1.6289005,1.8931503],"to":[8.258748,8.1105995,4.4858503],"rotation":{"origin":[-14.209650993347168,13.912048653515626,9.347350120544434],"angle":22.5,"axis":"x"},"faces":{"north":{"uv":[4.3145,8.8145,4.4355,9.123],"texture":"#0","tintindex":0,"rotation":0},"east":{"uv":[8.8145,4.877,8.9355,5.1855],"texture":"#0","tintindex":0,"rotation":0},"south":{"uv":[8.8145,5.252,8.9355,5.5605],"texture":"#0","tintindex":0,"rotation":0},"west":{"uv":[5.502,8.8145,5.623,9.123],"texture":"#0","tintindex":0,"rotation":0},"up":{"uv":[10.0605,2.5605,9.9395,2.4395],"texture":"#0","tintindex":0,"rotation":0},"down":{"uv":[2.6855,9.9395,2.5645,10.0605],"texture":"#0","tintindex":0,"rotation":0}}},{"from":[5.01785,-0.5696001,7.0898504],"to":[8.90685,3.3195,13.57155],"rotation":{"origin":[-14.209650993347168,13.912048653515626,9.347350120544434],"angle":45.0,"axis":"x"},"faces":{"north":{"uv":[9.002,8.252,9.1855,8.4355],"texture":"#0","tintindex":0,"rotation":0},"east":{"uv":[8.127,0.002,8.4355,0.1855],"texture":"#0","tintindex":0,"rotation":0},"south":{"uv":[8.377,9.002,8.5605,9.1855],"texture":"#0","tintindex":0,"rotation":0},"west":{"uv":[8.127,1.9395,8.4355,2.123],"texture":"#0","tintindex":0,"rotation":0},"up":{"uv":[8.3105,6.873,8.127,6.5645],"texture":"#0","tintindex":0,"rotation":0},"down":{"uv":[3.123,8.1895,2.9395,8.498],"texture":"#0","tintindex":0,"rotation":0}}},{"from":[6.875449,-8.282801,11.20125],"to":[9.468148,-3.0974998,12.49765],"rotation":{"origin":[-14.209650993347168,13.912048653515626,9.347350120544434],"angle":22.5,"axis":"z"},"faces":{"north":{"uv":[9.252,5.4395,9.373,5.6855],"texture":"#0","tintindex":0,"rotation":0},"east":{"uv":[0.877,9.9395,0.9355,10.1855],"texture":"#0","tintindex":0,"rotation":0},"south":{"uv":[9.252,5.752,9.373,5.998],"texture":"#0","tintindex":0,"rotation":0},"west":{"uv":[2.127,9.9395,2.1855,10.1855],"texture":"#0","tintindex":0,"rotation":0},"up":{"uv":[10.123,4.998,10.002,4.9395],"texture":"#0","tintindex":0,"rotation":0},"down":{"uv":[10.123,5.0645,10.002,5.123],"texture":"#0","tintindex":0,"rotation":0}}},{"from":[6.875449,-8.282801,3.42315],"to":[9.468148,-3.0974998,4.71955],"rotation":{"origin":[-14.209650993347168,13.912048653515626,9.347350120544434],"angle":22.5,"axis":"z"},"faces":{"north":{"uv":[9.252,5.4395,9.373,5.6855],"texture":"#0","tintindex":0,"rotation":0},"east":{"uv":[0.877,9.9395,0.9355,10.1855],"texture":"#0","tintindex":0,"rotation":0},"south":{"uv":[9.252,5.752,9.373,5.998],"texture":"#0","tintindex":0,"rotation":0},"west":{"uv":[2.127,9.9395,2.1855,10.1855],"texture":"#0","tintindex":0,"rotation":0},"up":{"uv":[10.123,4.998,10.002,4.9395],"texture":"#0","tintindex":0,"rotation":0},"down":{"uv":[10.123,5.0645,10.002,5.123],"texture":"#0","tintindex":0,"rotation":0}}},{"from":[6.875449,-8.282801,7.96035],"to":[12.060849,2.0879002,7.96035],"rotation":{"origin":[-14.209650993347168,13.912048653515626,9.347350120544434],"angle":22.5,"axis":"z"},"faces":{"north":{"uv":[2.252,6.377,2.498,6.873],"texture":"#0","tintindex":0,"rotation":0},"east":{"uv":[4.127,10.0645,4.127,10.5605],"texture":"#0","tintindex":0,"rotation":0},"south":{"uv":[2.498,6.377,2.252,6.873],"texture":"#0","tintindex":0,"rotation":0},"west":{"uv":[4.1895,10.0645,4.1895,10.5605],"texture":"#0","tintindex":0,"rotation":0},"up":{"uv":[10.3105,4.5645,10.0645,4.5645],"texture":"#0","tintindex":0,"rotation":0},"down":{"uv":[10.3105,4.627,10.0645,4.627],"texture":"#0","tintindex":0,"rotation":0}}},{"from":[9.124549,7.4302998,5.45835],"to":[20.791649,25.5792,5.45835],"rotation":{"origin":[9.124569806652836,17.801085453515633,8.051004520544433],"angle":-22.5,"axis":"z"},"faces":{"north":{"uv":[5.125,6.0,6.25,7.75],"texture":"#1","tintindex":0,"rotation":0},"east":{"uv":[4.625,7.5,4.625,9.25],"texture":"#1","tintindex":0,"rotation":0},"south":{"uv":[6.25,6.0,5.125,7.75],"texture":"#1","tintindex":0,"rotation":0},"west":{"uv":[4.75,7.5,4.75,9.25],"texture":"#1","tintindex":0,"rotation":0},"up":{"uv":[8.5,3.5,7.375,3.5],"texture":"#1","tintindex":0,"rotation":0},"down":{"uv":[8.5,3.625,7.375,3.625],"texture":"#1","tintindex":0,"rotation":0}}}]}