{"textures":{"0":"freeminecraftmodels:entity/11_em_blood_elemental/blood_elemental","1":"freeminecraftmodels:entity/11_em_blood_elemental/flame_fx"},"display":{"head":{"scale":[4.0,4.0,4.0],"translation":[0,-6.4,0]}},"elements":[{"from":[4.111,-1.0480976,4.2533503],"to":[11.889,8.026302,13.32775],"faces":{"north":{"uv":[0.752,1.377,1.123,1.8105],"texture":"#0","tintindex":0,"rotation":0},"east":{"uv":[1.9395,1.3145,2.373,1.748],"texture":"#0","tintindex":0,"rotation":0},"south":{"uv":[0.9395,5.8145,1.3105,6.248],"texture":"#0","tintindex":0,"rotation":0},"west":{"uv":[5.002,5.3145,5.4355,5.748],"texture":"#0","tintindex":0,"rotation":0},"up":{"uv":[6.1855,4.4355,5.8145,4.002],"texture":"#0","tintindex":0,"rotation":0},"down":{"uv":[5.1855,5.8145,4.8145,6.248],"texture":"#0","tintindex":0,"rotation":0}},"rotation":{"origin":[8.0,7.664650277050782,16.548749923706055],"angle":0.0,"axis":"x"}},{"from":[2.8146,14.2117,5.3833504],"to":[13.1854,16.804401,10.56875],"rotation":{"origin":[8.0,7.664650277050782,16.548749923706055],"angle":-45.0,"axis":"x"},"faces":{"north":{"uv":[7.502,2.252,7.998,2.373],"texture":"#0","tintindex":0,"rotation":0},"east":{"uv":[9.127,7.252,9.373,7.373],"texture":"#0","tintindex":0,"rotation":0},"south":{"uv":[7.502,2.4395,7.998,2.5605],"texture":"#0","tintindex":0,"rotation":0},"west":{"uv":[9.127,7.4395,9.373,7.5605],"texture":"#0","tintindex":0,"rotation":0},"up":{"uv":[0.498,6.623,0.002,6.377],"texture":"#0","tintindex":0,"rotation":0},"down":{"uv":[6.873,1.502,6.377,1.748],"texture":"#0","tintindex":0,"rotation":0}}},{"from":[-3.9766998,3.543602,3.6444502],"to":[3.8014002,7.432602,6.23715],"rotation":{"origin":[8.0,7.664650277050782,16.548749923706055],"angle":-22.5,"axis":"z"},"faces":{"north":{"uv":[5.377,2.752,5.748,2.9355],"texture":"#0","tintindex":0,"rotation":0},"east":{"uv":[7.5645,3.252,7.6855,3.4355],"texture":"#0","tintindex":0,"rotation":0},"south":{"uv":[3.9395,5.877,4.3105,6.0605],"texture":"#0","tintindex":0,"rotation":0},"west":{"uv":[2.502,9.377,2.623,9.5605],"texture":"#0","tintindex":0,"rotation":0},"up":{"uv":[8.623,1.873,8.252,1.752],"texture":"#0","tintindex":0,"rotation":0},"down":{"uv":[8.623,4.127,8.252,4.248],"texture":"#0","tintindex":0,"rotation":0}}},{"from":[-7.7135,0.6142006,3.9685497],"to":[0.06459999,3.2069016,5.9130497],"rotation":{"origin":[8.0,7.664650277050782,16.548749923706055],"angle":-45.0,"axis":"z"},"faces":{"north":{"uv":[8.252,4.8145,8.623,4.9355],"texture":"#0","tintindex":0,"rotation":0},"east":{"uv":[9.9395,3.252,10.0313,3.373],"texture":"#0","tintindex":0,"rotation":0},"south":{"uv":[8.3145,1.1895,8.6855,1.3105],"texture":"#0","tintindex":0,"rotation":0},"west":{"uv":[4.6895,9.9395,4.7813,10.0605],"texture":"#0","tintindex":0,"rotation":0},"up":{"uv":[9.3105,2.0313,8.9395,1.9395],"texture":"#0","tintindex":0,"rotation":0},"down":{"uv":[9.3105,2.127,8.9395,2.2188],"texture":"#0","tintindex":0,"rotation":0}}},{"from":[12.1986,3.543602,3.6444502],"to":[19.9767,7.432602,6.23715],"rotation":{"origin":[8.0,7.664650277050782,16.548749923706055],"angle":22.5,"axis":"z"},"faces":{"north":{"uv":[7.252,6.0645,7.623,6.248],"texture":"#0","tintindex":0,"rotation":0},"east":{"uv":[7.252,9.4395,7.373,9.623],"texture":"#0","tintindex":0,"rotation":0},"south":{"uv":[6.5645,7.4395,6.9355,7.623],"texture":"#0","tintindex":0,"rotation":0},"west":{"uv":[9.4395,7.4395,9.5605,7.623],"texture":"#0","tintindex":0,"rotation":0},"up":{"uv":[8.6855,2.3105,8.3145,2.1895],"texture":"#0","tintindex":0,"rotation":0},"down":{"uv":[8.6855,2.377,8.3145,2.498],"texture":"#0","tintindex":0,"rotation":0}}},{"from":[15.9354,0.6142006,3.9685497],"to":[23.713501,3.2069016,5.9130497],"rotation":{"origin":[8.0,7.664650277050782,16.548749923706055],"angle":45.0,"axis":"z"},"faces":{"north":{"uv":[8.3145,4.3145,8.6855,4.4355],"texture":"#0","tintindex":0,"rotation":0},"east":{"uv":[4.877,9.9395,4.9688,10.0605],"texture":"#0","tintindex":0,"rotation":0},"south":{"uv":[8.3145,4.502,8.6855,4.623],"texture":"#0","tintindex":0,"rotation":0},"west":{"uv":[5.0645,9.9395,5.1563,10.0605],"texture":"#0","tintindex":0,"rotation":0},"up":{"uv":[9.3105,2.4063,8.9395,2.3145],"texture":"#0","tintindex":0,"rotation":0},"down":{"uv":[9.3105,2.502,8.9395,2.5938],"texture":"#0","tintindex":0,"rotation":0}}},{"from":[0.40859985,-3.7255993,3.9685497],"to":[3.0012999,2.7561016,5.9130497],"rotation":{"origin":[8.0,7.664650277050782,16.548749923706055],"angle":-45.0,"axis":"z"},"faces":{"north":{"uv":[8.5645,2.5645,8.6855,2.873],"texture":"#0","tintindex":0,"rotation":0},"east":{"uv":[9.252,6.0645,9.3438,6.373],"texture":"#0","tintindex":0,"rotation":0},"south":{"uv":[2.877,8.5645,2.998,8.873],"texture":"#0","tintindex":0,"rotation":0},"west":{"uv":[9.252,8.002,9.3438,8.3105],"texture":"#0","tintindex":0,"rotation":0},"up":{"uv":[10.0605,5.2813,9.9395,5.1895],"texture":"#0","tintindex":0,"rotation":0},"down":{"uv":[5.373,9.9395,5.252,10.0313],"texture":"#0","tintindex":0,"rotation":0}}},{"from":[-5.1789,4.5283012,4.29265],"to":[-3.2343998,9.713701,5.58895],"rotation":{"origin":[8.0,7.664650277050782,16.548749923706055],"angle":22.5,"axis":"z"},"faces":{"north":{"uv":[9.4395,7.6895,9.5313,7.9355],"texture":"#0","tintindex":0,"rotation":0},"east":{"uv":[2.3145,3.1895,2.373,3.4355],"texture":"#0","tintindex":0,"rotation":0},"south":{"uv":[9.4395,8.002,9.5313,8.248],"texture":"#0","tintindex":0,"rotation":0},"west":{"uv":[1.4395,7.1895,1.498,7.4355],"texture":"#0","tintindex":0,"rotation":0},"up":{"uv":[10.0938,6.8105,10.002,6.752],"texture":"#0","tintindex":0,"rotation":0},"down":{"uv":[10.0938,6.877,10.002,6.9355],"texture":"#0","tintindex":0,"rotation":0}}},{"from":[19.2344,4.5283012,4.29265],"to":[21.1789,9.713701,5.58895],"rotation":{"origin":[8.0,7.664650277050782,16.548749923706055],"angle":-22.5,"axis":"z"},"faces":{"north":{"uv":[9.4395,9.3145,9.5313,9.5605],"texture":"#0","tintindex":0,"rotation":0},"east":{"uv":[4.4395,7.752,4.498,7.998],"texture":"#0","tintindex":0,"rotation":0},"south":{"uv":[9.502,0.6895,9.5938,0.9355],"texture":"#0","tintindex":0,"rotation":0},"west":{"uv":[3.8145,8.752,3.873,8.998],"texture":"#0","tintindex":0,"rotation":0},"up":{"uv":[7.7188,10.0605,7.627,10.002],"texture":"#0","tintindex":0,"rotation":0},"down":{"uv":[7.9063,10.002,7.8145,10.0605],"texture":"#0","tintindex":0,"rotation":0}}},{"from":[12.9987,-3.7255993,3.9685497],"to":[15.5914,2.7561016,5.9130497],"rotation":{"origin":[8.0,7.664650277050782,16.548749923706055],"angle":45.0,"axis":"z"},"faces":{"north":{"uv":[8.5645,2.9395,8.6855,3.248],"texture":"#0","tintindex":0,"rotation":0},"east":{"uv":[8.3145,9.252,8.4063,9.5605],"texture":"#0","tintindex":0,"rotation":0},"south":{"uv":[8.5645,3.3145,8.6855,3.623],"texture":"#0","tintindex":0,"rotation":0},"west":{"uv":[8.502,9.252,8.5938,9.5605],"texture":"#0","tintindex":0,"rotation":0},"up":{"uv":[5.5605,10.0313,5.4395,9.9395],"texture":"#0","tintindex":0,"rotation":0},"down":{"uv":[10.0605,5.5645,9.9395,5.6563],"texture":"#0","tintindex":0,"rotation":0}}},{"from":[6.7037,-0.3049984,2.6722498],"to":[9.2963,6.1767006,4.61675],"faces":{"north":{"uv":[8.5645,3.6895,8.6855,3.998],"texture":"#0","tintindex":0,"rotation":0},"east":{"uv":[8.6895,9.252,8.7813,9.5605],"texture":"#0","tintindex":0,"rotation":0},"south":{"uv":[4.9395,8.5645,5.0605,8.873],"texture":"#0","tintindex":0,"rotation":0},"west":{"uv":[9.3145,0.8145,9.4063,1.123],"texture":"#0","tintindex":0,"rotation":0},"up":{"uv":[5.9355,10.0313,5.8145,9.9395],"texture":"#0","tintindex":0,"rotation":0},"down":{"uv":[10.0605,6.002,9.9395,6.0938],"texture":"#0","tintindex":0,"rotation":0}},"rotation":{"origin":[8.0,7.664650277050782,16.548749923706055],"angle":0.0,"axis":"x"}},{"from":[7.3518,-1.5231991,2.7035503],"to":[8.6482,3.662201,5.2962503],"rotation":{"origin":[8.0,7.664650277050782,16.548749923706055],"angle":22.5,"axis":"x"},"faces":{"north":{"uv":[3.3145,9.8145,3.373,10.0605],"texture":"#0","tintindex":0,"rotation":0},"east":{"uv":[4.8145,5.502,4.9355,5.748],"texture":"#0","tintindex":0,"rotation":0},"south":{"uv":[2.4395,9.877,2.498,10.123],"texture":"#0","tintindex":0,"rotation":0},"west":{"uv":[7.9395,9.0645,8.0605,9.3105],"texture":"#0","tintindex":0,"rotation":0},"up":{"uv":[1.623,6.998,1.5645,6.877],"texture":"#0","tintindex":0,"rotation":0},"down":{"uv":[2.498,6.9395,2.4395,7.0605],"texture":"#0","tintindex":0,"rotation":0}}},{"from":[7.368,-1.4835987,2.9218502],"to":[8.632,1.1091022,7.45905],"rotation":{"origin":[8.0,7.664650277050782,16.548749923706055],"angle":45.0,"axis":"x"},"faces":{"north":{"uv":[7.127,4.5645,7.1855,4.6855],"texture":"#0","tintindex":0,"rotation":0},"east":{"uv":[8.877,9.3145,9.0938,9.4355],"texture":"#0","tintindex":0,"rotation":0},"south":{"uv":[7.627,1.1895,7.6855,1.3105],"texture":"#0","tintindex":0,"rotation":0},"west":{"uv":[0.002,9.377,0.2188,9.498],"texture":"#0","tintindex":0,"rotation":0},"up":{"uv":[2.998,10.1563,2.9395,9.9395],"texture":"#0","tintindex":0,"rotation":0},"down":{"uv":[9.998,4.002,9.9395,4.2188],"texture":"#0","tintindex":0,"rotation":0}}},{"from":[12.1986,7.432602,4.9408503],"to":[19.9767,12.618,4.9408503],"rotation":{"origin":[8.0,7.664650277050782,16.548749923706055],"angle":22.5,"axis":"z"},"faces":{"north":{"uv":[4.4395,6.8145,4.8105,7.0605],"texture":"#0","tintindex":0,"rotation":0},"east":{"uv":[0.5645,4.877,0.5645,5.123],"texture":"#0","tintindex":0,"rotation":0},"south":{"uv":[4.8105,6.8145,4.4395,7.0605],"texture":"#0","tintindex":0,"rotation":0},"west":{"uv":[5.252,0.877,5.252,1.123],"texture":"#0","tintindex":0,"rotation":0},"up":{"uv":[3.748,1.877,3.377,1.877],"texture":"#0","tintindex":0,"rotation":0},"down":{"uv":[0.373,5.127,0.002,5.127],"texture":"#0","tintindex":0,"rotation":0}}},{"from":[16.7358,-2.289999,4.9408503],"to":[21.9212,4.191702,4.9408503],"rotation":{"origin":[8.0,7.664650277050782,16.548749923706055],"angle":22.5,"axis":"z"},"faces":{"north":{"uv":[1.127,7.1895,1.373,7.498],"texture":"#0","tintindex":0,"rotation":0},"east":{"uv":[0.877,6.377,0.877,6.6855],"texture":"#0","tintindex":0,"rotation":0},"south":{"uv":[1.373,7.1895,1.127,7.498],"texture":"#0","tintindex":0,"rotation":0},"west":{"uv":[1.877,7.0645,1.877,7.373],"texture":"#0","tintindex":0,"rotation":0},"up":{"uv":[0.873,5.127,0.627,5.127],"texture":"#0","tintindex":0,"rotation":0},"down":{"uv":[5.6855,5.002,5.4395,5.002],"texture":"#0","tintindex":0,"rotation":0}}},{"from":[8.9762,-1.8224983,6.19785],"to":[11.5689,4.6592007,8.79055],"rotation":{"origin":[8.0,7.664650277050782,16.548749923706055],"angle":22.5,"axis":"z"},"faces":{"north":{"uv":[8.752,2.127,8.873,2.4355],"texture":"#0","tintindex":0,"rotation":0},"east":{"uv":[8.752,2.502,8.873,2.8105],"texture":"#0","tintindex":0,"rotation":0},"south":{"uv":[8.752,2.877,8.873,3.1855],"texture":"#0","tintindex":0,"rotation":0},"west":{"uv":[8.752,3.252,8.873,3.5605],"texture":"#0","tintindex":0,"rotation":0},"up":{"uv":[8.9355,9.998,8.8145,9.877],"texture":"#0","tintindex":0,"rotation":0},"down":{"uv":[10.0605,0.252,9.9395,0.373],"texture":"#0","tintindex":0,"rotation":0}}},{"from":[4.4311,-1.8224983,6.19785],"to":[7.0238,4.6592007,8.79055],"rotation":{"origin":[8.0,7.664650277050782,16.548749923706055],"angle":-22.5,"axis":"z"},"faces":{"north":{"uv":[3.4395,8.752,3.5605,9.0605],"texture":"#0","tintindex":0,"rotation":0},"east":{"uv":[3.627,8.752,3.748,9.0605],"texture":"#0","tintindex":0,"rotation":0},"south":{"uv":[8.752,3.627,8.873,3.9355],"texture":"#0","tintindex":0,"rotation":0},"west":{"uv":[8.752,4.002,8.873,4.3105],"texture":"#0","tintindex":0,"rotation":0},"up":{"uv":[0.4355,10.0605,0.3145,9.9395],"texture":"#0","tintindex":0,"rotation":0},"down":{"uv":[10.0605,0.4395,9.9395,0.5605],"texture":"#0","tintindex":0,"rotation":0}}},{"from":[-4.8295,1.9380016,6.52195],"to":[0.3558998,3.8825016,8.46645],"rotation":{"origin":[8.0,7.664650277050782,16.548749923706055],"angle":22.5,"axis":"z"},"faces":{"north":{"uv":[3.4395,9.6895,3.6855,9.7813],"texture":"#0","tintindex":0,"rotation":0},"east":{"uv":[10.002,3.4395,10.0938,3.5313],"texture":"#0","tintindex":0,"rotation":0},"south":{"uv":[9.6895,3.4395,9.9355,3.5313],"texture":"#0","tintindex":0,"rotation":0},"west":{"uv":[10.002,3.627,10.0938,3.7188],"texture":"#0","tintindex":0,"rotation":0},"up":{"uv":[9.9355,3.7188,9.6895,3.627],"texture":"#0","tintindex":0,"rotation":0},"down":{"uv":[3.998,9.6895,3.752,9.7813],"texture":"#0","tintindex":0,"rotation":0}}},{"from":[15.6441,1.9380016,6.52195],"to":[20.8295,3.8825016,8.46645],"rotation":{"origin":[8.0,7.664650277050782,16.548749923706055],"angle":-22.5,"axis":"z"},"faces":{"north":{"uv":[9.6895,3.8145,9.9355,3.9063],"texture":"#0","tintindex":0,"rotation":0},"east":{"uv":[10.002,3.8145,10.0938,3.9063],"texture":"#0","tintindex":0,"rotation":0},"south":{"uv":[9.6895,4.3145,9.9355,4.4063],"texture":"#0","tintindex":0,"rotation":0},"west":{"uv":[10.002,4.3145,10.0938,4.4063],"texture":"#0","tintindex":0,"rotation":0},"up":{"uv":[9.9355,4.9063,9.6895,4.8145],"texture":"#0","tintindex":0,"rotation":0},"down":{"uv":[9.9355,5.002,9.6895,5.0938],"texture":"#0","tintindex":0,"rotation":0}}},{"from":[-3.9766998,7.432602,4.9408503],"to":[3.8014002,12.618,4.9408503],"rotation":{"origin":[8.0,7.664650277050782,16.548749923706055],"angle":-22.5,"axis":"z"},"faces":{"north":{"uv":[4.8105,6.8145,4.4395,7.0605],"texture":"#0","tintindex":0,"rotation":0},"east":{"uv":[5.252,0.877,5.252,1.123],"texture":"#0","tintindex":0,"rotation":0},"south":{"uv":[4.4395,6.8145,4.8105,7.0605],"texture":"#0","tintindex":0,"rotation":0},"west":{"uv":[0.5645,4.877,0.5645,5.123],"texture":"#0","tintindex":0,"rotation":0},"up":{"uv":[3.377,1.877,3.748,1.877],"texture":"#0","tintindex":0,"rotation":0},"down":{"uv":[0.002,5.127,0.373,5.127],"texture":"#0","tintindex":0,"rotation":0}}},{"from":[-5.9212,-2.289999,4.9408503],"to":[-0.7357998,4.191702,4.9408503],"rotation":{"origin":[8.0,7.664650277050782,16.548749923706055],"angle":-22.5,"axis":"z"},"faces":{"north":{"uv":[1.373,7.1895,1.127,7.498],"texture":"#0","tintindex":0,"rotation":0},"east":{"uv":[1.877,7.0645,1.877,7.373],"texture":"#0","tintindex":0,"rotation":0},"south":{"uv":[1.127,7.1895,1.373,7.498],"texture":"#0","tintindex":0,"rotation":0},"west":{"uv":[0.877,6.377,0.877,6.6855],"texture":"#0","tintindex":0,"rotation":0},"up":{"uv":[0.627,5.127,0.873,5.127],"texture":"#0","tintindex":0,"rotation":0},"down":{"uv":[5.4395,5.002,5.6855,5.002],"texture":"#0","tintindex":0,"rotation":0}}},{"from":[-1.0744,8.058502,8.12255],"to":[17.0744,19.725601,8.12255],"rotation":{"origin":[8.648172800000001,13.892053760546432,8.122503523706053],"angle":22.5,"axis":"x"},"faces":{"north":{"uv":[5.5,3.0,7.25,4.125],"texture":"#1","tintindex":0,"rotation":0},"east":{"uv":[4.875,1.5,4.875,2.625],"texture":"#1","tintindex":0,"rotation":0},"south":{"uv":[7.25,3.0,5.5,4.125],"texture":"#1","tintindex":0,"rotation":0},"west":{"uv":[5.0,1.5,5.0,2.625],"texture":"#1","tintindex":0,"rotation":0},"up":{"uv":[9.125,4.0,7.375,4.0],"texture":"#1","tintindex":0,"rotation":0},"down":{"uv":[9.125,4.125,7.375,4.125],"texture":"#1","tintindex":0,"rotation":0}}}]}