{"textures":{"0":"freeminecraftmodels:entity/em_goblin_armor/em_goblin_armor_main","1":"freeminecraftmodels:entity/em_goblin_armor/em_goblin_armor_extra","2":"freeminecraftmodels:entity/em_goblin_armor/em_goblin_armor_armor","3":"freeminecraftmodels:entity/em_goblin_armor/em_goblin_armor_extra_2"},"display":{"head":{"scale":[4.0,4.0,4.0],"translation":[0,-6.4,0]}},"elements":[{"from":[6.8,6.8,7.3999996],"to":[9.2,9.6,9.0],"faces":{"north":{"uv":[7.0,6.0,10.0,9.5],"texture":"#0","tintindex":0,"rotation":0},"east":{"uv":[3.0,9.5,5.0,13.0],"texture":"#0","tintindex":0,"rotation":0},"south":{"uv":[8.0,0.0,11.0,3.5],"texture":"#0","tintindex":0,"rotation":0},"west":{"uv":[5.0,9.5,7.0,13.0],"texture":"#0","tintindex":0,"rotation":0},"up":{"uv":[11.0,5.5,8.0,3.5],"texture":"#0","tintindex":0,"rotation":0},"down":{"uv":[10.0,9.5,7.0,11.5],"texture":"#0","tintindex":0,"rotation":0}},"rotation":{"origin":[7.2,6.7999999046325685,8.199999809265137],"angle":0.0,"axis":"x"}},{"from":[7.2,7.2,7.0],"to":[8.8,8.8,7.3999996],"faces":{"north":{"uv":[11.0,0.0,13.0,2.0],"texture":"#0","tintindex":0,"rotation":0},"east":{"uv":[4.0,13.0,4.5,15.0],"texture":"#0","tintindex":0,"rotation":0},"south":{"uv":[11.0,2.0,13.0,4.0],"texture":"#0","tintindex":0,"rotation":0},"west":{"uv":[4.5,13.0,5.0,15.0],"texture":"#0","tintindex":0,"rotation":0},"up":{"uv":[10.0,6.0,8.0,5.5],"texture":"#0","tintindex":0,"rotation":0},"down":{"uv":[15.0,3.0,13.0,3.5],"texture":"#0","tintindex":0,"rotation":0}},"rotation":{"origin":[7.2,5.599999904632568,8.199999809265137],"angle":0.0,"axis":"x"}},{"from":[7.2,6.0,7.3999996],"to":[8.8,6.8,7.3999996],"faces":{"north":{"uv":[5.0,14.0,7.0,15.0],"texture":"#0","tintindex":0,"rotation":0},"east":{"uv":[0.0,15.0,0.0,16.0],"texture":"#0","tintindex":0,"rotation":0},"south":{"uv":[7.0,14.0,9.0,15.0],"texture":"#0","tintindex":0,"rotation":0},"west":{"uv":[0.0,15.0,0.0,16.0],"texture":"#0","tintindex":0,"rotation":0},"up":{"uv":[0.0,16.0,2.0,16.0],"texture":"#0","tintindex":0,"rotation":0},"down":{"uv":[0.0,16.0,2.0,16.0],"texture":"#0","tintindex":0,"rotation":0}},"rotation":{"origin":[8.0,6.7999999046325685,7.399999809265137],"angle":0.0,"axis":"x"}},{"from":[7.2,6.0,9.0],"to":[8.8,6.8,9.0],"faces":{"north":{"uv":[7.0,14.0,5.0,15.0],"texture":"#0","tintindex":0,"rotation":0},"east":{"uv":[0.0,15.0,0.0,16.0],"texture":"#0","tintindex":0,"rotation":0},"south":{"uv":[9.0,14.0,7.0,15.0],"texture":"#0","tintindex":0,"rotation":0},"west":{"uv":[0.0,15.0,0.0,16.0],"texture":"#0","tintindex":0,"rotation":0},"up":{"uv":[2.0,16.0,0.0,16.0],"texture":"#0","tintindex":0,"rotation":0},"down":{"uv":[2.0,16.0,0.0,16.0],"texture":"#0","tintindex":0,"rotation":0}},"rotation":{"origin":[8.0,6.7999999046325685,8.999999809265137],"angle":0.0,"axis":"x"}},{"from":[6.4,6.4,7.7999997],"to":[6.8,7.2,8.599999],"faces":{"north":{"uv":[14.0,11.0,14.5,12.0],"texture":"#0","tintindex":0,"rotation":0},"east":{"uv":[14.0,12.0,15.0,13.0],"texture":"#0","tintindex":0,"rotation":0},"south":{"uv":[14.0,4.0,14.5,5.0],"texture":"#0","tintindex":0,"rotation":0},"west":{"uv":[14.0,13.0,15.0,14.0],"texture":"#0","tintindex":0,"rotation":0},"up":{"uv":[14.5,4.0,15.0,5.0],"texture":"#0","tintindex":0,"rotation":0},"down":{"uv":[14.5,11.0,15.0,12.0],"texture":"#0","tintindex":0,"rotation":0}},"rotation":{"origin":[6.4,6.399999904632568,8.199999809265137],"angle":0.0,"axis":"x"}},{"from":[5.6,9.6,7.7999997],"to":[6.4,10.0,8.599999],"faces":{"north":{"uv":[7.5,4.0,8.5,4.5],"texture":"#2","tintindex":0,"rotation":0},"east":{"uv":[7.5,4.5,8.5,5.0],"texture":"#2","tintindex":0,"rotation":0},"south":{"uv":[7.5,5.0,8.5,5.5],"texture":"#2","tintindex":0,"rotation":0},"west":{"uv":[7.5,5.5,8.5,6.0],"texture":"#2","tintindex":0,"rotation":0},"up":{"uv":[8.5,1.0,7.5,0.0],"texture":"#2","tintindex":0,"rotation":0},"down":{"uv":[8.5,1.0,7.5,2.0],"texture":"#2","tintindex":0,"rotation":0}},"rotation":{"origin":[6.0,9.599999904632568,8.199999809265137],"angle":0.0,"axis":"x"}},{"from":[9.6,9.6,7.7999997],"to":[10.4,10.0,8.599999],"faces":{"north":{"uv":[7.5,6.0,8.5,6.5],"texture":"#2","tintindex":0,"rotation":0},"east":{"uv":[7.5,6.5,8.5,7.0],"texture":"#2","tintindex":0,"rotation":0},"south":{"uv":[7.5,7.0,8.5,7.5],"texture":"#2","tintindex":0,"rotation":0},"west":{"uv":[7.5,7.5,8.5,8.0],"texture":"#2","tintindex":0,"rotation":0},"up":{"uv":[8.5,3.0,7.5,2.0],"texture":"#2","tintindex":0,"rotation":0},"down":{"uv":[8.5,3.0,7.5,4.0],"texture":"#2","tintindex":0,"rotation":0}},"rotation":{"origin":[10.0,9.599999904632568,8.199999809265137],"angle":0.0,"axis":"x"}}]}