{"textures":{"0":"freeminecraftmodels:entity/em_goblin_armor/em_goblin_armor_main","1":"freeminecraftmodels:entity/em_goblin_armor/em_goblin_armor_extra","2":"freeminecraftmodels:entity/em_goblin_armor/em_goblin_armor_armor","3":"freeminecraftmodels:entity/em_goblin_armor/em_goblin_armor_extra_2"},"display":{"head":{"scale":[4.0,4.0,4.0],"translation":[0,-6.4,0]}},"elements":[{"from":[6.3996,6.75,7.2],"to":[9.6004,9.15,9.599999],"faces":{"north":{"uv":[0.0,0.5,4.0,3.5],"texture":"#0","tintindex":0,"rotation":0},"east":{"uv":[4.0,6.5,7.0,9.5],"texture":"#0","tintindex":0,"rotation":0},"south":{"uv":[0.0,3.5,4.0,7.0],"texture":"#0","tintindex":0,"rotation":0},"west":{"uv":[0.0,7.5,3.0,10.5],"texture":"#0","tintindex":0,"rotation":0},"up":{"uv":[8.0,3.0,4.0,0.5],"texture":"#0","tintindex":0,"rotation":0},"down":{"uv":[8.0,3.0,4.0,6.0],"texture":"#0","tintindex":0,"rotation":0}},"rotation":{"origin":[7.2,6.75,8.399999618530273],"angle":0.0,"axis":"x"}},{"from":[7.6,7.15,6.3999996],"to":[8.4,8.35,7.2],"faces":{"north":{"uv":[3.0,7.0,4.0,8.5],"texture":"#0","tintindex":0,"rotation":0},"east":{"uv":[2.0,10.5,3.0,12.0],"texture":"#0","tintindex":0,"rotation":0},"south":{"uv":[2.0,12.0,3.0,13.5],"texture":"#0","tintindex":0,"rotation":0},"west":{"uv":[12.0,11.0,13.0,12.5],"texture":"#0","tintindex":0,"rotation":0},"up":{"uv":[4.0,9.5,3.0,8.5],"texture":"#0","tintindex":0,"rotation":0},"down":{"uv":[4.0,13.0,3.0,14.0],"texture":"#0","tintindex":0,"rotation":0}},"rotation":{"origin":[7.2,6.75,5.999999618530273],"angle":0.0,"axis":"x"}},{"from":[4.8,7.15,7.9999995],"to":[6.4,9.15,7.9999995],"rotation":{"origin":[6.4,7.95,7.999999618530273],"angle":45.0,"axis":"y"},"faces":{"north":{"uv":[10.0,5.5,12.0,8.0],"texture":"#0","tintindex":0,"rotation":0},"east":{"uv":[0.0,0.0,0.0,2.5],"texture":"#0","tintindex":0,"rotation":0},"south":{"uv":[12.0,5.5,10.0,8.0],"texture":"#0","tintindex":0,"rotation":0},"west":{"uv":[0.0,0.0,0.0,2.5],"texture":"#0","tintindex":0,"rotation":0},"up":{"uv":[2.0,0.0,0.0,0.0],"texture":"#0","tintindex":0,"rotation":0},"down":{"uv":[2.0,0.0,0.0,0.0],"texture":"#0","tintindex":0,"rotation":0}}},{"from":[9.6,7.15,7.9999995],"to":[11.2,9.15,7.9999995],"rotation":{"origin":[9.6,7.95,7.999999618530273],"angle":-45.0,"axis":"y"},"faces":{"north":{"uv":[0.0,10.5,2.0,13.0],"texture":"#0","tintindex":0,"rotation":0},"east":{"uv":[0.0,0.0,0.0,2.5],"texture":"#0","tintindex":0,"rotation":0},"south":{"uv":[2.0,10.5,0.0,13.0],"texture":"#0","tintindex":0,"rotation":0},"west":{"uv":[0.0,0.0,0.0,2.5],"texture":"#0","tintindex":0,"rotation":0},"up":{"uv":[2.0,0.0,0.0,0.0],"texture":"#0","tintindex":0,"rotation":0},"down":{"uv":[2.0,0.0,0.0,0.0],"texture":"#0","tintindex":0,"rotation":0}}},{"from":[6.3,9.25,7.0999994],"to":[9.7,9.25,9.599999],"faces":{"north":{"uv":[0.0,0.0,4.5,0.0],"texture":"#2","tintindex":0,"rotation":0},"east":{"uv":[0.0,0.0,3.0,0.0],"texture":"#2","tintindex":0,"rotation":0},"south":{"uv":[0.0,0.0,4.5,0.0],"texture":"#2","tintindex":0,"rotation":0},"west":{"uv":[0.0,0.0,3.0,0.0],"texture":"#2","tintindex":0,"rotation":0},"up":{"uv":[4.5,3.0,0.0,0.0],"texture":"#2","tintindex":0,"rotation":0},"down":{"uv":[4.5,3.0,0.0,6.0],"texture":"#2","tintindex":0,"rotation":0}},"rotation":{"origin":[8.0,9.25,8.399999618530273],"angle":0.0,"axis":"x"}},{"from":[6.3,7.65,9.599999],"to":[9.7,9.25,9.599999],"faces":{"north":{"uv":[0.0,0.0,4.25,2.0],"texture":"#2","tintindex":0,"rotation":0},"east":{"uv":[0.0,0.0,0.0,2.0],"texture":"#2","tintindex":0,"rotation":0},"south":{"uv":[0.0,3.0,4.25,5.0],"texture":"#2","tintindex":0,"rotation":0},"west":{"uv":[0.0,0.0,0.0,2.0],"texture":"#2","tintindex":0,"rotation":0},"up":{"uv":[0.0,0.0,4.25,0.0],"texture":"#2","tintindex":0,"rotation":0},"down":{"uv":[0.0,0.0,4.25,0.0],"texture":"#2","tintindex":0,"rotation":0}},"rotation":{"origin":[8.0,9.25,8.399999618530273],"angle":0.0,"axis":"x"}},{"from":[9.7,7.65,7.0999994],"to":[9.7,9.25,9.599999],"faces":{"north":{"uv":[0.0,0.0,0.0,2.0],"texture":"#2","tintindex":0,"rotation":0},"east":{"uv":[4.5,4.0,7.5,6.0],"texture":"#2","tintindex":0,"rotation":0},"south":{"uv":[0.0,0.0,0.0,2.0],"texture":"#2","tintindex":0,"rotation":0},"west":{"uv":[0.0,6.0,3.0,8.0],"texture":"#2","tintindex":0,"rotation":0},"up":{"uv":[0.0,3.0,0.0,0.0],"texture":"#2","tintindex":0,"rotation":0},"down":{"uv":[0.0,0.0,0.0,3.0],"texture":"#2","tintindex":0,"rotation":0}},"rotation":{"origin":[8.0,9.25,8.399999618530273],"angle":0.0,"axis":"x"}},{"from":[6.3,7.65,7.0999994],"to":[6.3,9.25,9.599999],"faces":{"north":{"uv":[0.0,0.0,0.0,2.0],"texture":"#2","tintindex":0,"rotation":0},"east":{"uv":[4.5,0.0,7.5,2.0],"texture":"#2","tintindex":0,"rotation":0},"south":{"uv":[0.0,0.0,0.0,2.0],"texture":"#2","tintindex":0,"rotation":0},"west":{"uv":[4.5,2.0,7.5,4.0],"texture":"#2","tintindex":0,"rotation":0},"up":{"uv":[0.0,3.0,0.0,0.0],"texture":"#2","tintindex":0,"rotation":0},"down":{"uv":[0.0,0.0,0.0,3.0],"texture":"#2","tintindex":0,"rotation":0}},"rotation":{"origin":[8.0,9.25,8.399999618530273],"angle":0.0,"axis":"x"}},{"from":[6.3,8.35,7.0999994],"to":[9.7,9.25,7.0999994],"faces":{"north":{"uv":[3.0,6.0,7.5,7.0],"texture":"#2","tintindex":0,"rotation":0},"east":{"uv":[0.0,0.0,0.0,1.0],"texture":"#2","tintindex":0,"rotation":0},"south":{"uv":[3.0,7.0,7.5,8.0],"texture":"#2","tintindex":0,"rotation":0},"west":{"uv":[0.0,0.0,0.0,1.0],"texture":"#2","tintindex":0,"rotation":0},"up":{"uv":[4.5,0.0,0.0,0.0],"texture":"#2","tintindex":0,"rotation":0},"down":{"uv":[4.5,0.0,0.0,0.0],"texture":"#2","tintindex":0,"rotation":0}},"rotation":{"origin":[8.0,9.25,7.199999618530273],"angle":0.0,"axis":"x"}}]}