{"textures":{"0":"freeminecraftmodels:entity/em_goblin_armor/em_goblin_armor_main","1":"freeminecraftmodels:entity/em_goblin_armor/em_goblin_armor_extra","2":"freeminecraftmodels:entity/em_goblin_armor/em_goblin_armor_armor","3":"freeminecraftmodels:entity/em_goblin_armor/em_goblin_armor_extra_2"},"display":{"head":{"scale":[4.0,4.0,4.0],"translation":[0,-6.4,0]}},"elements":[{"from":[7.8,9.0,7.4],"to":[8.6,9.4,8.6],"faces":{"north":{"uv":[4.0,9.5,5.0,10.0],"texture":"#3","tintindex":0,"rotation":0},"east":{"uv":[8.0,9.0,9.5,9.5],"texture":"#3","tintindex":0,"rotation":0},"south":{"uv":[5.0,9.5,6.0,10.0],"texture":"#3","tintindex":0,"rotation":0},"west":{"uv":[9.0,8.0,10.5,8.5],"texture":"#3","tintindex":0,"rotation":0},"up":{"uv":[5.0,9.5,4.0,8.0],"texture":"#3","tintindex":0,"rotation":0},"down":{"uv":[6.0,8.0,5.0,9.5],"texture":"#3","tintindex":0,"rotation":0}},"rotation":{"origin":[7.800000190734863,10.599999904632568,7.8],"angle":0.0,"axis":"x"}},{"from":[7.8,10.2,8.2],"to":[8.6,11.4,8.6],"faces":{"north":{"uv":[2.0,8.0,3.0,9.5],"texture":"#3","tintindex":0,"rotation":0},"east":{"uv":[7.0,9.0,7.5,10.5],"texture":"#3","tintindex":0,"rotation":0},"south":{"uv":[3.0,8.0,4.0,9.5],"texture":"#3","tintindex":0,"rotation":0},"west":{"uv":[7.5,9.0,8.0,10.5],"texture":"#3","tintindex":0,"rotation":0},"up":{"uv":[10.0,9.0,9.0,8.5],"texture":"#3","tintindex":0,"rotation":0},"down":{"uv":[3.0,9.5,2.0,10.0],"texture":"#3","tintindex":0,"rotation":0}},"rotation":{"origin":[7.800000190734863,11.799999904632568,7.8],"angle":0.0,"axis":"x"}},{"from":[7.8,9.4,7.0],"to":[8.200001,10.2,9.0],"faces":{"north":{"uv":[3.0,9.5,3.5,10.5],"texture":"#3","tintindex":0,"rotation":0},"east":{"uv":[7.0,6.0,9.5,7.0],"texture":"#3","tintindex":0,"rotation":0},"south":{"uv":[3.5,9.5,4.0,10.5],"texture":"#3","tintindex":0,"rotation":0},"west":{"uv":[7.0,7.0,9.5,8.0],"texture":"#3","tintindex":0,"rotation":0},"up":{"uv":[6.5,10.5,6.0,8.0],"texture":"#3","tintindex":0,"rotation":0},"down":{"uv":[7.0,8.0,6.5,10.5],"texture":"#3","tintindex":0,"rotation":0}},"rotation":{"origin":[7.800000190734863,10.999999904632569,7.8],"angle":0.0,"axis":"x"}},{"from":[7.8,5.0,7.8],"to":[8.200001,9.0,8.2],"faces":{"north":{"uv":[0.0,8.0,0.5,13.0],"texture":"#3","tintindex":0,"rotation":0},"east":{"uv":[0.5,8.0,1.0,13.0],"texture":"#3","tintindex":0,"rotation":0},"south":{"uv":[1.0,8.0,1.5,13.0],"texture":"#3","tintindex":0,"rotation":0},"west":{"uv":[1.5,8.0,2.0,13.0],"texture":"#3","tintindex":0,"rotation":0},"up":{"uv":[10.0,6.5,9.5,6.0],"texture":"#3","tintindex":0,"rotation":0},"down":{"uv":[10.0,6.5,9.5,7.0],"texture":"#3","tintindex":0,"rotation":0}},"rotation":{"origin":[7.800000190734863,8.199999904632568,7.8],"angle":0.0,"axis":"x"}},{"from":[7.4,4.6,8.1],"to":[8.200001,5.4,8.1],"faces":{"north":{"uv":[7.0,8.0,8.0,9.0],"texture":"#3","tintindex":0,"rotation":0},"east":{"uv":[0.0,0.0,0.0,1.0],"texture":"#3","tintindex":0,"rotation":0},"south":{"uv":[8.0,8.0,9.0,9.0],"texture":"#3","tintindex":0,"rotation":0},"west":{"uv":[0.0,0.0,0.0,1.0],"texture":"#3","tintindex":0,"rotation":0},"up":{"uv":[1.0,0.0,0.0,0.0],"texture":"#3","tintindex":0,"rotation":0},"down":{"uv":[1.0,0.0,0.0,0.0],"texture":"#3","tintindex":0,"rotation":0}},"rotation":{"origin":[7.800000190734863,7.7999999046325685,7.7],"angle":0.0,"axis":"x"}}]}