{"textures":{"0":"freeminecraftmodels:entity/02_em_sea_monster/kraken"},"display":{"head":{"scale":[4.0,4.0,4.0],"translation":[0,-6.4,0]}},"elements":[{"from":[2.31,4.08,8.0],"to":[7.11,11.92,8.0],"faces":{"north":{"uv":[2.8125,4.0,3.5625,5.25],"texture":"#0","tintindex":0,"rotation":0},"east":{"uv":[0.0,0.0,0.0,1.25],"texture":"#0","tintindex":0,"rotation":0},"south":{"uv":[3.5625,4.0,4.3125,5.25],"texture":"#0","tintindex":0,"rotation":0},"west":{"uv":[0.0,0.0,0.0,1.25],"texture":"#0","tintindex":0,"rotation":0},"up":{"uv":[0.75,0.0,0.0,0.0],"texture":"#0","tintindex":0,"rotation":0},"down":{"uv":[0.75,0.0,0.0,0.0],"texture":"#0","tintindex":0,"rotation":0}},"rotation":{"origin":[7.840000152587891,-12.039967546477548,7.999993286505948],"angle":0.0,"axis":"x"}},{"from":[8.89,4.08,8.0],"to":[13.690001,11.92,8.0],"faces":{"north":{"uv":[3.5625,4.0,2.8125,5.25],"texture":"#0","tintindex":0,"rotation":0},"east":{"uv":[0.0,0.0,0.0,1.25],"texture":"#0","tintindex":0,"rotation":0},"south":{"uv":[4.3125,4.0,3.5625,5.25],"texture":"#0","tintindex":0,"rotation":0},"west":{"uv":[0.0,0.0,0.0,1.25],"texture":"#0","tintindex":0,"rotation":0},"up":{"uv":[0.0,0.0,0.75,0.0],"texture":"#0","tintindex":0,"rotation":0},"down":{"uv":[0.0,0.0,0.75,0.0],"texture":"#0","tintindex":0,"rotation":0}},"rotation":{"origin":[7.840000152587891,-12.039967546477548,7.999993286505948],"angle":0.0,"axis":"x"}}]}