{"textures":{"0":"freeminecraftmodels:entity/02_em_sea_monster/kraken"},"display":{"head":{"scale":[4.0,4.0,4.0],"translation":[0,-6.4,0]}},"elements":[{"from":[5.2999997,0.9251003,4.53],"to":[10.379999,3.7251,9.610001],"faces":{"north":{"uv":[6.0625,1.25,6.875,1.6875],"texture":"#0","tintindex":0,"rotation":0},"east":{"uv":[1.625,6.0625,2.4375,6.5],"texture":"#0","tintindex":0,"rotation":0},"south":{"uv":[6.0625,3.0625,6.875,3.5],"texture":"#0","tintindex":0,"rotation":0},"west":{"uv":[6.0625,3.5,6.875,3.9375],"texture":"#0","tintindex":0,"rotation":0},"up":{"uv":[6.0625,2.0625,5.25,1.25],"texture":"#0","tintindex":0,"rotation":0},"down":{"uv":[2.4375,5.25,1.625,6.0625],"texture":"#0","tintindex":0,"rotation":0}},"rotation":{"origin":[7.819999694824219,-7.2848669910576245,8.319993496314298],"angle":0.0,"axis":"x"}},{"from":[5.5099998,3.7251,4.7700005],"to":[10.2699995,4.5250998,9.35],"faces":{"north":{"uv":[7.9375,1.875,8.6875,2.0],"texture":"#0","tintindex":0,"rotation":0},"east":{"uv":[7.9375,2.125,8.625,2.25],"texture":"#0","tintindex":0,"rotation":0},"south":{"uv":[7.9375,2.0,8.6875,2.125],"texture":"#0","tintindex":0,"rotation":0},"west":{"uv":[7.9375,7.5625,8.625,7.6875],"texture":"#0","tintindex":0,"rotation":0},"up":{"uv":[4.4375,1.9375,3.6875,1.25],"texture":"#0","tintindex":0,"rotation":0},"down":{"uv":[5.0625,5.125,4.3125,5.8125],"texture":"#0","tintindex":0,"rotation":0}},"rotation":{"origin":[7.819999694824219,-7.2848669910576245,8.319993496314298],"angle":0.0,"axis":"x"}},{"from":[3.8999996,3.0451002,3.13],"to":[12.1,9.4751005,10.01],"faces":{"north":{"uv":[1.3125,0.0,2.625,1.0],"texture":"#0","tintindex":0,"rotation":0},"east":{"uv":[2.625,1.0,3.6875,2.0],"texture":"#0","tintindex":0,"rotation":0},"south":{"uv":[1.3125,1.0,2.625,2.0],"texture":"#0","tintindex":0,"rotation":0},"west":{"uv":[2.4375,3.0,3.5,4.0],"texture":"#0","tintindex":0,"rotation":0},"up":{"uv":[1.3125,1.0625,0.0,0.0],"texture":"#0","tintindex":0,"rotation":0},"down":{"uv":[1.3125,1.0625,0.0,2.125],"texture":"#0","tintindex":0,"rotation":0}},"rotation":{"origin":[7.839999694824218,6.260133008942383,7.069993496314294],"angle":0.0,"axis":"x"}},{"from":[7.9799995,3.0451002,0.17000008],"to":[7.9799995,9.4751005,3.5300002],"rotation":{"origin":[7.839999694824218,6.260133008942383,7.069993496314294],"angle":22.5,"axis":"x"},"faces":{"north":{"uv":[0.0,0.0,0.0,1.0],"texture":"#0","tintindex":0,"rotation":0},"east":{"uv":[5.25,2.0625,5.75,3.0625],"texture":"#0","tintindex":0,"rotation":0},"south":{"uv":[0.0,0.0,0.0,1.0],"texture":"#0","tintindex":0,"rotation":0},"west":{"uv":[2.4375,5.25,2.9375,6.25],"texture":"#0","tintindex":0,"rotation":0},"up":{"uv":[0.0,0.5,0.0,0.0],"texture":"#0","tintindex":0,"rotation":0},"down":{"uv":[0.0,0.0,0.0,0.5],"texture":"#0","tintindex":0,"rotation":0}}},{"from":[7.9799995,-0.03489971,0.8500004],"to":[7.9799995,4.2351,3.65],"rotation":{"origin":[7.979999694824219,2.1801330089423816,1.5699934963142903],"angle":-22.5,"axis":"x"},"faces":{"north":{"uv":[0.0,0.0,0.0,0.6875],"texture":"#0","tintindex":0,"rotation":0},"east":{"uv":[6.0625,3.9375,6.5,4.625],"texture":"#0","tintindex":0,"rotation":0},"south":{"uv":[0.0,0.0,0.0,0.6875],"texture":"#0","tintindex":0,"rotation":0},"west":{"uv":[6.0625,4.625,6.5,5.3125],"texture":"#0","tintindex":0,"rotation":0},"up":{"uv":[0.0,0.4375,0.0,0.0],"texture":"#0","tintindex":0,"rotation":0},"down":{"uv":[0.0,0.0,0.0,0.4375],"texture":"#0","tintindex":0,"rotation":0}}},{"from":[8.059999,11.7649,3.3287],"to":[8.059999,18.1949,6.1287003],"rotation":{"origin":[6.019999694824219,14.979869339731195,4.728669443236257],"angle":45.0,"axis":"x"},"faces":{"north":{"uv":[0.0,0.0,0.0,1.0],"texture":"#0","tintindex":0,"rotation":0},"east":{"uv":[1.625,4.1875,2.0625,5.1875],"texture":"#0","tintindex":0,"rotation":0},"south":{"uv":[0.0,0.0,0.0,1.0],"texture":"#0","tintindex":0,"rotation":0},"west":{"uv":[2.9375,5.25,3.375,6.25],"texture":"#0","tintindex":0,"rotation":0},"up":{"uv":[0.0,0.4375,0.0,0.0],"texture":"#0","tintindex":0,"rotation":0},"down":{"uv":[0.0,0.0,0.0,0.4375],"texture":"#0","tintindex":0,"rotation":0}}},{"from":[4.0999994,3.0451002,2.17],"to":[11.54,6.8751,3.7300003],"rotation":{"origin":[7.839999694824218,6.260133008942383,7.069993496314294],"angle":-22.5,"axis":"x"},"faces":{"north":{"uv":[5.25,0.0,6.4375,0.625],"texture":"#0","tintindex":0,"rotation":0},"east":{"uv":[6.875,0.875,7.125,1.5],"texture":"#0","tintindex":0,"rotation":0},"south":{"uv":[5.25,0.625,6.4375,1.25],"texture":"#0","tintindex":0,"rotation":0},"west":{"uv":[6.9375,4.5625,7.1875,5.1875],"texture":"#0","tintindex":0,"rotation":0},"up":{"uv":[7.25,1.9375,6.0625,1.6875],"texture":"#0","tintindex":0,"rotation":0},"down":{"uv":[7.25,5.3125,6.0625,5.5625],"texture":"#0","tintindex":0,"rotation":0}}},{"from":[7.18,4.2851,2.17],"to":[9.0199995,7.8351,3.4900002],"rotation":{"origin":[7.839999694824218,5.220133008942382,7.589993496314291],"angle":-45.0,"axis":"x"},"faces":{"north":{"uv":[4.0,5.25,4.3125,5.8125],"texture":"#0","tintindex":0,"rotation":0},"east":{"uv":[6.4375,0.6875,6.625,1.25],"texture":"#0","tintindex":0,"rotation":0},"south":{"uv":[4.75,5.8125,5.0625,6.375],"texture":"#0","tintindex":0,"rotation":0},"west":{"uv":[5.75,7.9375,5.9375,8.5],"texture":"#0","tintindex":0,"rotation":0},"up":{"uv":[5.5625,3.25,5.25,3.0625],"texture":"#0","tintindex":0,"rotation":0},"down":{"uv":[6.4375,2.875,6.125,3.0625],"texture":"#0","tintindex":0,"rotation":0}}},{"from":[7.35,3.4351,2.0100002],"to":[8.67,5.8351,2.75],"faces":{"north":{"uv":[0.6875,5.0,0.875,5.375],"texture":"#0","tintindex":0,"rotation":0},"east":{"uv":[0.5625,5.5625,0.6875,5.9375],"texture":"#0","tintindex":0,"rotation":0},"south":{"uv":[6.625,0.875,6.8125,1.25],"texture":"#0","tintindex":0,"rotation":0},"west":{"uv":[3.25,6.25,3.375,6.625],"texture":"#0","tintindex":0,"rotation":0},"up":{"uv":[1.125,4.1875,0.9375,4.0625],"texture":"#0","tintindex":0,"rotation":0},"down":{"uv":[6.9375,5.1875,6.75,5.3125],"texture":"#0","tintindex":0,"rotation":0}},"rotation":{"origin":[8.09999969482422,4.635133008942384,2.3899934963142897],"angle":0.0,"axis":"x"}},{"from":[7.7499995,5.7823,2.3821],"to":[8.23,7.4623003,2.9621],"rotation":{"origin":[7.989999694824219,6.542272704255245,1.7520921069428992],"angle":22.5,"axis":"x"},"faces":{"north":{"uv":[3.6875,1.0,3.75,1.25],"texture":"#0","tintindex":0,"rotation":0},"east":{"uv":[4.4375,1.6875,4.5,1.9375],"texture":"#0","tintindex":0,"rotation":0},"south":{"uv":[4.4375,3.0,4.5,3.25],"texture":"#0","tintindex":0,"rotation":0},"west":{"uv":[5.625,5.75,5.6875,6.0],"texture":"#0","tintindex":0,"rotation":0},"up":{"uv":[4.5,2.0,4.4375,1.9375],"texture":"#0","tintindex":0,"rotation":0},"down":{"uv":[5.0625,3.9375,5.0,4.0],"texture":"#0","tintindex":0,"rotation":0}}},{"from":[7.18,15.0851,5.8100004],"to":[9.0199995,18.6351,7.13],"rotation":{"origin":[7.839999694824218,16.020133008942388,11.229993496314297],"angle":-45.0,"axis":"x"},"faces":{"north":{"uv":[0.0,6.25,0.3125,6.8125],"texture":"#0","tintindex":0,"rotation":0},"east":{"uv":[7.9375,7.0,8.125,7.5625],"texture":"#0","tintindex":0,"rotation":0},"south":{"uv":[2.4375,6.25,2.75,6.8125],"texture":"#0","tintindex":0,"rotation":0},"west":{"uv":[8.0,0.0,8.1875,0.5625],"texture":"#0","tintindex":0,"rotation":0},"up":{"uv":[2.25,8.1875,1.9375,8.0],"texture":"#0","tintindex":0,"rotation":0},"down":{"uv":[8.3125,2.25,8.0,2.4375],"texture":"#0","tintindex":0,"rotation":0}}},{"from":[7.35,14.2351,5.65],"to":[8.67,16.6351,6.3900003],"faces":{"north":{"uv":[8.0,0.5625,8.1875,0.9375],"texture":"#0","tintindex":0,"rotation":0},"east":{"uv":[3.125,6.9375,3.25,7.3125],"texture":"#0","tintindex":0,"rotation":0},"south":{"uv":[0.75,8.0,0.9375,8.375],"texture":"#0","tintindex":0,"rotation":0},"west":{"uv":[4.875,7.0625,5.0,7.4375],"texture":"#0","tintindex":0,"rotation":0},"up":{"uv":[8.3125,7.5,8.125,7.375],"texture":"#0","tintindex":0,"rotation":0},"down":{"uv":[1.9375,8.1875,1.75,8.3125],"texture":"#0","tintindex":0,"rotation":0}},"rotation":{"origin":[8.09999969482422,15.435133008942394,6.029993496314288],"angle":0.0,"axis":"x"}},{"from":[7.7499995,16.5823,6.0221004],"to":[8.23,18.2623,6.6021004],"rotation":{"origin":[7.989999694824219,17.342272704255258,5.392092106942894],"angle":22.5,"axis":"x"},"faces":{"north":{"uv":[3.25,6.625,3.3125,6.875],"texture":"#0","tintindex":0,"rotation":0},"east":{"uv":[3.3125,6.625,3.375,6.875],"texture":"#0","tintindex":0,"rotation":0},"south":{"uv":[5.375,6.75,5.4375,7.0],"texture":"#0","tintindex":0,"rotation":0},"west":{"uv":[6.8125,0.875,6.875,1.125],"texture":"#0","tintindex":0,"rotation":0},"up":{"uv":[1.8125,5.25,1.75,5.1875],"texture":"#0","tintindex":0,"rotation":0},"down":{"uv":[1.875,5.1875,1.8125,5.25],"texture":"#0","tintindex":0,"rotation":0}}},{"from":[4.97,8.1251,4.5600004],"to":[11.049999,14.445101,11.76],"rotation":{"origin":[7.8299996948242185,12.31513300894239,7.119993496314294],"angle":22.5,"axis":"x"},"faces":{"north":{"uv":[3.5,3.0,4.4375,4.0],"texture":"#0","tintindex":0,"rotation":0},"east":{"uv":[2.4375,2.0,3.5625,3.0],"texture":"#0","tintindex":0,"rotation":0},"south":{"uv":[3.5625,2.0,4.5,3.0],"texture":"#0","tintindex":0,"rotation":0},"west":{"uv":[2.625,0.0,3.75,1.0],"texture":"#0","tintindex":0,"rotation":0},"up":{"uv":[2.0625,4.1875,1.125,3.0625],"texture":"#0","tintindex":0,"rotation":0},"down":{"uv":[0.9375,3.1875,0.0,4.3125],"texture":"#0","tintindex":0,"rotation":0}}},{"from":[5.7799997,1.4851003,8.6],"to":[9.87,9.2851,13.04],"rotation":{"origin":[7.824999694824219,7.785133008942376,10.999993496314296],"angle":22.5,"axis":"x"},"faces":{"north":{"uv":[5.0625,3.25,5.6875,4.5],"texture":"#0","tintindex":0,"rotation":0},"east":{"uv":[0.9375,4.1875,1.625,5.4375],"texture":"#0","tintindex":0,"rotation":0},"south":{"uv":[5.0625,4.5,5.6875,5.75],"texture":"#0","tintindex":0,"rotation":0},"west":{"uv":[0.0,4.3125,0.6875,5.5625],"texture":"#0","tintindex":0,"rotation":0},"up":{"uv":[5.0625,3.9375,4.4375,3.25],"texture":"#0","tintindex":0,"rotation":0},"down":{"uv":[4.0,5.25,3.375,5.9375],"texture":"#0","tintindex":0,"rotation":0}}},{"from":[5.49,8.435101,6.51],"to":[10.48,15.035101,13.75],"faces":{"north":{"uv":[4.5,1.125,5.25,2.1875],"texture":"#0","tintindex":0,"rotation":0},"east":{"uv":[1.3125,2.0,2.4375,3.0625],"texture":"#0","tintindex":0,"rotation":0},"south":{"uv":[4.5,2.1875,5.25,3.25],"texture":"#0","tintindex":0,"rotation":0},"west":{"uv":[0.0,2.125,1.125,3.1875],"texture":"#0","tintindex":0,"rotation":0},"up":{"uv":[5.0625,5.125,4.3125,4.0],"texture":"#0","tintindex":0,"rotation":0},"down":{"uv":[5.25,0.0,4.5,1.125],"texture":"#0","tintindex":0,"rotation":0}},"rotation":{"origin":[7.819999694824219,-5.564866991057626,8.319993496314298],"angle":0.0,"axis":"x"}},{"from":[6.0199995,13.7451,6.9300003],"to":[9.71,16.2851,11.41],"faces":{"north":{"uv":[0.5625,6.125,1.125,6.5],"texture":"#0","tintindex":0,"rotation":0},"east":{"uv":[5.4375,6.0625,6.125,6.4375],"texture":"#0","tintindex":0,"rotation":0},"south":{"uv":[6.125,1.9375,6.6875,2.3125],"texture":"#0","tintindex":0,"rotation":0},"west":{"uv":[6.0625,5.5625,6.75,5.9375],"texture":"#0","tintindex":0,"rotation":0},"up":{"uv":[1.25,6.125,0.6875,5.4375],"texture":"#0","tintindex":0,"rotation":0},"down":{"uv":[0.5625,5.5625,0.0,6.25],"texture":"#0","tintindex":0,"rotation":0}},"rotation":{"origin":[7.764999694824219,17.340133008942402,8.374993496314296],"angle":0.0,"axis":"x"}},{"from":[7.9799995,-2.6748998,10.59],"to":[7.9799995,1.5951004,13.39],"rotation":{"origin":[7.979999694824219,2.1801330089423816,19.869993496314297],"angle":22.5,"axis":"x"},"faces":{"north":{"uv":[0.0,0.0,0.0,0.6875],"texture":"#0","tintindex":0,"rotation":0},"east":{"uv":[6.5,3.9375,6.0625,4.625],"texture":"#0","tintindex":0,"rotation":0},"south":{"uv":[0.0,0.0,0.0,0.6875],"texture":"#0","tintindex":0,"rotation":0},"west":{"uv":[6.5,4.625,6.0625,5.3125],"texture":"#0","tintindex":0,"rotation":0},"up":{"uv":[0.0,0.0,0.0,0.4375],"texture":"#0","tintindex":0,"rotation":0},"down":{"uv":[0.0,0.4375,0.0,0.0],"texture":"#0","tintindex":0,"rotation":0}}},{"from":[7.9799995,6.0451,12.47],"to":[7.9799995,12.4751,15.83],"faces":{"north":{"uv":[0.0,0.0,0.0,1.0],"texture":"#0","tintindex":0,"rotation":0},"east":{"uv":[5.75,2.0625,5.25,3.0625],"texture":"#0","tintindex":0,"rotation":0},"south":{"uv":[0.0,0.0,0.0,1.0],"texture":"#0","tintindex":0,"rotation":0},"west":{"uv":[2.9375,5.25,2.4375,6.25],"texture":"#0","tintindex":0,"rotation":0},"up":{"uv":[0.0,0.0,0.0,0.5],"texture":"#0","tintindex":0,"rotation":0},"down":{"uv":[0.0,0.5,0.0,0.0],"texture":"#0","tintindex":0,"rotation":0}},"rotation":{"origin":[7.839999694824218,6.260133008942383,14.369993496314297],"angle":0.0,"axis":"x"}},{"from":[8.059999,12.2449,11.3913],"to":[8.059999,18.6749,14.1913],"rotation":{"origin":[6.019999694824219,14.979869339731195,16.711317549392334],"angle":-22.5,"axis":"x"},"faces":{"north":{"uv":[0.0,0.0,0.0,1.0],"texture":"#0","tintindex":0,"rotation":0},"east":{"uv":[2.0625,4.1875,1.625,5.1875],"texture":"#0","tintindex":0,"rotation":0},"south":{"uv":[0.0,0.0,0.0,1.0],"texture":"#0","tintindex":0,"rotation":0},"west":{"uv":[3.375,5.25,2.9375,6.25],"texture":"#0","tintindex":0,"rotation":0},"up":{"uv":[0.0,0.0,0.0,0.4375],"texture":"#0","tintindex":0,"rotation":0},"down":{"uv":[0.0,0.4375,0.0,0.0],"texture":"#0","tintindex":0,"rotation":0}}}]}