{"textures":{"0":"freeminecraftmodels:entity/02_em_sea_monster/kraken"},"display":{"head":{"scale":[4.0,4.0,4.0],"translation":[0,-6.4,0]}},"elements":[{"from":[7.835,7.8,7.38],"to":[8.165,8.200001,8.62],"rotation":{"origin":[7.974999694824218,7.670032854065667,7.199993381873375],"angle":-45.0,"axis":"x"},"faces":{"north":{"uv":[1.875,5.1875,1.9375,5.25],"texture":"#0","tintindex":0,"rotation":0},"east":{"uv":[1.125,3.0,1.3125,3.0625],"texture":"#0","tintindex":0,"rotation":0},"south":{"uv":[1.9375,5.1875,2.0,5.25],"texture":"#0","tintindex":0,"rotation":0},"west":{"uv":[3.6875,1.9375,3.875,2.0],"texture":"#0","tintindex":0,"rotation":0},"up":{"uv":[6.6875,0.875,6.625,0.6875],"texture":"#0","tintindex":0,"rotation":0},"down":{"uv":[4.0,6.625,3.9375,6.8125],"texture":"#0","tintindex":0,"rotation":0}}}]}