{"textures":{"0":"freeminecraftmodels:entity/02_em_sea_monster/kraken"},"display":{"head":{"scale":[4.0,4.0,4.0],"translation":[0,-6.4,0]}},"elements":[{"from":[7.4950004,5.1999993,6.8100004],"to":[8.505,10.799999,7.9900002],"faces":{"north":{"uv":[1.125,2.125,1.3125,3.0],"texture":"#0","tintindex":0,"rotation":0},"east":{"uv":[0.9375,3.1875,1.125,4.0625],"texture":"#0","tintindex":0,"rotation":0},"south":{"uv":[5.9375,6.4375,6.125,7.3125],"texture":"#0","tintindex":0,"rotation":0},"west":{"uv":[6.125,6.5,6.3125,7.375],"texture":"#0","tintindex":0,"rotation":0},"up":{"uv":[8.25,5.0,8.0625,4.8125],"texture":"#0","tintindex":0,"rotation":0},"down":{"uv":[8.25,5.0,8.0625,5.1875],"texture":"#0","tintindex":0,"rotation":0}},"rotation":{"origin":[9.555000305175781,6.190032300934563,10.199993610755216],"angle":0.0,"axis":"x"}},{"from":[8.235001,5.1999993,7.9900002],"to":[8.235001,10.4,9.190001],"faces":{"north":{"uv":[0.0,0.0,0.0,0.8125],"texture":"#0","tintindex":0,"rotation":0},"east":{"uv":[7.125,0.875,7.3125,1.6875],"texture":"#0","tintindex":0,"rotation":0},"south":{"uv":[0.0,0.0,0.0,0.8125],"texture":"#0","tintindex":0,"rotation":0},"west":{"uv":[1.25,7.125,1.4375,7.9375],"texture":"#0","tintindex":0,"rotation":0},"up":{"uv":[0.0,0.1875,0.0,0.0],"texture":"#0","tintindex":0,"rotation":0},"down":{"uv":[0.0,0.0,0.0,0.1875],"texture":"#0","tintindex":0,"rotation":0}},"rotation":{"origin":[9.555000305175781,6.190032300934563,10.199993610755216],"angle":0.0,"axis":"x"}}]}