{"textures":{"0":"freeminecraftmodels:entity/02_em_sea_monster/kraken"},"display":{"head":{"scale":[4.0,4.0,4.0],"translation":[0,-6.4,0]}},"elements":[{"from":[7.6,5.0,8.12],"to":[8.4,11.0,9.08],"faces":{"north":{"uv":[7.8125,4.125,7.9375,5.0625],"texture":"#0","tintindex":0,"rotation":0},"east":{"uv":[7.8125,5.0625,7.9375,6.0],"texture":"#0","tintindex":0,"rotation":0},"south":{"uv":[7.8125,6.0,7.9375,6.9375],"texture":"#0","tintindex":0,"rotation":0},"west":{"uv":[7.8125,6.9375,7.9375,7.875],"texture":"#0","tintindex":0,"rotation":0},"up":{"uv":[2.0625,8.3125,1.9375,8.1875],"texture":"#0","tintindex":0,"rotation":0},"down":{"uv":[2.1875,8.1875,2.0625,8.3125],"texture":"#0","tintindex":0,"rotation":0}},"rotation":{"origin":[6.440000057220459,11.590032873139153,5.7799935535347515],"angle":0.0,"axis":"x"}},{"from":[7.76,5.0,6.92],"to":[7.76,10.6,8.12],"faces":{"north":{"uv":[0.0,0.0,0.0,0.875],"texture":"#0","tintindex":0,"rotation":0},"east":{"uv":[6.875,5.5625,7.0625,6.4375],"texture":"#0","tintindex":0,"rotation":0},"south":{"uv":[0.0,0.0,0.0,0.875],"texture":"#0","tintindex":0,"rotation":0},"west":{"uv":[6.875,6.4375,7.0625,7.3125],"texture":"#0","tintindex":0,"rotation":0},"up":{"uv":[0.0,0.1875,0.0,0.0],"texture":"#0","tintindex":0,"rotation":0},"down":{"uv":[0.0,0.0,0.0,0.1875],"texture":"#0","tintindex":0,"rotation":0}},"rotation":{"origin":[6.440000057220459,11.590032873139153,5.7799935535347515],"angle":0.0,"axis":"x"}}]}