{"textures":{"0":"freeminecraftmodels:entity/02_em_sea_monster/kraken"},"display":{"head":{"scale":[4.0,4.0,4.0],"translation":[0,-6.4,0]}},"elements":[{"from":[7.705,6.5199995,7.8],"to":[8.295,9.479999,8.200001],"faces":{"north":{"uv":[4.8125,7.9375,4.875,8.375],"texture":"#0","tintindex":0,"rotation":0},"east":{"uv":[2.25,8.0,2.3125,8.4375],"texture":"#0","tintindex":0,"rotation":0},"south":{"uv":[2.3125,8.0,2.375,8.4375],"texture":"#0","tintindex":0,"rotation":0},"west":{"uv":[0.9375,8.125,1.0,8.5625],"texture":"#0","tintindex":0,"rotation":0},"up":{"uv":[6.125,2.0,6.0625,1.9375],"texture":"#0","tintindex":0,"rotation":0},"down":{"uv":[6.125,2.0,6.0625,2.0625],"texture":"#0","tintindex":0,"rotation":0}},"rotation":{"origin":[6.425000190734863,15.670031843170891,5.0999937251961285],"angle":0.0,"axis":"x"}}]}