{"textures":{"0":"freeminecraftmodels:entity/02_em_sea_monster/kraken"},"display":{"head":{"scale":[4.0,4.0,4.0],"translation":[0,-6.4,0]}},"elements":[{"from":[6.95,5.1999993,7.41],"to":[7.96,10.799999,8.59],"faces":{"north":{"uv":[0.1875,6.9375,0.375,7.8125],"texture":"#0","tintindex":0,"rotation":0},"east":{"uv":[0.375,6.9375,0.5625,7.8125],"texture":"#0","tintindex":0,"rotation":0},"south":{"uv":[2.75,6.9375,2.9375,7.8125],"texture":"#0","tintindex":0,"rotation":0},"west":{"uv":[2.9375,6.9375,3.125,7.8125],"texture":"#0","tintindex":0,"rotation":0},"up":{"uv":[8.3125,6.875,8.125,6.6875],"texture":"#0","tintindex":0,"rotation":0},"down":{"uv":[7.0625,8.125,6.875,8.3125],"texture":"#0","tintindex":0,"rotation":0}},"rotation":{"origin":[9.009999961853028,6.190032300934563,10.79999317206503],"angle":0.0,"axis":"x"}},{"from":[7.85,5.1999993,8.19],"to":[9.05,10.4,8.19],"faces":{"north":{"uv":[7.3125,0.8125,7.5,1.625],"texture":"#0","tintindex":0,"rotation":0},"east":{"uv":[0.0,0.0,0.0,0.8125],"texture":"#0","tintindex":0,"rotation":0},"south":{"uv":[7.3125,3.3125,7.5,4.125],"texture":"#0","tintindex":0,"rotation":0},"west":{"uv":[0.0,0.0,0.0,0.8125],"texture":"#0","tintindex":0,"rotation":0},"up":{"uv":[0.1875,0.0,0.0,0.0],"texture":"#0","tintindex":0,"rotation":0},"down":{"uv":[0.1875,0.0,0.0,0.0],"texture":"#0","tintindex":0,"rotation":0}},"rotation":{"origin":[9.009999961853028,6.190032300934563,10.79999317206503],"angle":0.0,"axis":"x"}}]}