{"textures":{"0":"freeminecraftmodels:entity/02_em_sea_monster/kraken"},"display":{"head":{"scale":[4.0,4.0,4.0],"translation":[0,-6.4,0]}},"elements":[{"from":[8.04,5.1999993,7.41],"to":[9.05,10.799999,8.59],"faces":{"north":{"uv":[7.0625,1.9375,7.25,2.8125],"texture":"#0","tintindex":0,"rotation":0},"east":{"uv":[7.0625,2.8125,7.25,3.6875],"texture":"#0","tintindex":0,"rotation":0},"south":{"uv":[4.6875,7.0625,4.875,7.9375],"texture":"#0","tintindex":0,"rotation":0},"west":{"uv":[7.0625,5.5625,7.25,6.4375],"texture":"#0","tintindex":0,"rotation":0},"up":{"uv":[8.3125,7.0625,8.125,6.875],"texture":"#0","tintindex":0,"rotation":0},"down":{"uv":[8.3125,7.0625,8.125,7.25],"texture":"#0","tintindex":0,"rotation":0}},"rotation":{"origin":[6.990000038146972,6.190032300934563,10.79999317206503],"angle":0.0,"axis":"x"}},{"from":[6.95,5.1999993,8.19],"to":[8.15,10.4,8.19],"faces":{"north":{"uv":[5.9375,7.3125,6.125,8.125],"texture":"#0","tintindex":0,"rotation":0},"east":{"uv":[0.0,0.0,0.0,0.8125],"texture":"#0","tintindex":0,"rotation":0},"south":{"uv":[6.875,7.3125,7.0625,8.125],"texture":"#0","tintindex":0,"rotation":0},"west":{"uv":[0.0,0.0,0.0,0.8125],"texture":"#0","tintindex":0,"rotation":0},"up":{"uv":[0.1875,0.0,0.0,0.0],"texture":"#0","tintindex":0,"rotation":0},"down":{"uv":[0.1875,0.0,0.0,0.0],"texture":"#0","tintindex":0,"rotation":0}},"rotation":{"origin":[6.990000038146972,6.190032300934563,10.79999317206503],"angle":0.0,"axis":"x"}}]}