{"textures":{"0":"freeminecraftmodels:entity/02_em_sea_monster/kraken"},"display":{"head":{"scale":[4.0,4.0,4.0],"translation":[0,-6.4,0]}},"elements":[{"from":[8.12,5.0,7.52],"to":[8.92,11.0,8.48],"faces":{"north":{"uv":[7.875,7.875,8.0,8.8125],"texture":"#0","tintindex":0,"rotation":0},"east":{"uv":[7.9375,0.9375,8.0625,1.875],"texture":"#0","tintindex":0,"rotation":0},"south":{"uv":[1.25,7.9375,1.375,8.875],"texture":"#0","tintindex":0,"rotation":0},"west":{"uv":[1.375,7.9375,1.5,8.875],"texture":"#0","tintindex":0,"rotation":0},"up":{"uv":[8.3125,2.8125,8.1875,2.6875],"texture":"#0","tintindex":0,"rotation":0},"down":{"uv":[8.3125,2.8125,8.1875,2.9375],"texture":"#0","tintindex":0,"rotation":0}},"rotation":{"origin":[6.959999828338622,11.590032873139153,10.819993152991543],"angle":0.0,"axis":"x"}},{"from":[7.08,5.0,8.08],"to":[8.28,10.6,8.08],"faces":{"north":{"uv":[7.0625,6.4375,7.25,7.3125],"texture":"#0","tintindex":0,"rotation":0},"east":{"uv":[0.0,0.0,0.0,0.875],"texture":"#0","tintindex":0,"rotation":0},"south":{"uv":[1.0625,7.125,1.25,8.0],"texture":"#0","tintindex":0,"rotation":0},"west":{"uv":[0.0,0.0,0.0,0.875],"texture":"#0","tintindex":0,"rotation":0},"up":{"uv":[0.1875,0.0,0.0,0.0],"texture":"#0","tintindex":0,"rotation":0},"down":{"uv":[0.1875,0.0,0.0,0.0],"texture":"#0","tintindex":0,"rotation":0}},"rotation":{"origin":[6.959999828338622,11.590032873139153,10.819993152991543],"angle":0.0,"axis":"x"}}]}