{"textures":{"0":"freeminecraftmodels:entity/02_em_sea_monster/kraken"},"display":{"head":{"scale":[4.0,4.0,4.0],"translation":[0,-6.4,0]}},"elements":[{"from":[7.705,6.5199995,7.7999997],"to":[8.295,9.479999,8.2],"faces":{"north":{"uv":[8.1875,0.0,8.25,0.4375],"texture":"#0","tintindex":0,"rotation":0},"east":{"uv":[8.1875,0.4375,8.25,0.875],"texture":"#0","tintindex":0,"rotation":0},"south":{"uv":[1.625,8.1875,1.6875,8.625],"texture":"#0","tintindex":0,"rotation":0},"west":{"uv":[1.6875,8.1875,1.75,8.625],"texture":"#0","tintindex":0,"rotation":0},"up":{"uv":[1.1875,6.4375,1.125,6.375],"texture":"#0","tintindex":0,"rotation":0},"down":{"uv":[1.25,6.375,1.1875,6.4375],"texture":"#0","tintindex":0,"rotation":0}},"rotation":{"origin":[6.424999980926513,15.670031843170891,10.899993076697598],"angle":0.0,"axis":"x"}}]}