{"textures":{"0":"freeminecraftmodels:entity/02_em_sea_monster/kraken"},"display":{"head":{"scale":[4.0,4.0,4.0],"translation":[0,-6.4,0]}},"elements":[{"from":[7.5999994,5.0,6.92],"to":[8.4,11.0,7.8799996],"faces":{"north":{"uv":[0.9375,7.1875,1.0625,8.125],"texture":"#0","tintindex":0,"rotation":0},"east":{"uv":[5.25,7.625,5.375,8.5625],"texture":"#0","tintindex":0,"rotation":0},"south":{"uv":[4.5625,7.6875,4.6875,8.625],"texture":"#0","tintindex":0,"rotation":0},"west":{"uv":[3.5,7.75,3.625,8.6875],"texture":"#0","tintindex":0,"rotation":0},"up":{"uv":[5.6875,3.1875,5.5625,3.0625],"texture":"#0","tintindex":0,"rotation":0},"down":{"uv":[0.6875,5.9375,0.5625,6.0625],"texture":"#0","tintindex":0,"rotation":0}},"rotation":{"origin":[9.559999465942383,11.590032873139153,10.219993114844572],"angle":0.0,"axis":"x"}},{"from":[8.24,5.0,7.8799996],"to":[8.24,10.6,9.08],"faces":{"north":{"uv":[0.0,0.0,0.0,0.875],"texture":"#0","tintindex":0,"rotation":0},"east":{"uv":[3.75,6.625,3.9375,7.5],"texture":"#0","tintindex":0,"rotation":0},"south":{"uv":[0.0,0.0,0.0,0.875],"texture":"#0","tintindex":0,"rotation":0},"west":{"uv":[6.3125,6.625,6.5,7.5],"texture":"#0","tintindex":0,"rotation":0},"up":{"uv":[0.0,0.1875,0.0,0.0],"texture":"#0","tintindex":0,"rotation":0},"down":{"uv":[0.0,0.0,0.0,0.1875],"texture":"#0","tintindex":0,"rotation":0}},"rotation":{"origin":[9.559999465942383,11.590032873139153,10.219993114844572],"angle":0.0,"axis":"x"}}]}