{"textures":{"0":"freeminecraftmodels:entity/02_em_sea_monster/kraken"},"display":{"head":{"scale":[4.0,4.0,4.0],"translation":[0,-6.4,0]}},"elements":[{"from":[7.495,5.4,6.8100004],"to":[8.505,10.6,7.9900002],"faces":{"north":{"uv":[1.4375,7.125,1.625,7.9375],"texture":"#0","tintindex":0,"rotation":0},"east":{"uv":[7.125,3.6875,7.3125,4.5],"texture":"#0","tintindex":0,"rotation":0},"south":{"uv":[5.375,7.125,5.5625,7.9375],"texture":"#0","tintindex":0,"rotation":0},"west":{"uv":[5.5625,7.125,5.75,7.9375],"texture":"#0","tintindex":0,"rotation":0},"up":{"uv":[8.25,5.375,8.0625,5.1875],"texture":"#0","tintindex":0,"rotation":0},"down":{"uv":[8.25,5.375,8.0625,5.5625],"texture":"#0","tintindex":0,"rotation":0}},"rotation":{"origin":[7.954999923706055,6.390033063874016,10.199993610755216],"angle":0.0,"axis":"x"}},{"from":[7.995,5.4,7.9900002],"to":[7.995,10.6,9.190001],"faces":{"north":{"uv":[0.0,0.0,0.0,0.8125],"texture":"#0","tintindex":0,"rotation":0},"east":{"uv":[5.75,7.125,5.9375,7.9375],"texture":"#0","tintindex":0,"rotation":0},"south":{"uv":[0.0,0.0,0.0,0.8125],"texture":"#0","tintindex":0,"rotation":0},"west":{"uv":[0.5625,7.1875,0.75,8.0],"texture":"#0","tintindex":0,"rotation":0},"up":{"uv":[0.0,0.1875,0.0,0.0],"texture":"#0","tintindex":0,"rotation":0},"down":{"uv":[0.0,0.0,0.0,0.1875],"texture":"#0","tintindex":0,"rotation":0}},"rotation":{"origin":[7.954999923706055,6.390033063874016,10.199993610755216],"angle":0.0,"axis":"x"}}]}