{"textures":{"0":"freeminecraftmodels:entity/02_em_sea_monster/kraken"},"display":{"head":{"scale":[4.0,4.0,4.0],"translation":[0,-6.4,0]}},"elements":[{"from":[7.495,5.4,8.01],"to":[8.505,10.6,9.19],"faces":{"north":{"uv":[2.1875,7.1875,2.375,8.0],"texture":"#0","tintindex":0,"rotation":0},"east":{"uv":[7.1875,4.5,7.375,5.3125],"texture":"#0","tintindex":0,"rotation":0},"south":{"uv":[7.25,0.0,7.4375,0.8125],"texture":"#0","tintindex":0,"rotation":0},"west":{"uv":[7.25,1.6875,7.4375,2.5],"texture":"#0","tintindex":0,"rotation":0},"up":{"uv":[8.3125,6.125,8.125,5.9375],"texture":"#0","tintindex":0,"rotation":0},"down":{"uv":[8.3125,6.125,8.125,6.3125],"texture":"#0","tintindex":0,"rotation":0}},"rotation":{"origin":[7.954999923706055,6.390033063874016,5.799993057624107],"angle":0.0,"axis":"x"}},{"from":[7.995,5.4,6.81],"to":[7.995,10.6,8.01],"faces":{"north":{"uv":[0.0,0.0,0.0,0.8125],"texture":"#0","tintindex":0,"rotation":0},"east":{"uv":[7.25,2.5,7.4375,3.3125],"texture":"#0","tintindex":0,"rotation":0},"south":{"uv":[0.0,0.0,0.0,0.8125],"texture":"#0","tintindex":0,"rotation":0},"west":{"uv":[7.25,5.3125,7.4375,6.125],"texture":"#0","tintindex":0,"rotation":0},"up":{"uv":[0.0,0.1875,0.0,0.0],"texture":"#0","tintindex":0,"rotation":0},"down":{"uv":[0.0,0.0,0.0,0.1875],"texture":"#0","tintindex":0,"rotation":0}},"rotation":{"origin":[7.954999923706055,6.390033063874016,5.799993057624107],"angle":0.0,"axis":"x"}}]}