{"textures":{"0":"freeminecraftmodels:entity/02_em_sea_monster/kraken"},"display":{"head":{"scale":[4.0,4.0,4.0],"translation":[0,-6.4,0]}},"elements":[{"from":[7.705,6.5199995,7.8],"to":[8.295,9.479999,8.2],"faces":{"north":{"uv":[4.4375,1.25,4.5,1.6875],"texture":"#0","tintindex":0,"rotation":0},"east":{"uv":[0.875,5.0,0.9375,5.4375],"texture":"#0","tintindex":0,"rotation":0},"south":{"uv":[1.0625,6.5,1.125,6.9375],"texture":"#0","tintindex":0,"rotation":0},"west":{"uv":[3.125,7.3125,3.1875,7.75],"texture":"#0","tintindex":0,"rotation":0},"up":{"uv":[5.5,6.0625,5.4375,6.0],"texture":"#0","tintindex":0,"rotation":0},"down":{"uv":[5.5625,6.0,5.5,6.0625],"texture":"#0","tintindex":0,"rotation":0}},"rotation":{"origin":[9.574999809265137,15.670031843170891,10.899993420020353],"angle":0.0,"axis":"x"}}]}