{"textures":{"0":"freeminecraftmodels:entity/02_em_sea_monster/kraken"},"display":{"head":{"scale":[4.0,4.0,4.0],"translation":[0,-6.4,0]}},"elements":[{"from":[7.495,5.1999993,6.8100004],"to":[8.504999,10.799999,7.9900002],"faces":{"north":{"uv":[6.6875,1.9375,6.875,2.8125],"texture":"#0","tintindex":0,"rotation":0},"east":{"uv":[6.6875,5.9375,6.875,6.8125],"texture":"#0","tintindex":0,"rotation":0},"south":{"uv":[6.75,3.9375,6.9375,4.8125],"texture":"#0","tintindex":0,"rotation":0},"west":{"uv":[5.0,6.75,5.1875,7.625],"texture":"#0","tintindex":0,"rotation":0},"up":{"uv":[8.25,5.75,8.0625,5.5625],"texture":"#0","tintindex":0,"rotation":0},"down":{"uv":[6.3125,8.0625,6.125,8.25],"texture":"#0","tintindex":0,"rotation":0}},"rotation":{"origin":[6.444999694824219,6.190032300934563,10.199993610755216],"angle":0.0,"axis":"x"}},{"from":[7.765,5.1999993,7.9900002],"to":[7.765,10.4,9.190001],"faces":{"north":{"uv":[0.0,0.0,0.0,0.8125],"texture":"#0","tintindex":0,"rotation":0},"east":{"uv":[0.75,7.1875,0.9375,8.0],"texture":"#0","tintindex":0,"rotation":0},"south":{"uv":[0.0,0.0,0.0,0.8125],"texture":"#0","tintindex":0,"rotation":0},"west":{"uv":[1.625,7.1875,1.8125,8.0],"texture":"#0","tintindex":0,"rotation":0},"up":{"uv":[0.0,0.1875,0.0,0.0],"texture":"#0","tintindex":0,"rotation":0},"down":{"uv":[0.0,0.0,0.0,0.1875],"texture":"#0","tintindex":0,"rotation":0}},"rotation":{"origin":[6.444999694824219,6.190032300934563,10.199993610755216],"angle":0.0,"axis":"x"}}]}