{"textures":{"0":"freeminecraftmodels:entity/02_em_sea_monster/kraken"},"display":{"head":{"scale":[4.0,4.0,4.0],"translation":[0,-6.4,0]}},"elements":[{"from":[7.4950004,5.1999993,8.01],"to":[8.505,10.799999,9.19],"faces":{"north":{"uv":[2.375,6.8125,2.5625,7.6875],"texture":"#0","tintindex":0,"rotation":0},"east":{"uv":[2.5625,6.8125,2.75,7.6875],"texture":"#0","tintindex":0,"rotation":0},"south":{"uv":[3.9375,6.8125,4.125,7.6875],"texture":"#0","tintindex":0,"rotation":0},"west":{"uv":[4.125,6.8125,4.3125,7.6875],"texture":"#0","tintindex":0,"rotation":0},"up":{"uv":[8.3125,5.9375,8.125,5.75],"texture":"#0","tintindex":0,"rotation":0},"down":{"uv":[6.125,8.125,5.9375,8.3125],"texture":"#0","tintindex":0,"rotation":0}},"rotation":{"origin":[9.555000305175781,6.190032300934563,5.799993057624107],"angle":0.0,"axis":"x"}},{"from":[8.235001,5.1999993,6.81],"to":[8.235001,10.4,8.01],"faces":{"north":{"uv":[0.0,0.0,0.0,0.8125],"texture":"#0","tintindex":0,"rotation":0},"east":{"uv":[1.8125,7.1875,2.0,8.0],"texture":"#0","tintindex":0,"rotation":0},"south":{"uv":[0.0,0.0,0.0,0.8125],"texture":"#0","tintindex":0,"rotation":0},"west":{"uv":[2.0,7.1875,2.1875,8.0],"texture":"#0","tintindex":0,"rotation":0},"up":{"uv":[0.0,0.1875,0.0,0.0],"texture":"#0","tintindex":0,"rotation":0},"down":{"uv":[0.0,0.0,0.0,0.1875],"texture":"#0","tintindex":0,"rotation":0}},"rotation":{"origin":[9.555000305175781,6.190032300934563,5.799993057624107],"angle":0.0,"axis":"x"}}]}