{"textures":{"0":"freeminecraftmodels:entity/02_em_sea_monster/kraken"},"display":{"head":{"scale":[4.0,4.0,4.0],"translation":[0,-6.4,0]}},"elements":[{"from":[7.5999994,5.0,8.12],"to":[8.4,11.0,9.08],"faces":{"north":{"uv":[7.8125,1.375,7.9375,2.3125],"texture":"#0","tintindex":0,"rotation":0},"east":{"uv":[2.75,7.8125,2.875,8.75],"texture":"#0","tintindex":0,"rotation":0},"south":{"uv":[2.875,7.8125,3.0,8.75],"texture":"#0","tintindex":0,"rotation":0},"west":{"uv":[3.0,7.8125,3.125,8.75],"texture":"#0","tintindex":0,"rotation":0},"up":{"uv":[5.0,7.5625,4.875,7.4375],"texture":"#0","tintindex":0,"rotation":0},"down":{"uv":[7.625,1.375,7.5,1.5],"texture":"#0","tintindex":0,"rotation":0}},"rotation":{"origin":[9.559999465942383,11.590032873139153,5.7799935535347515],"angle":0.0,"axis":"x"}},{"from":[8.24,5.0,6.92],"to":[8.24,10.6,8.12],"faces":{"north":{"uv":[0.0,0.0,0.0,0.875],"texture":"#0","tintindex":0,"rotation":0},"east":{"uv":[4.3125,6.8125,4.5,7.6875],"texture":"#0","tintindex":0,"rotation":0},"south":{"uv":[0.0,0.0,0.0,0.875],"texture":"#0","tintindex":0,"rotation":0},"west":{"uv":[4.5,6.8125,4.6875,7.6875],"texture":"#0","tintindex":0,"rotation":0},"up":{"uv":[0.0,0.1875,0.0,0.0],"texture":"#0","tintindex":0,"rotation":0},"down":{"uv":[0.0,0.0,0.0,0.1875],"texture":"#0","tintindex":0,"rotation":0}},"rotation":{"origin":[9.559999465942383,11.590032873139153,5.7799935535347515],"angle":0.0,"axis":"x"}}]}