{"textures":{"0":"freeminecraftmodels:entity/02_em_sea_monster/kraken"},"display":{"head":{"scale":[4.0,4.0,4.0],"translation":[0,-6.4,0]}},"elements":[{"from":[7.4,5.8,7.26],"to":[8.6,10.200001,8.740001],"faces":{"north":{"uv":[6.5,7.5,6.6875,8.1875],"texture":"#0","tintindex":0,"rotation":0},"east":{"uv":[0.8125,6.5,1.0625,7.1875],"texture":"#0","tintindex":0,"rotation":0},"south":{"uv":[7.5625,3.6875,7.75,4.375],"texture":"#0","tintindex":0,"rotation":0},"west":{"uv":[1.625,6.5,1.875,7.1875],"texture":"#0","tintindex":0,"rotation":0},"up":{"uv":[8.25,4.1875,8.0625,3.9375],"texture":"#0","tintindex":0,"rotation":0},"down":{"uv":[8.25,4.1875,8.0625,4.4375],"texture":"#0","tintindex":0,"rotation":0}},"rotation":{"origin":[6.430000095367431,1.5900328731391524,10.799993648902188],"angle":0.0,"axis":"x"}}]}