{"textures":{"0":"freeminecraftmodels:entity/02_em_sea_monster/kraken"},"display":{"head":{"scale":[4.0,4.0,4.0],"translation":[0,-6.4,0]}},"elements":[{"from":[7.4000006,5.8,7.26],"to":[8.6,10.200001,8.74],"faces":{"north":{"uv":[7.5,0.6875,7.6875,1.375],"texture":"#0","tintindex":0,"rotation":0},"east":{"uv":[5.4375,6.4375,5.6875,7.125],"texture":"#0","tintindex":0,"rotation":0},"south":{"uv":[7.5,3.0,7.6875,3.6875],"texture":"#0","tintindex":0,"rotation":0},"west":{"uv":[5.6875,6.4375,5.9375,7.125],"texture":"#0","tintindex":0,"rotation":0},"up":{"uv":[8.25,1.6875,8.0625,1.4375],"texture":"#0","tintindex":0,"rotation":0},"down":{"uv":[8.25,3.1875,8.0625,3.4375],"texture":"#0","tintindex":0,"rotation":0}},"rotation":{"origin":[6.430000305175781,1.5900328731391524,5.199993629828697],"angle":0.0,"axis":"x"}}]}