{"textures":{"0":"freeminecraftmodels:entity/02_em_sea_monster/kraken"},"display":{"head":{"scale":[4.0,4.0,4.0],"translation":[0,-6.4,0]}},"elements":[{"from":[7.4000006,5.8,7.2599998],"to":[8.6,10.200001,8.74],"faces":{"north":{"uv":[7.4375,1.625,7.625,2.3125],"texture":"#0","tintindex":0,"rotation":0},"east":{"uv":[3.0,6.25,3.25,6.9375],"texture":"#0","tintindex":0,"rotation":0},"south":{"uv":[7.4375,2.3125,7.625,3.0],"texture":"#0","tintindex":0,"rotation":0},"west":{"uv":[4.75,6.375,5.0,7.0625],"texture":"#0","tintindex":0,"rotation":0},"up":{"uv":[8.1875,2.9375,8.0,2.6875],"texture":"#0","tintindex":0,"rotation":0},"down":{"uv":[8.1875,2.9375,8.0,3.1875],"texture":"#0","tintindex":0,"rotation":0}},"rotation":{"origin":[6.430000305175781,1.5900328731391524,10.799993038550626],"angle":0.0,"axis":"x"}}]}