{"textures":{"0":"freeminecraftmodels:entity/02_em_sea_monster/kraken"},"display":{"head":{"scale":[4.0,4.0,4.0],"translation":[0,-6.4,0]}},"elements":[{"from":[7.4,5.8,7.9999995],"to":[8.6,10.2,7.9999995],"faces":{"north":{"uv":[5.0625,7.625,5.25,8.3125],"texture":"#0","tintindex":0,"rotation":0},"east":{"uv":[0.0,0.0,0.0,0.6875],"texture":"#0","tintindex":0,"rotation":0},"south":{"uv":[7.625,5.0625,7.8125,5.75],"texture":"#0","tintindex":0,"rotation":0},"west":{"uv":[0.0,0.0,0.0,0.6875],"texture":"#0","tintindex":0,"rotation":0},"up":{"uv":[0.1875,0.0,0.0,0.0],"texture":"#0","tintindex":0,"rotation":0},"down":{"uv":[0.1875,0.0,0.0,0.0],"texture":"#0","tintindex":0,"rotation":0}},"rotation":{"origin":[7.810000114440918,5.990032682404278,9.259993076697599],"angle":0.0,"axis":"x"}}]}