{"textures":{"0":"freeminecraftmodels:entity/02_em_sea_monster/kraken"},"display":{"head":{"scale":[4.0,4.0,4.0],"translation":[0,-6.4,0]}},"elements":[{"from":[7.3999996,5.8,7.9999995],"to":[8.6,10.200001,7.9999995],"faces":{"north":{"uv":[3.8125,7.6875,4.0,8.375],"texture":"#0","tintindex":0,"rotation":0},"east":{"uv":[0.0,0.0,0.0,0.6875],"texture":"#0","tintindex":0,"rotation":0},"south":{"uv":[4.0,7.6875,4.1875,8.375],"texture":"#0","tintindex":0,"rotation":0},"west":{"uv":[0.0,0.0,0.0,0.6875],"texture":"#0","tintindex":0,"rotation":0},"up":{"uv":[0.1875,0.0,0.0,0.0],"texture":"#0","tintindex":0,"rotation":0},"down":{"uv":[0.1875,0.0,0.0,0.0],"texture":"#0","tintindex":0,"rotation":0}},"rotation":{"origin":[7.999999885559083,8.00003306387401,7.999993076697592],"angle":0.0,"axis":"x"}}]}