{"textures":{"0":"freeminecraftmodels:entity/01_em_wolf/wolf_main","1":"freeminecraftmodels:entity/01_em_wolf/wolf_extra"},"display":{"head":{"scale":[4.0,4.0,4.0],"translation":[0,-6.4,0]}},"elements":[{"from":[7.2,6.9395504,4.0],"to":[8.799999,11.33955,7.6000004],"rotation":{"origin":[8.399999618530273,11.339532663386581,4.400034194904752],"angle":-22.5,"axis":"x"},"faces":{"north":{"uv":[5.625,10.375,6.125,11.75],"texture":"#0","tintindex":0,"rotation":0},"east":{"uv":[8.125,7.5,9.25,8.875],"texture":"#0","tintindex":0,"rotation":0},"south":{"uv":[1.625,11.0,2.125,12.375],"texture":"#0","tintindex":0,"rotation":0},"west":{"uv":[1.0,8.5,2.125,9.875],"texture":"#0","tintindex":0,"rotation":0},"up":{"uv":[5.875,12.875,5.375,11.75],"texture":"#0","tintindex":0,"rotation":0},"down":{"uv":[7.25,11.75,6.75,12.875],"texture":"#0","tintindex":0,"rotation":0}}},{"from":[7.9999995,5.7395506,6.0],"to":[7.9999995,12.53955,12.0],"rotation":{"origin":[8.399999618530273,10.139532663386582,4.000034194904752],"angle":-22.5,"axis":"x"},"faces":{"north":{"uv":[0.0,0.0,0.0,3.4],"texture":"#1","tintindex":0,"rotation":0},"east":{"uv":[9.8,3.4,6.8,6.8],"texture":"#1","tintindex":0,"rotation":0},"south":{"uv":[0.0,0.0,0.0,3.4],"texture":"#1","tintindex":0,"rotation":0},"west":{"uv":[6.8,3.4,9.8,6.8],"texture":"#1","tintindex":0,"rotation":0},"up":{"uv":[0.0,3.0,0.0,0.0],"texture":"#1","tintindex":0,"rotation":0},"down":{"uv":[0.0,0.0,0.0,3.0],"texture":"#1","tintindex":0,"rotation":0}}},{"from":[6.7999997,4.66045,5.4081],"to":[9.2,7.8604503,7.4081],"faces":{"north":{"uv":[8.375,11.0,9.125,12.0],"texture":"#0","tintindex":0,"rotation":0},"east":{"uv":[2.125,11.625,2.75,12.625],"texture":"#0","tintindex":0,"rotation":0},"south":{"uv":[11.125,8.125,11.875,9.125],"texture":"#0","tintindex":0,"rotation":0},"west":{"uv":[2.75,11.625,3.375,12.625],"texture":"#0","tintindex":0,"rotation":0},"up":{"uv":[11.125,12.875,10.375,12.25],"texture":"#0","tintindex":0,"rotation":0},"down":{"uv":[13.125,0.0,12.375,0.625],"texture":"#0","tintindex":0,"rotation":0}},"rotation":{"origin":[8.399999618530273,4.660492973399912,5.80814273841456],"angle":0.0,"axis":"x"}},{"from":[7.5999994,3.4604502,5.4081],"to":[7.5999994,7.8604503,9.0081005],"faces":{"north":{"uv":[0.0,0.0,0.0,2.2],"texture":"#1","tintindex":0,"rotation":0},"east":{"uv":[14.0,6.2,12.2,8.4],"texture":"#1","tintindex":0,"rotation":0},"south":{"uv":[0.0,0.0,0.0,2.2],"texture":"#1","tintindex":0,"rotation":0},"west":{"uv":[12.2,6.2,14.0,8.4],"texture":"#1","tintindex":0,"rotation":0},"up":{"uv":[0.0,1.8,0.0,0.0],"texture":"#1","tintindex":0,"rotation":0},"down":{"uv":[0.0,0.0,0.0,1.8],"texture":"#1","tintindex":0,"rotation":0}},"rotation":{"origin":[7.999999618530273,5.060492973399912,6.20814273841456],"angle":0.0,"axis":"x"}}]}