{"textures":{"0":"freeminecraftmodels:entity/01_em_wolf/wolf_main","1":"freeminecraftmodels:entity/01_em_wolf/wolf_extra"},"display":{"head":{"scale":[4.0,4.0,4.0],"translation":[0,-6.4,0]}},"elements":[{"from":[6.8,5.5395503,4.6],"to":[9.200001,10.73955,9.0],"rotation":{"origin":[8.800000381469726,10.739532758754013,5.000034147221038],"angle":-22.5,"axis":"x"},"faces":{"north":{"uv":[9.625,9.875,10.375,11.5],"texture":"#0","tintindex":0,"rotation":0},"east":{"uv":[6.75,4.125,8.125,5.75],"texture":"#0","tintindex":0,"rotation":0},"south":{"uv":[10.0,4.75,10.75,6.375],"texture":"#0","tintindex":0,"rotation":0},"west":{"uv":[6.75,5.75,8.125,7.375],"texture":"#0","tintindex":0,"rotation":0},"up":{"uv":[7.625,11.75,6.875,10.375],"texture":"#0","tintindex":0,"rotation":0},"down":{"uv":[8.375,10.375,7.625,11.75],"texture":"#0","tintindex":0,"rotation":0}}},{"from":[8.400001,3.9395504,4.6],"to":[8.400001,12.73955,11.400001],"rotation":{"origin":[9.200000381469726,10.739532758754013,5.000034147221038],"angle":-22.5,"axis":"x"},"faces":{"north":{"uv":[0.0,0.0,0.0,4.4],"texture":"#1","tintindex":0,"rotation":0},"east":{"uv":[6.8,0.0,3.4,4.4],"texture":"#1","tintindex":0,"rotation":0},"south":{"uv":[0.0,0.0,0.0,4.4],"texture":"#1","tintindex":0,"rotation":0},"west":{"uv":[3.4,0.0,6.8,4.4],"texture":"#1","tintindex":0,"rotation":0},"up":{"uv":[0.0,3.4,0.0,0.0],"texture":"#1","tintindex":0,"rotation":0},"down":{"uv":[0.0,0.0,0.0,3.4],"texture":"#1","tintindex":0,"rotation":0}}},{"from":[7.2000003,4.0604506,6.0080996],"to":[9.200001,7.2604504,8.8081],"faces":{"north":{"uv":[11.625,3.375,12.25,4.375],"texture":"#0","tintindex":0,"rotation":0},"east":{"uv":[10.5,7.125,11.375,8.125],"texture":"#0","tintindex":0,"rotation":0},"south":{"uv":[4.125,11.625,4.75,12.625],"texture":"#0","tintindex":0,"rotation":0},"west":{"uv":[2.125,10.625,3.0,11.625],"texture":"#0","tintindex":0,"rotation":0},"up":{"uv":[12.5,10.75,11.875,9.875],"texture":"#0","tintindex":0,"rotation":0},"down":{"uv":[12.5,10.75,11.875,11.625],"texture":"#0","tintindex":0,"rotation":0}},"rotation":{"origin":[8.800000381469726,4.060493068767344,6.408142690730845],"angle":0.0,"axis":"x"}},{"from":[8.0,3.2604504,7.2081003],"to":[8.0,7.2604504,10.4081],"faces":{"north":{"uv":[0.0,0.0,0.0,2.0],"texture":"#1","tintindex":0,"rotation":0},"east":{"uv":[7.0,13.2,5.4,15.2],"texture":"#1","tintindex":0,"rotation":0},"south":{"uv":[0.0,0.0,0.0,2.0],"texture":"#1","tintindex":0,"rotation":0},"west":{"uv":[5.4,13.2,7.0,15.2],"texture":"#1","tintindex":0,"rotation":0},"up":{"uv":[0.0,1.6,0.0,0.0],"texture":"#1","tintindex":0,"rotation":0},"down":{"uv":[0.0,0.0,0.0,1.6],"texture":"#1","tintindex":0,"rotation":0}},"rotation":{"origin":[8.800000381469726,4.060493068767344,8.008142690730844],"angle":0.0,"axis":"x"}}]}