{"textures":{"0":"freeminecraftmodels:entity/01_em_wolf/wolf_main","1":"freeminecraftmodels:entity/01_em_wolf/wolf_extra"},"display":{"head":{"scale":[4.0,4.0,4.0],"translation":[0,-6.4,0]}},"elements":[{"from":[7.3999996,7.4640503,8.1088505],"to":[8.599999,9.06405,11.308849],"rotation":{"origin":[8.599999618530273,8.26409280784205,8.508892707896981],"angle":-45.0,"axis":"x"},"faces":{"north":{"uv":[13.25,3.875,13.625,4.375],"texture":"#0","tintindex":0,"rotation":0},"east":{"uv":[12.0,2.875,13.0,3.375],"texture":"#0","tintindex":0,"rotation":0},"south":{"uv":[4.75,13.25,5.125,13.75],"texture":"#0","tintindex":0,"rotation":0},"west":{"uv":[0.625,12.125,1.625,12.625],"texture":"#0","tintindex":0,"rotation":0},"up":{"uv":[10.375,9.625,10.0,8.625],"texture":"#0","tintindex":0,"rotation":0},"down":{"uv":[3.375,10.625,3.0,11.625],"texture":"#0","tintindex":0,"rotation":0}}},{"from":[6.9999995,7.18125,6.62605],"to":[9.0,8.78125,8.62605],"faces":{"north":{"uv":[10.5,8.125,11.125,8.625],"texture":"#0","tintindex":0,"rotation":0},"east":{"uv":[12.375,12.625,13.0,13.125],"texture":"#0","tintindex":0,"rotation":0},"south":{"uv":[0.0,12.75,0.625,13.25],"texture":"#0","tintindex":0,"rotation":0},"west":{"uv":[12.75,4.375,13.375,4.875],"texture":"#0","tintindex":0,"rotation":0},"up":{"uv":[4.0,10.125,3.375,9.5],"texture":"#0","tintindex":0,"rotation":0},"down":{"uv":[7.875,12.5,7.25,13.125],"texture":"#0","tintindex":0,"rotation":0}},"rotation":{"origin":[8.599999618530273,7.9812500953674315,7.426049995422364],"angle":0.0,"axis":"x"}},{"from":[6.996,6.9359503,5.79305],"to":[9.004,8.53595,6.99305],"rotation":{"origin":[8.599999618530273,7.735999723466331,6.193093115305406],"angle":-22.5,"axis":"x"},"faces":{"north":{"uv":[4.75,12.75,5.375,13.25],"texture":"#0","tintindex":0,"rotation":0},"east":{"uv":[13.25,8.875,13.625,9.375],"texture":"#0","tintindex":0,"rotation":0},"south":{"uv":[6.625,12.875,7.25,13.375],"texture":"#0","tintindex":0,"rotation":0},"west":{"uv":[13.25,10.625,13.625,11.125],"texture":"#0","tintindex":0,"rotation":0},"up":{"uv":[7.5,1.375,6.875,1.0],"texture":"#0","tintindex":0,"rotation":0},"down":{"uv":[8.125,2.25,7.5,2.625],"texture":"#0","tintindex":0,"rotation":0}}},{"from":[6.9999995,6.96815,4.69115],"to":[9.0,8.16815,4.69115],"rotation":{"origin":[8.199999618530274,6.16812416561468,5.491131317687669],"angle":22.5,"axis":"x"},"faces":{"north":{"uv":[14.0,8.6,15.0,9.2],"texture":"#1","tintindex":0,"rotation":0},"east":{"uv":[0.0,0.0,0.0,0.6],"texture":"#1","tintindex":0,"rotation":0},"south":{"uv":[14.0,9.2,15.0,9.8],"texture":"#1","tintindex":0,"rotation":0},"west":{"uv":[0.0,0.0,0.0,0.6],"texture":"#1","tintindex":0,"rotation":0},"up":{"uv":[1.0,0.0,0.0,0.0],"texture":"#1","tintindex":0,"rotation":0},"down":{"uv":[1.0,0.0,0.0,0.0],"texture":"#1","tintindex":0,"rotation":0}}}]}