{"textures":{"0":"freeminecraftmodels:entity/01_em_wolf/wolf_main","1":"freeminecraftmodels:entity/01_em_wolf/wolf_extra"},"display":{"head":{"scale":[4.0,4.0,4.0],"translation":[0,-6.4,0]}},"elements":[{"from":[6.8,5.5395503,4.6],"to":[9.200001,10.73955,9.0],"rotation":{"origin":[7.200000095367432,10.739532758754013,5.000034147221038],"angle":-22.5,"axis":"x"},"faces":{"north":{"uv":[6.125,10.0,6.875,11.625],"texture":"#0","tintindex":0,"rotation":0},"east":{"uv":[1.25,6.875,2.625,8.5],"texture":"#0","tintindex":0,"rotation":0},"south":{"uv":[3.375,10.25,4.125,11.875],"texture":"#0","tintindex":0,"rotation":0},"west":{"uv":[5.0,7.25,6.375,8.875],"texture":"#0","tintindex":0,"rotation":0},"up":{"uv":[11.125,10.0,10.375,8.625],"texture":"#0","tintindex":0,"rotation":0},"down":{"uv":[11.125,10.0,10.375,11.375],"texture":"#0","tintindex":0,"rotation":0}}},{"from":[7.6000004,3.9395504,4.6],"to":[7.6000004,12.73955,11.400001],"rotation":{"origin":[6.800000095367432,10.739532758754013,5.000034147221038],"angle":-22.5,"axis":"x"},"faces":{"north":{"uv":[0.0,0.0,0.0,4.4],"texture":"#1","tintindex":0,"rotation":0},"east":{"uv":[0.0,4.4,3.4,8.8],"texture":"#1","tintindex":0,"rotation":0},"south":{"uv":[0.0,0.0,0.0,4.4],"texture":"#1","tintindex":0,"rotation":0},"west":{"uv":[3.4,4.4,0.0,8.8],"texture":"#1","tintindex":0,"rotation":0},"up":{"uv":[0.0,3.4,0.0,0.0],"texture":"#1","tintindex":0,"rotation":0},"down":{"uv":[0.0,0.0,0.0,3.4],"texture":"#1","tintindex":0,"rotation":0}}},{"from":[6.8,4.0604506,6.0080996],"to":[8.8,7.2604504,8.8081],"faces":{"north":{"uv":[11.75,0.0,12.375,1.0],"texture":"#0","tintindex":0,"rotation":0},"east":{"uv":[0.0,10.75,0.875,11.75],"texture":"#0","tintindex":0,"rotation":0},"south":{"uv":[4.75,11.75,5.375,12.75],"texture":"#0","tintindex":0,"rotation":0},"west":{"uv":[10.75,4.25,11.625,5.25],"texture":"#0","tintindex":0,"rotation":0},"up":{"uv":[12.5,12.5,11.875,11.625],"texture":"#0","tintindex":0,"rotation":0},"down":{"uv":[12.625,1.0,12.0,1.875],"texture":"#0","tintindex":0,"rotation":0}},"rotation":{"origin":[7.200000095367432,4.060493068767344,6.408142690730845],"angle":0.0,"axis":"x"}},{"from":[8.0,3.2604504,7.2081003],"to":[8.0,7.2604504,10.4081],"faces":{"north":{"uv":[0.0,0.0,0.0,2.0],"texture":"#1","tintindex":0,"rotation":0},"east":{"uv":[10.2,13.4,11.8,15.4],"texture":"#1","tintindex":0,"rotation":0},"south":{"uv":[0.0,0.0,0.0,2.0],"texture":"#1","tintindex":0,"rotation":0},"west":{"uv":[11.8,13.4,10.2,15.4],"texture":"#1","tintindex":0,"rotation":0},"up":{"uv":[0.0,1.6,0.0,0.0],"texture":"#1","tintindex":0,"rotation":0},"down":{"uv":[0.0,0.0,0.0,1.6],"texture":"#1","tintindex":0,"rotation":0}},"rotation":{"origin":[7.200000095367432,4.060493068767344,8.008142690730844],"angle":0.0,"axis":"x"}}]}