{"textures":{"0":"freeminecraftmodels:entity/01_em_wolf/wolf_main","1":"freeminecraftmodels:entity/01_em_wolf/wolf_extra"},"display":{"head":{"scale":[4.0,4.0,4.0],"translation":[0,-6.4,0]}},"elements":[{"from":[7.2,6.9395504,4.0],"to":[8.8,11.33955,7.6000004],"rotation":{"origin":[7.6000001430511475,11.339532663386581,4.400034194904752],"angle":-22.5,"axis":"x"},"faces":{"north":{"uv":[9.125,11.0,9.625,12.375],"texture":"#0","tintindex":0,"rotation":0},"east":{"uv":[6.375,8.625,7.5,10.0],"texture":"#0","tintindex":0,"rotation":0},"south":{"uv":[11.375,6.375,11.875,7.75],"texture":"#0","tintindex":0,"rotation":0},"west":{"uv":[4.0,8.875,5.125,10.25],"texture":"#0","tintindex":0,"rotation":0},"up":{"uv":[12.375,8.75,11.875,7.625],"texture":"#0","tintindex":0,"rotation":0},"down":{"uv":[12.375,8.75,11.875,9.875],"texture":"#0","tintindex":0,"rotation":0}}},{"from":[8.0,5.7395506,6.0],"to":[8.0,12.53955,12.0],"rotation":{"origin":[7.6000001430511475,10.139532663386582,4.000034194904752],"angle":-22.5,"axis":"x"},"faces":{"north":{"uv":[0.0,0.0,0.0,3.4],"texture":"#1","tintindex":0,"rotation":0},"east":{"uv":[6.8,6.8,9.8,10.2],"texture":"#1","tintindex":0,"rotation":0},"south":{"uv":[0.0,0.0,0.0,3.4],"texture":"#1","tintindex":0,"rotation":0},"west":{"uv":[9.8,6.8,6.8,10.2],"texture":"#1","tintindex":0,"rotation":0},"up":{"uv":[0.0,3.0,0.0,0.0],"texture":"#1","tintindex":0,"rotation":0},"down":{"uv":[0.0,0.0,0.0,3.0],"texture":"#1","tintindex":0,"rotation":0}}},{"from":[6.8,4.66045,5.4081],"to":[9.2,7.8604503,7.4081],"faces":{"north":{"uv":[11.125,11.125,11.875,12.125],"texture":"#0","tintindex":0,"rotation":0},"east":{"uv":[6.125,11.625,6.75,12.625],"texture":"#0","tintindex":0,"rotation":0},"south":{"uv":[11.25,1.5,12.0,2.5],"texture":"#0","tintindex":0,"rotation":0},"west":{"uv":[0.0,11.75,0.625,12.75],"texture":"#0","tintindex":0,"rotation":0},"up":{"uv":[13.125,8.25,12.375,7.625],"texture":"#0","tintindex":0,"rotation":0},"down":{"uv":[13.125,8.25,12.375,8.875],"texture":"#0","tintindex":0,"rotation":0}},"rotation":{"origin":[7.6000001430511475,4.660492973399912,5.80814273841456],"angle":0.0,"axis":"x"}},{"from":[8.400001,3.4604502,5.4081],"to":[8.400001,7.8604503,9.0081005],"faces":{"north":{"uv":[0.0,0.0,0.0,2.2],"texture":"#1","tintindex":0,"rotation":0},"east":{"uv":[8.4,12.2,10.2,14.4],"texture":"#1","tintindex":0,"rotation":0},"south":{"uv":[0.0,0.0,0.0,2.2],"texture":"#1","tintindex":0,"rotation":0},"west":{"uv":[10.2,12.2,8.4,14.4],"texture":"#1","tintindex":0,"rotation":0},"up":{"uv":[0.0,1.8,0.0,0.0],"texture":"#1","tintindex":0,"rotation":0},"down":{"uv":[0.0,0.0,0.0,1.8],"texture":"#1","tintindex":0,"rotation":0}},"rotation":{"origin":[7.6000001430511475,4.660492973399912,5.80814273841456],"angle":0.0,"axis":"x"}}]}