{"textures":{"0":"freeminecraftmodels:entity/01_em_wolf/wolf_main","1":"freeminecraftmodels:entity/01_em_wolf/wolf_extra"},"display":{"head":{"scale":[4.0,4.0,4.0],"translation":[0,-6.4,0]}},"elements":[{"from":[7.2,7.2,6.4],"to":[8.8,8.799999,8.4],"faces":{"north":{"uv":[13.125,9.375,13.625,9.875],"texture":"#0","tintindex":0,"rotation":0},"east":{"uv":[9.0,12.875,9.625,13.375],"texture":"#0","tintindex":0,"rotation":0},"south":{"uv":[13.125,9.875,13.625,10.375],"texture":"#0","tintindex":0,"rotation":0},"west":{"uv":[10.25,12.875,10.875,13.375],"texture":"#0","tintindex":0,"rotation":0},"up":{"uv":[5.5,7.25,5.0,6.625],"texture":"#0","tintindex":0,"rotation":0},"down":{"uv":[11.75,0.0,11.25,0.625],"texture":"#0","tintindex":0,"rotation":0}},"rotation":{"origin":[5.6,8.400017545193853,6.399966948988549],"angle":0.0,"axis":"x"}},{"from":[7.2,7.2,8.4],"to":[8.8,8.4,9.6],"faces":{"north":{"uv":[13.375,1.125,13.875,1.5],"texture":"#0","tintindex":0,"rotation":0},"east":{"uv":[1.875,13.5,2.25,13.875],"texture":"#0","tintindex":0,"rotation":0},"south":{"uv":[13.375,4.375,13.875,4.75],"texture":"#0","tintindex":0,"rotation":0},"west":{"uv":[2.25,13.5,2.625,13.875],"texture":"#0","tintindex":0,"rotation":0},"up":{"uv":[13.875,6.25,13.375,5.875],"texture":"#0","tintindex":0,"rotation":0},"down":{"uv":[13.875,6.25,13.375,6.625],"texture":"#0","tintindex":0,"rotation":0}},"rotation":{"origin":[5.6,8.400017545193853,8.39996694898855],"angle":0.0,"axis":"x"}}]}