{"textures":{"0":"freeminecraftmodels:entity/02_em_sea_monster/kraken"},"display":{"head":{"scale":[4.0,4.0,4.0],"translation":[0,-6.4,0]}},"elements":[{"from":[1.6000004,4.785,8.0],"to":[4.0,11.215,8.0],"rotation":{"origin":[2.5800001716613767,8.800032854065655,7.05999313391805],"angle":45.0,"axis":"y"},"faces":{"north":{"uv":[5.75,2.0625,6.125,3.0625],"texture":"#0","tintindex":0,"rotation":0},"east":{"uv":[0.0,0.0,0.0,1.0],"texture":"#0","tintindex":0,"rotation":0},"south":{"uv":[5.0625,5.75,5.4375,6.75],"texture":"#0","tintindex":0,"rotation":0},"west":{"uv":[0.0,0.0,0.0,1.0],"texture":"#0","tintindex":0,"rotation":0},"up":{"uv":[0.375,0.0,0.0,0.0],"texture":"#0","tintindex":0,"rotation":0},"down":{"uv":[0.375,0.0,0.0,0.0],"texture":"#0","tintindex":0,"rotation":0}}},{"from":[12.0,4.785,8.0],"to":[14.4,11.215,8.0],"rotation":{"origin":[13.420000171661375,8.800032854065655,7.05999313391805],"angle":-45.0,"axis":"y"},"faces":{"north":{"uv":[6.125,2.0625,5.75,3.0625],"texture":"#0","tintindex":0,"rotation":0},"east":{"uv":[0.0,0.0,0.0,1.0],"texture":"#0","tintindex":0,"rotation":0},"south":{"uv":[5.4375,5.75,5.0625,6.75],"texture":"#0","tintindex":0,"rotation":0},"west":{"uv":[0.0,0.0,0.0,1.0],"texture":"#0","tintindex":0,"rotation":0},"up":{"uv":[0.0,0.0,0.375,0.0],"texture":"#0","tintindex":0,"rotation":0},"down":{"uv":[0.0,0.0,0.375,0.0],"texture":"#0","tintindex":0,"rotation":0}}}]}