{"textures":{"0":"freeminecraftmodels:entity/02_em_sea_monster/kraken"},"display":{"head":{"scale":[4.0,4.0,4.0],"translation":[0,-6.4,0]}},"elements":[{"from":[-0.39999962,4.785,8.0],"to":[2.0000005,11.215,8.0],"rotation":{"origin":[2.580000648498535,8.000032663330792,5.619993076697591],"angle":45.0,"axis":"y"},"faces":{"north":{"uv":[5.6875,4.0625,6.0625,5.0625],"texture":"#0","tintindex":0,"rotation":0},"east":{"uv":[0.0,0.0,0.0,1.0],"texture":"#0","tintindex":0,"rotation":0},"south":{"uv":[5.6875,5.0625,6.0625,6.0625],"texture":"#0","tintindex":0,"rotation":0},"west":{"uv":[0.0,0.0,0.0,1.0],"texture":"#0","tintindex":0,"rotation":0},"up":{"uv":[0.375,0.0,0.0,0.0],"texture":"#0","tintindex":0,"rotation":0},"down":{"uv":[0.375,0.0,0.0,0.0],"texture":"#0","tintindex":0,"rotation":0}}},{"from":[14.0,4.785,8.0],"to":[16.400002,11.215,8.0],"rotation":{"origin":[13.420000648498533,8.000032663330792,5.619993076697591],"angle":-45.0,"axis":"y"},"faces":{"north":{"uv":[6.0625,4.0625,5.6875,5.0625],"texture":"#0","tintindex":0,"rotation":0},"east":{"uv":[0.0,0.0,0.0,1.0],"texture":"#0","tintindex":0,"rotation":0},"south":{"uv":[6.0625,5.0625,5.6875,6.0625],"texture":"#0","tintindex":0,"rotation":0},"west":{"uv":[0.0,0.0,0.0,1.0],"texture":"#0","tintindex":0,"rotation":0},"up":{"uv":[0.0,0.0,0.375,0.0],"texture":"#0","tintindex":0,"rotation":0},"down":{"uv":[0.0,0.0,0.375,0.0],"texture":"#0","tintindex":0,"rotation":0}}}]}