{"textures":{"0":"freeminecraftmodels:entity/02_em_sea_monster/kraken"},"display":{"head":{"scale":[4.0,4.0,4.0],"translation":[0,-6.4,0]}},"elements":[{"from":[7.84,7.8,7.39],"to":[8.16,8.2,8.61],"rotation":{"origin":[8.0300004196167,7.690032834992181,7.199993381873375],"angle":-45.0,"axis":"x"},"faces":{"north":{"uv":[5.5625,3.1875,5.625,3.25],"texture":"#0","tintindex":0,"rotation":0},"east":{"uv":[4.625,3.9375,4.8125,4.0],"texture":"#0","tintindex":0,"rotation":0},"south":{"uv":[5.625,3.1875,5.6875,3.25],"texture":"#0","tintindex":0,"rotation":0},"west":{"uv":[4.8125,3.9375,5.0,4.0],"texture":"#0","tintindex":0,"rotation":0},"up":{"uv":[7.5,3.1875,7.4375,3.0],"texture":"#0","tintindex":0,"rotation":0},"down":{"uv":[7.6875,2.75,7.625,2.9375],"texture":"#0","tintindex":0,"rotation":0}}}]}