{"textures":{"0":"freeminecraftmodels:entity/02_em_sea_monster/kraken"},"display":{"head":{"scale":[4.0,4.0,4.0],"translation":[0,-6.4,0]}},"elements":[{"from":[7.8400006,7.8,7.39],"to":[8.160001,8.200001,8.61],"rotation":{"origin":[7.9700005340576165,7.700033063874017,7.199993381873375],"angle":-45.0,"axis":"x"},"faces":{"north":{"uv":[2.0,5.1875,2.0625,5.25],"texture":"#0","tintindex":0,"rotation":0},"east":{"uv":[3.875,1.9375,4.0625,2.0],"texture":"#0","tintindex":0,"rotation":0},"south":{"uv":[0.6875,5.375,0.75,5.4375],"texture":"#0","tintindex":0,"rotation":0},"west":{"uv":[4.0625,1.9375,4.25,2.0],"texture":"#0","tintindex":0,"rotation":0},"up":{"uv":[4.75,7.0,4.6875,6.8125],"texture":"#0","tintindex":0,"rotation":0},"down":{"uv":[6.9375,3.6875,6.875,3.875],"texture":"#0","tintindex":0,"rotation":0}}}]}