{"textures":{"0":"freeminecraftmodels:entity/02_em_sea_monster/kraken"},"display":{"head":{"scale":[4.0,4.0,4.0],"translation":[0,-6.4,0]}},"elements":[{"from":[7.835,7.8,7.38],"to":[8.165,8.200001,8.62],"rotation":{"origin":[8.025000305175782,7.670032854065667,7.199993381873375],"angle":-45.0,"axis":"x"},"faces":{"north":{"uv":[0.75,5.375,0.8125,5.4375],"texture":"#0","tintindex":0,"rotation":0},"east":{"uv":[4.25,1.9375,4.4375,2.0],"texture":"#0","tintindex":0,"rotation":0},"south":{"uv":[0.8125,5.375,0.875,5.4375],"texture":"#0","tintindex":0,"rotation":0},"west":{"uv":[4.4375,3.9375,4.625,4.0],"texture":"#0","tintindex":0,"rotation":0},"up":{"uv":[7.375,4.3125,7.3125,4.125],"texture":"#0","tintindex":0,"rotation":0},"down":{"uv":[7.375,4.3125,7.3125,4.5],"texture":"#0","tintindex":0,"rotation":0}}}]}