{"textures":{"0":"freeminecraftmodels:entity/02_em_sea_monster/kraken"},"display":{"head":{"scale":[4.0,4.0,4.0],"translation":[0,-6.4,0]}},"elements":[{"from":[5.16,7.4,7.4],"to":[5.56,8.6,8.6],"rotation":{"origin":[5.279999999999999,8.090032930359612,7.199993381873375],"angle":-45.0,"axis":"x"},"faces":{"north":{"uv":[1.0625,6.9375,1.125,7.125],"texture":"#0","tintindex":0,"rotation":0},"east":{"uv":[6.875,1.5,7.0625,1.6875],"texture":"#0","tintindex":0,"rotation":0},"south":{"uv":[7.0625,1.5,7.125,1.6875],"texture":"#0","tintindex":0,"rotation":0},"west":{"uv":[8.0625,1.6875,8.25,1.875],"texture":"#0","tintindex":0,"rotation":0},"up":{"uv":[7.3125,3.5,7.25,3.3125],"texture":"#0","tintindex":0,"rotation":0},"down":{"uv":[7.3125,3.5,7.25,3.6875],"texture":"#0","tintindex":0,"rotation":0}}},{"from":[10.440001,7.4,7.4],"to":[10.84,8.6,8.6],"rotation":{"origin":[10.72,8.090032930359612,7.199993381873375],"angle":-45.0,"axis":"x"},"faces":{"north":{"uv":[7.6875,3.4375,7.75,3.625],"texture":"#0","tintindex":0,"rotation":0},"east":{"uv":[8.0625,4.4375,8.25,4.625],"texture":"#0","tintindex":0,"rotation":0},"south":{"uv":[7.75,4.125,7.8125,4.3125],"texture":"#0","tintindex":0,"rotation":0},"west":{"uv":[8.0625,4.625,8.25,4.8125],"texture":"#0","tintindex":0,"rotation":0},"up":{"uv":[7.875,0.625,7.8125,0.4375],"texture":"#0","tintindex":0,"rotation":0},"down":{"uv":[7.9375,3.25,7.875,3.4375],"texture":"#0","tintindex":0,"rotation":0}}}]}