{"textures":{"0":"freeminecraftmodels:entity/02_em_sea_monster/kraken"},"display":{"head":{"scale":[4.0,4.0,4.0],"translation":[0,-6.4,0]}},"elements":[{"from":[7.495,5.1999993,8.01],"to":[8.504999,10.799999,9.19],"faces":{"north":{"uv":[6.875,1.9375,7.0625,2.8125],"texture":"#0","tintindex":0,"rotation":0},"east":{"uv":[6.875,2.8125,7.0625,3.6875],"texture":"#0","tintindex":0,"rotation":0},"south":{"uv":[3.25,6.875,3.4375,7.75],"texture":"#0","tintindex":0,"rotation":0},"west":{"uv":[3.4375,6.875,3.625,7.75],"texture":"#0","tintindex":0,"rotation":0},"up":{"uv":[8.3125,6.5,8.125,6.3125],"texture":"#0","tintindex":0,"rotation":0},"down":{"uv":[8.3125,6.5,8.125,6.6875],"texture":"#0","tintindex":0,"rotation":0}},"rotation":{"origin":[6.444999694824219,6.190032300934563,5.799993057624107],"angle":0.0,"axis":"x"}},{"from":[7.765,5.1999993,6.81],"to":[7.765,10.4,8.01],"faces":{"north":{"uv":[0.0,0.0,0.0,0.8125],"texture":"#0","tintindex":0,"rotation":0},"east":{"uv":[7.25,6.125,7.4375,6.9375],"texture":"#0","tintindex":0,"rotation":0},"south":{"uv":[0.0,0.0,0.0,0.8125],"texture":"#0","tintindex":0,"rotation":0},"west":{"uv":[7.25,6.9375,7.4375,7.75],"texture":"#0","tintindex":0,"rotation":0},"up":{"uv":[0.0,0.1875,0.0,0.0],"texture":"#0","tintindex":0,"rotation":0},"down":{"uv":[0.0,0.0,0.0,0.1875],"texture":"#0","tintindex":0,"rotation":0}},"rotation":{"origin":[6.444999694824219,6.190032300934563,5.799993057624107],"angle":0.0,"axis":"x"}}]}