{"textures":{"0":"freeminecraftmodels:entity/02_em_sea_monster/kraken"},"display":{"head":{"scale":[4.0,4.0,4.0],"translation":[0,-6.4,0]}},"elements":[{"from":[7.08,5.0,7.52],"to":[7.8799996,11.0,8.48],"faces":{"north":{"uv":[7.625,7.8125,7.75,8.75],"texture":"#0","tintindex":0,"rotation":0},"east":{"uv":[7.875,0.0,8.0,0.9375],"texture":"#0","tintindex":0,"rotation":0},"south":{"uv":[7.875,2.3125,8.0,3.25],"texture":"#0","tintindex":0,"rotation":0},"west":{"uv":[7.75,7.875,7.875,8.8125],"texture":"#0","tintindex":0,"rotation":0},"up":{"uv":[8.3125,2.5625,8.1875,2.4375],"texture":"#0","tintindex":0,"rotation":0},"down":{"uv":[8.3125,2.5625,8.1875,2.6875],"texture":"#0","tintindex":0,"rotation":0}},"rotation":{"origin":[9.03999969482422,11.590032873139153,10.819993152991543],"angle":0.0,"axis":"x"}},{"from":[7.72,5.0,8.08],"to":[8.92,10.6,8.08],"faces":{"north":{"uv":[6.9375,3.6875,7.125,4.5625],"texture":"#0","tintindex":0,"rotation":0},"east":{"uv":[0.0,0.0,0.0,0.875],"texture":"#0","tintindex":0,"rotation":0},"south":{"uv":[7.0625,0.0,7.25,0.875],"texture":"#0","tintindex":0,"rotation":0},"west":{"uv":[0.0,0.0,0.0,0.875],"texture":"#0","tintindex":0,"rotation":0},"up":{"uv":[0.1875,0.0,0.0,0.0],"texture":"#0","tintindex":0,"rotation":0},"down":{"uv":[0.1875,0.0,0.0,0.0],"texture":"#0","tintindex":0,"rotation":0}},"rotation":{"origin":[9.03999969482422,11.590032873139153,10.819993152991543],"angle":0.0,"axis":"x"}}]}