{"textures":{"0":"freeminecraftmodels:entity/02_em_sea_monster/kraken"},"display":{"head":{"scale":[4.0,4.0,4.0],"translation":[0,-6.4,0]}},"elements":[{"from":[7.7049994,6.5199995,7.7999997],"to":[8.295,9.479999,8.2],"faces":{"north":{"uv":[1.0,8.125,1.0625,8.5625],"texture":"#0","tintindex":0,"rotation":0},"east":{"uv":[8.0,8.125,8.0625,8.5625],"texture":"#0","tintindex":0,"rotation":0},"south":{"uv":[8.0625,8.125,8.125,8.5625],"texture":"#0","tintindex":0,"rotation":0},"west":{"uv":[8.125,8.125,8.1875,8.5625],"texture":"#0","tintindex":0,"rotation":0},"up":{"uv":[6.125,6.0,6.0625,5.9375],"texture":"#0","tintindex":0,"rotation":0},"down":{"uv":[6.125,6.0,6.0625,6.0625],"texture":"#0","tintindex":0,"rotation":0}},"rotation":{"origin":[9.574999542236329,15.670031843170891,10.899993076697598],"angle":0.0,"axis":"x"}}]}