{"textures":{"0":"freeminecraftmodels:entity/02_em_sea_monster/kraken"},"display":{"head":{"scale":[4.0,4.0,4.0],"translation":[0,-6.4,0]}},"elements":[{"from":[7.6,5.2,6.92],"to":[8.4,10.799999,7.8799996],"faces":{"north":{"uv":[1.5,7.9375,1.625,8.8125],"texture":"#0","tintindex":0,"rotation":0},"east":{"uv":[7.9375,3.25,8.0625,4.125],"texture":"#0","tintindex":0,"rotation":0},"south":{"uv":[7.9375,4.125,8.0625,5.0],"texture":"#0","tintindex":0,"rotation":0},"west":{"uv":[4.6875,7.9375,4.8125,8.8125],"texture":"#0","tintindex":0,"rotation":0},"up":{"uv":[6.4375,6.625,6.3125,6.5],"texture":"#0","tintindex":0,"rotation":0},"down":{"uv":[0.3125,6.8125,0.1875,6.9375],"texture":"#0","tintindex":0,"rotation":0}},"rotation":{"origin":[7.960000038146973,11.79003268240429,10.219993114844572],"angle":0.0,"axis":"x"}},{"from":[8.0,5.2,7.8799996],"to":[8.0,10.799999,9.08],"faces":{"north":{"uv":[0.0,0.0,0.0,0.875],"texture":"#0","tintindex":0,"rotation":0},"east":{"uv":[6.5,6.625,6.6875,7.5],"texture":"#0","tintindex":0,"rotation":0},"south":{"uv":[0.0,0.0,0.0,0.875],"texture":"#0","tintindex":0,"rotation":0},"west":{"uv":[6.6875,0.0,6.875,0.875],"texture":"#0","tintindex":0,"rotation":0},"up":{"uv":[0.0,0.1875,0.0,0.0],"texture":"#0","tintindex":0,"rotation":0},"down":{"uv":[0.0,0.0,0.0,0.1875],"texture":"#0","tintindex":0,"rotation":0}},"rotation":{"origin":[7.960000038146973,11.79003268240429,10.219993114844572],"angle":0.0,"axis":"x"}}]}