{"textures":{"0":"freeminecraftmodels:entity/02_em_sea_monster/kraken"},"display":{"head":{"scale":[4.0,4.0,4.0],"translation":[0,-6.4,0]}},"elements":[{"from":[7.6,5.2,8.12],"to":[8.4,10.799999,9.08],"faces":{"north":{"uv":[7.9375,5.0,8.0625,5.875],"texture":"#0","tintindex":0,"rotation":0},"east":{"uv":[5.375,7.9375,5.5,8.8125],"texture":"#0","tintindex":0,"rotation":0},"south":{"uv":[5.5,7.9375,5.625,8.8125],"texture":"#0","tintindex":0,"rotation":0},"west":{"uv":[5.625,7.9375,5.75,8.8125],"texture":"#0","tintindex":0,"rotation":0},"up":{"uv":[7.625,1.625,7.5,1.5],"texture":"#0","tintindex":0,"rotation":0},"down":{"uv":[3.9375,7.5,3.8125,7.625],"texture":"#0","tintindex":0,"rotation":0}},"rotation":{"origin":[7.960000038146973,11.79003268240429,5.7799935535347515],"angle":0.0,"axis":"x"}},{"from":[8.0,5.2,6.92],"to":[8.0,10.799999,8.12],"faces":{"north":{"uv":[0.0,0.0,0.0,0.875],"texture":"#0","tintindex":0,"rotation":0},"east":{"uv":[6.6875,6.8125,6.875,7.6875],"texture":"#0","tintindex":0,"rotation":0},"south":{"uv":[0.0,0.0,0.0,0.875],"texture":"#0","tintindex":0,"rotation":0},"west":{"uv":[6.875,0.0,7.0625,0.875],"texture":"#0","tintindex":0,"rotation":0},"up":{"uv":[0.0,0.1875,0.0,0.0],"texture":"#0","tintindex":0,"rotation":0},"down":{"uv":[0.0,0.0,0.0,0.1875],"texture":"#0","tintindex":0,"rotation":0}},"rotation":{"origin":[7.960000038146973,11.79003268240429,5.7799935535347515],"angle":0.0,"axis":"x"}}]}