{"textures":{"0":"freeminecraftmodels:entity/02_em_sea_monster/kraken"},"display":{"head":{"scale":[4.0,4.0,4.0],"translation":[0,-6.4,0]}},"elements":[{"from":[7.6,5.0,6.92],"to":[8.4,11.0,7.8799996],"faces":{"north":{"uv":[7.25,7.75,7.375,8.6875],"texture":"#0","tintindex":0,"rotation":0},"east":{"uv":[0.1875,7.8125,0.3125,8.75],"texture":"#0","tintindex":0,"rotation":0},"south":{"uv":[0.3125,7.8125,0.4375,8.75],"texture":"#0","tintindex":0,"rotation":0},"west":{"uv":[0.4375,7.8125,0.5625,8.75],"texture":"#0","tintindex":0,"rotation":0},"up":{"uv":[3.75,7.375,3.625,7.25],"texture":"#0","tintindex":0,"rotation":0},"down":{"uv":[3.75,7.375,3.625,7.5],"texture":"#0","tintindex":0,"rotation":0}},"rotation":{"origin":[6.440000057220459,11.590032873139153,10.219993114844572],"angle":0.0,"axis":"x"}},{"from":[7.76,5.0,7.8799996],"to":[7.76,10.6,9.08],"faces":{"north":{"uv":[0.0,0.0,0.0,0.875],"texture":"#0","tintindex":0,"rotation":0},"east":{"uv":[5.1875,6.75,5.375,7.625],"texture":"#0","tintindex":0,"rotation":0},"south":{"uv":[0.0,0.0,0.0,0.875],"texture":"#0","tintindex":0,"rotation":0},"west":{"uv":[0.0,6.8125,0.1875,7.6875],"texture":"#0","tintindex":0,"rotation":0},"up":{"uv":[0.0,0.1875,0.0,0.0],"texture":"#0","tintindex":0,"rotation":0},"down":{"uv":[0.0,0.0,0.0,0.1875],"texture":"#0","tintindex":0,"rotation":0}},"rotation":{"origin":[6.440000057220459,11.590032873139153,10.219993114844572],"angle":0.0,"axis":"x"}}]}