{"textures":{"0":"freeminecraftmodels:entity/02_em_sea_monster/kraken"},"display":{"head":{"scale":[4.0,4.0,4.0],"translation":[0,-6.4,0]}},"elements":[{"from":[7.705,6.5199995,7.8],"to":[8.295,9.479999,8.2],"faces":{"north":{"uv":[3.1875,7.3125,3.25,7.75],"texture":"#0","tintindex":0,"rotation":0},"east":{"uv":[7.375,4.8125,7.4375,5.25],"texture":"#0","tintindex":0,"rotation":0},"south":{"uv":[7.5,3.6875,7.5625,4.125],"texture":"#0","tintindex":0,"rotation":0},"west":{"uv":[7.5625,4.375,7.625,4.8125],"texture":"#0","tintindex":0,"rotation":0},"up":{"uv":[5.625,6.0625,5.5625,6.0],"texture":"#0","tintindex":0,"rotation":0},"down":{"uv":[5.6875,6.0,5.625,6.0625],"texture":"#0","tintindex":0,"rotation":0}},"rotation":{"origin":[6.425000190734863,15.670031843170891,10.899993420020353],"angle":0.0,"axis":"x"}}]}