{"textures":{"0":"freeminecraftmodels:entity/02_em_sea_monster/kraken"},"display":{"head":{"scale":[4.0,4.0,4.0],"translation":[0,-6.4,0]}},"elements":[{"from":[7.705,6.5199995,7.8],"to":[8.295,9.479999,8.200001],"faces":{"north":{"uv":[7.375,7.75,7.4375,8.1875],"texture":"#0","tintindex":0,"rotation":0},"east":{"uv":[7.8125,0.0,7.875,0.4375],"texture":"#0","tintindex":0,"rotation":0},"south":{"uv":[7.8125,2.3125,7.875,2.75],"texture":"#0","tintindex":0,"rotation":0},"west":{"uv":[7.875,0.9375,7.9375,1.375],"texture":"#0","tintindex":0,"rotation":0},"up":{"uv":[0.625,6.125,0.5625,6.0625],"texture":"#0","tintindex":0,"rotation":0},"down":{"uv":[0.6875,6.0625,0.625,6.125],"texture":"#0","tintindex":0,"rotation":0}},"rotation":{"origin":[9.574999809265137,15.670031843170891,5.0999937251961285],"angle":0.0,"axis":"x"}}]}