{"textures":{"0":"freeminecraftmodels:entity/02_em_sea_monster/kraken"},"display":{"head":{"scale":[4.0,4.0,4.0],"translation":[0,-6.4,0]}},"elements":[{"from":[7.4000006,5.8,7.26],"to":[8.6,10.200001,8.740001],"faces":{"north":{"uv":[3.625,7.5,3.8125,8.1875],"texture":"#0","tintindex":0,"rotation":0},"east":{"uv":[6.4375,5.9375,6.6875,6.625],"texture":"#0","tintindex":0,"rotation":0},"south":{"uv":[6.3125,7.5,6.5,8.1875],"texture":"#0","tintindex":0,"rotation":0},"west":{"uv":[0.5625,6.5,0.8125,7.1875],"texture":"#0","tintindex":0,"rotation":0},"up":{"uv":[8.25,3.6875,8.0625,3.4375],"texture":"#0","tintindex":0,"rotation":0},"down":{"uv":[8.25,3.6875,8.0625,3.9375],"texture":"#0","tintindex":0,"rotation":0}},"rotation":{"origin":[9.570000381469727,1.5900328731391524,10.799993648902188],"angle":0.0,"axis":"x"}}]}