{"textures":{"0":"freeminecraftmodels:entity/02_em_sea_monster/kraken"},"display":{"head":{"scale":[4.0,4.0,4.0],"translation":[0,-6.4,0]}},"elements":[{"from":[7.4,5.8,7.26],"to":[8.6,10.200001,8.74],"faces":{"north":{"uv":[7.4375,6.1875,7.625,6.875],"texture":"#0","tintindex":0,"rotation":0},"east":{"uv":[1.375,6.4375,1.625,7.125],"texture":"#0","tintindex":0,"rotation":0},"south":{"uv":[7.4375,6.875,7.625,7.5625],"texture":"#0","tintindex":0,"rotation":0},"west":{"uv":[6.4375,2.3125,6.6875,3.0],"texture":"#0","tintindex":0,"rotation":0},"up":{"uv":[8.25,1.1875,8.0625,0.9375],"texture":"#0","tintindex":0,"rotation":0},"down":{"uv":[8.25,1.1875,8.0625,1.4375],"texture":"#0","tintindex":0,"rotation":0}},"rotation":{"origin":[7.970000267028809,1.5900328731391524,5.199993629828697],"angle":0.0,"axis":"x"}}]}