{"textures":{"0":"freeminecraftmodels:entity/02_em_sea_monster/kraken"},"display":{"head":{"scale":[4.0,4.0,4.0],"translation":[0,-6.4,0]}},"elements":[{"from":[7.3999996,5.8,7.2599998],"to":[8.599999,10.200001,8.74],"faces":{"north":{"uv":[7.0625,7.3125,7.25,8.0],"texture":"#0","tintindex":0,"rotation":0},"east":{"uv":[0.6875,4.3125,0.9375,5.0],"texture":"#0","tintindex":0,"rotation":0},"south":{"uv":[7.375,4.125,7.5625,4.8125],"texture":"#0","tintindex":0,"rotation":0},"west":{"uv":[3.75,5.9375,4.0,6.625],"texture":"#0","tintindex":0,"rotation":0},"up":{"uv":[5.625,6.0,5.4375,5.75],"texture":"#0","tintindex":0,"rotation":0},"down":{"uv":[6.875,2.8125,6.6875,3.0625],"texture":"#0","tintindex":0,"rotation":0}},"rotation":{"origin":[9.569999694824219,1.5900328731391524,10.799993038550626],"angle":0.0,"axis":"x"}}]}