{"textures":{"0":"freeminecraftmodels:entity/02_em_sea_monster/kraken"},"display":{"head":{"scale":[4.0,4.0,4.0],"translation":[0,-6.4,0]}},"elements":[{"from":[7.4,5.8,7.2599998],"to":[8.6,10.200001,8.74],"faces":{"north":{"uv":[6.125,7.375,6.3125,8.0625],"texture":"#0","tintindex":0,"rotation":0},"east":{"uv":[0.3125,6.25,0.5625,6.9375],"texture":"#0","tintindex":0,"rotation":0},"south":{"uv":[7.4375,0.0,7.625,0.6875],"texture":"#0","tintindex":0,"rotation":0},"west":{"uv":[2.75,6.25,3.0,6.9375],"texture":"#0","tintindex":0,"rotation":0},"up":{"uv":[1.25,8.25,1.0625,8.0],"texture":"#0","tintindex":0,"rotation":0},"down":{"uv":[8.1875,2.4375,8.0,2.6875],"texture":"#0","tintindex":0,"rotation":0}},"rotation":{"origin":[7.970000267028809,1.5900328731391524,10.799993038550626],"angle":0.0,"axis":"x"}}]}