{"textures":{"0":"freeminecraftmodels:entity/02_em_sea_monster/kraken"},"display":{"head":{"scale":[4.0,4.0,4.0],"translation":[0,-6.4,0]}},"elements":[{"from":[7.3999996,5.8,7.26],"to":[8.599999,10.200001,8.74],"faces":{"north":{"uv":[7.4375,4.8125,7.625,5.5],"texture":"#0","tintindex":0,"rotation":0},"east":{"uv":[6.4375,0.0,6.6875,0.6875],"texture":"#0","tintindex":0,"rotation":0},"south":{"uv":[7.4375,5.5,7.625,6.1875],"texture":"#0","tintindex":0,"rotation":0},"west":{"uv":[1.125,6.4375,1.375,7.125],"texture":"#0","tintindex":0,"rotation":0},"up":{"uv":[7.25,8.25,7.0625,8.0],"texture":"#0","tintindex":0,"rotation":0},"down":{"uv":[8.1875,7.875,8.0,8.125],"texture":"#0","tintindex":0,"rotation":0}},"rotation":{"origin":[9.569999694824219,1.5900328731391524,5.199993629828697],"angle":0.0,"axis":"x"}}]}