{"textures":{"0":"freeminecraftmodels:entity/em_goblin_treasure/em_goblin_treasure_main","1":"freeminecraftmodels:entity/em_goblin_treasure/em_goblin_treasure_extra","2":"freeminecraftmodels:entity/em_goblin_treasure/em_goblin_treasure_treasure"},"display":{"head":{"scale":[4.0,4.0,4.0],"translation":[0,-6.4,0]}},"elements":[{"from":[8.0,5.6000004,5.8],"to":[8.0,10.4,10.200001],"rotation":{"origin":[8.300399780273438,7.000000286102296,7.800000381469727],"angle":45.0,"axis":"y"},"faces":{"north":{"uv":[0.0,0.0,0.0,5.5],"texture":"#2","tintindex":0,"rotation":0},"east":{"uv":[6.5,0.0,1.0,6.0],"texture":"#2","tintindex":0,"rotation":0},"south":{"uv":[0.0,0.0,0.0,5.5],"texture":"#2","tintindex":0,"rotation":0},"west":{"uv":[1.0,0.0,6.5,6.0],"texture":"#2","tintindex":0,"rotation":0},"up":{"uv":[0.0,4.5,0.0,0.0],"texture":"#2","tintindex":0,"rotation":0},"down":{"uv":[0.0,0.0,0.0,4.5],"texture":"#2","tintindex":0,"rotation":0}}}]}