{"textures":{"0":"freeminecraftmodels:entity/em_goblin_treasure/em_goblin_treasure_main","1":"freeminecraftmodels:entity/em_goblin_treasure/em_goblin_treasure_extra","2":"freeminecraftmodels:entity/em_goblin_treasure/em_goblin_treasure_treasure"},"display":{"head":{"scale":[4.0,4.0,4.0],"translation":[0,-6.4,0]}},"elements":[{"from":[6.8,7.0,7.4796],"to":[9.2,9.799999,9.0796],"faces":{"north":{"uv":[7.0,6.0,10.0,9.5],"texture":"#0","tintindex":0,"rotation":0},"east":{"uv":[3.0,9.5,5.0,13.0],"texture":"#0","tintindex":0,"rotation":0},"south":{"uv":[8.0,0.0,11.0,3.5],"texture":"#0","tintindex":0,"rotation":0},"west":{"uv":[5.0,9.5,7.0,13.0],"texture":"#0","tintindex":0,"rotation":0},"up":{"uv":[11.0,5.5,8.0,3.5],"texture":"#0","tintindex":0,"rotation":0},"down":{"uv":[10.0,9.5,7.0,11.5],"texture":"#0","tintindex":0,"rotation":0}},"rotation":{"origin":[7.2,6.999999713897705,8.279600143432617],"angle":0.0,"axis":"x"}},{"from":[7.2,7.3999996,7.0796003],"to":[8.8,9.0,7.4796],"faces":{"north":{"uv":[11.0,0.0,13.0,2.0],"texture":"#0","tintindex":0,"rotation":0},"east":{"uv":[4.0,13.0,4.5,15.0],"texture":"#0","tintindex":0,"rotation":0},"south":{"uv":[11.0,2.0,13.0,4.0],"texture":"#0","tintindex":0,"rotation":0},"west":{"uv":[4.5,13.0,5.0,15.0],"texture":"#0","tintindex":0,"rotation":0},"up":{"uv":[10.0,6.0,8.0,5.5],"texture":"#0","tintindex":0,"rotation":0},"down":{"uv":[15.0,3.0,13.0,3.5],"texture":"#0","tintindex":0,"rotation":0}},"rotation":{"origin":[7.2,5.799999713897705,8.279600143432617],"angle":0.0,"axis":"x"}},{"from":[7.2,6.2,7.4796],"to":[8.8,7.0,7.4796],"faces":{"north":{"uv":[5.0,14.0,7.0,15.0],"texture":"#0","tintindex":0,"rotation":0},"east":{"uv":[0.0,15.0,0.0,16.0],"texture":"#0","tintindex":0,"rotation":0},"south":{"uv":[7.0,14.0,9.0,15.0],"texture":"#0","tintindex":0,"rotation":0},"west":{"uv":[0.0,15.0,0.0,16.0],"texture":"#0","tintindex":0,"rotation":0},"up":{"uv":[0.0,16.0,2.0,16.0],"texture":"#0","tintindex":0,"rotation":0},"down":{"uv":[0.0,16.0,2.0,16.0],"texture":"#0","tintindex":0,"rotation":0}},"rotation":{"origin":[8.0,6.999999713897705,7.479600143432617],"angle":0.0,"axis":"x"}},{"from":[7.2,6.2,9.0796],"to":[8.8,7.0,9.0796],"faces":{"north":{"uv":[7.0,14.0,5.0,15.0],"texture":"#0","tintindex":0,"rotation":0},"east":{"uv":[0.0,15.0,0.0,16.0],"texture":"#0","tintindex":0,"rotation":0},"south":{"uv":[9.0,14.0,7.0,15.0],"texture":"#0","tintindex":0,"rotation":0},"west":{"uv":[0.0,15.0,0.0,16.0],"texture":"#0","tintindex":0,"rotation":0},"up":{"uv":[2.0,16.0,0.0,16.0],"texture":"#0","tintindex":0,"rotation":0},"down":{"uv":[2.0,16.0,0.0,16.0],"texture":"#0","tintindex":0,"rotation":0}},"rotation":{"origin":[8.0,6.999999713897705,9.079600143432618],"angle":0.0,"axis":"x"}},{"from":[9.2,6.6,7.8796],"to":[9.6,7.3999996,8.6796],"faces":{"north":{"uv":[14.0,11.0,14.5,12.0],"texture":"#0","tintindex":0,"rotation":0},"east":{"uv":[14.0,13.0,15.0,14.0],"texture":"#0","tintindex":0,"rotation":0},"south":{"uv":[14.0,4.0,14.5,5.0],"texture":"#0","tintindex":0,"rotation":0},"west":{"uv":[14.0,12.0,15.0,13.0],"texture":"#0","tintindex":0,"rotation":0},"up":{"uv":[14.5,4.0,15.0,5.0],"texture":"#0","tintindex":0,"rotation":0},"down":{"uv":[14.5,11.0,15.0,12.0],"texture":"#0","tintindex":0,"rotation":0}},"rotation":{"origin":[9.2,6.599999713897705,8.279600143432617],"angle":0.0,"axis":"x"}},{"from":[6.4,8.599999,7.3796],"to":[9.6,9.799999,7.3796],"rotation":{"origin":[8.0,9.799999713897705,7.379600143432617],"angle":22.5,"axis":"x"},"faces":{"north":{"uv":[7.5,11.0,3.5,12.5],"texture":"#2","tintindex":0,"rotation":0},"east":{"uv":[0.0,0.0,0.0,1.5],"texture":"#2","tintindex":0,"rotation":0},"south":{"uv":[3.5,11.0,7.5,12.5],"texture":"#2","tintindex":0,"rotation":0},"west":{"uv":[0.0,0.0,0.0,1.5],"texture":"#2","tintindex":0,"rotation":0},"up":{"uv":[0.0,0.0,3.0,0.0],"texture":"#2","tintindex":0,"rotation":0},"down":{"uv":[0.0,0.0,3.0,0.0],"texture":"#2","tintindex":0,"rotation":0}}},{"from":[6.8,7.8912997,6.9204],"to":[9.2,9.0913,6.9204],"faces":{"north":{"uv":[6.5,12.5,3.5,14.0],"texture":"#2","tintindex":0,"rotation":0},"east":{"uv":[0.0,0.0,0.0,1.5],"texture":"#2","tintindex":0,"rotation":0},"south":{"uv":[3.5,12.5,6.5,14.0],"texture":"#2","tintindex":0,"rotation":0},"west":{"uv":[0.0,0.0,0.0,1.5],"texture":"#2","tintindex":0,"rotation":0},"up":{"uv":[0.0,0.0,3.0,0.0],"texture":"#2","tintindex":0,"rotation":0},"down":{"uv":[0.0,0.0,3.0,0.0],"texture":"#2","tintindex":0,"rotation":0}},"rotation":{"origin":[8.0,9.091344274884161,6.920380024594509],"angle":0.0,"axis":"x"}}]}