{"textures":{"0":"freeminecraftmodels:entity/em_goblin_treasure/em_goblin_treasure_main","1":"freeminecraftmodels:entity/em_goblin_treasure/em_goblin_treasure_extra","2":"freeminecraftmodels:entity/em_goblin_treasure/em_goblin_treasure_treasure"},"display":{"head":{"scale":[4.0,4.0,4.0],"translation":[0,-6.4,0]}},"elements":[{"from":[6.8,7.5999994,7.6],"to":[9.200001,8.4,8.4],"faces":{"north":{"uv":[12.0,7.0,15.0,8.0],"texture":"#0","tintindex":0,"rotation":0},"east":{"uv":[10.0,13.0,11.0,14.0],"texture":"#0","tintindex":0,"rotation":0},"south":{"uv":[12.0,8.0,15.0,9.0],"texture":"#0","tintindex":0,"rotation":0},"west":{"uv":[11.0,13.0,12.0,14.0],"texture":"#0","tintindex":0,"rotation":0},"up":{"uv":[15.0,10.0,12.0,9.0],"texture":"#0","tintindex":0,"rotation":0},"down":{"uv":[15.0,10.0,12.0,11.0],"texture":"#0","tintindex":0,"rotation":0}},"rotation":{"origin":[7.200000381469726,7.999999618530273,8.0],"angle":0.0,"axis":"x"}}]}