{"textures":{"0":"freeminecraftmodels:entity/em_goblin_treasure/em_goblin_treasure_main","1":"freeminecraftmodels:entity/em_goblin_treasure/em_goblin_treasure_extra","2":"freeminecraftmodels:entity/em_goblin_treasure/em_goblin_treasure_treasure"},"display":{"head":{"scale":[4.0,4.0,4.0],"translation":[0,-6.4,0]}},"elements":[{"from":[7.4,7.2,6.6],"to":[8.6,8.4,9.4],"faces":{"north":{"uv":[13.5,1.5,15.0,3.0],"texture":"#2","tintindex":0,"rotation":0},"east":{"uv":[10.0,0.0,13.5,1.5],"texture":"#2","tintindex":0,"rotation":0},"south":{"uv":[12.0,3.0,13.5,4.5],"texture":"#2","tintindex":0,"rotation":0},"west":{"uv":[10.0,1.5,13.5,3.0],"texture":"#2","tintindex":0,"rotation":0},"up":{"uv":[11.0,6.5,12.5,10.0],"texture":"#2","tintindex":0,"rotation":0},"down":{"uv":[9.0,3.0,10.5,6.5],"texture":"#2","tintindex":0,"rotation":0}},"rotation":{"origin":[7.800000095367432,7.599999713897706,8.599999713897706],"angle":0.0,"axis":"x"}},{"from":[7.4,8.4,6.6],"to":[8.6,8.799999,9.4],"rotation":{"origin":[7.400000095367432,8.399999713897706,7.799999713897705],"angle":45.0,"axis":"z"},"faces":{"north":{"uv":[13.5,4.5,15.0,5.0],"texture":"#2","tintindex":0,"rotation":0},"east":{"uv":[12.0,5.5,15.5,6.0],"texture":"#2","tintindex":0,"rotation":0},"south":{"uv":[13.5,5.0,15.0,5.5],"texture":"#2","tintindex":0,"rotation":0},"west":{"uv":[12.0,6.0,15.5,6.5],"texture":"#2","tintindex":0,"rotation":0},"up":{"uv":[10.5,3.0,12.0,6.5],"texture":"#2","tintindex":0,"rotation":0},"down":{"uv":[12.5,6.5,14.0,10.0],"texture":"#2","tintindex":0,"rotation":0}}}]}