{"textures":{"0":"freeminecraftmodels:entity/08_em_big_ol_bubba/ravager_skin"},"display":{"head":{"scale":[4.0,4.0,4.0],"translation":[0,-6.4,0]}},"elements":[{"from":[4.8,-4.8,4.799999],"to":[11.200001,20.8,11.2],"faces":{"north":{"uv":[6.6875,2.25,7.6875,6.25],"texture":"#0","tintindex":0,"rotation":0},"east":{"uv":[0.0,6.75,1.0,10.75],"texture":"#0","tintindex":0,"rotation":0},"south":{"uv":[1.0,6.75,2.0,10.75],"texture":"#0","tintindex":0,"rotation":0},"west":{"uv":[7.6875,0.0,8.6875,4.0],"texture":"#0","tintindex":0,"rotation":0},"up":{"uv":[11.6875,2.75,10.6875,1.75],"texture":"#0","tintindex":0,"rotation":0},"down":{"uv":[11.6875,2.75,10.6875,3.75],"texture":"#0","tintindex":0,"rotation":0}},"rotation":{"origin":[-1.5999999046325684,-4.800000190734863,24.399999618530273],"angle":0.0,"axis":"x"}}]}