{"textures":{"0":"freeminecraftmodels:entity/06_em_corrupted_advisor/texture"},"display":{"head":{"scale":[4.0,4.0,4.0],"translation":[0,-6.4,0]}},"elements":[{"from":[4.8,3.1999998,6.4],"to":[11.2,12.8,9.6],"faces":{"north":{"uv":[0.0,0.0,2.0,3.0],"texture":"#0","tintindex":0,"rotation":0},"east":{"uv":[6.0,8.0,7.0,11.0],"texture":"#0","tintindex":0,"rotation":0},"south":{"uv":[2.0,0.0,4.0,3.0],"texture":"#0","tintindex":0,"rotation":0},"west":{"uv":[8.0,6.0,9.0,9.0],"texture":"#0","tintindex":0,"rotation":0},"up":{"uv":[12.0,5.5,10.0,4.5],"texture":"#0","tintindex":0,"rotation":0},"down":{"uv":[12.0,5.5,10.0,6.5],"texture":"#0","tintindex":0,"rotation":0}},"rotation":{"origin":[8.0,-6.40000057220459,8.0],"angle":0.0,"axis":"x"}}]}