{"textures":{"0":"freeminecraftmodels:entity/06_em_corrupted_advisor/texture"},"display":{"head":{"scale":[4.0,4.0,4.0],"translation":[0,-6.4,0]}},"elements":[{"from":[7.6,9.0,7.600001],"to":[8.4,10.200001,8.400001],"faces":{"north":{"uv":[7.75,11.0,8.0,11.375],"texture":"#0","tintindex":0,"rotation":0},"east":{"uv":[7.75,11.375,8.0,11.75],"texture":"#0","tintindex":0,"rotation":0},"south":{"uv":[3.75,12.5,4.0,12.875],"texture":"#0","tintindex":0,"rotation":0},"west":{"uv":[4.0,12.5,4.25,12.875],"texture":"#0","tintindex":0,"rotation":0},"up":{"uv":[8.0,12.0,7.75,11.75],"texture":"#0","tintindex":0,"rotation":0},"down":{"uv":[12.5,11.75,12.25,12.0],"texture":"#0","tintindex":0,"rotation":0}},"rotation":{"origin":[0.40000009536743164,-0.20000009536743146,8.000000762939454],"angle":0.0,"axis":"x"}},{"from":[7.2000003,8.200001,7.200001],"to":[8.8,9.0,8.800001],"faces":{"north":{"uv":[4.0,2.75,4.5,3.0],"texture":"#0","tintindex":0,"rotation":0},"east":{"uv":[4.5,2.75,5.0,3.0],"texture":"#0","tintindex":0,"rotation":0},"south":{"uv":[5.0,2.75,5.5,3.0],"texture":"#0","tintindex":0,"rotation":0},"west":{"uv":[10.75,11.75,11.25,12.0],"texture":"#0","tintindex":0,"rotation":0},"up":{"uv":[6.0,4.5,5.5,4.0],"texture":"#0","tintindex":0,"rotation":0},"down":{"uv":[8.0,2.0,7.5,2.5],"texture":"#0","tintindex":0,"rotation":0}},"rotation":{"origin":[0.40000009536743164,-0.20000009536743146,8.000000762939454],"angle":0.0,"axis":"x"}},{"from":[6.8,6.2,6.8000007],"to":[9.200001,8.200001,9.200001],"faces":{"north":{"uv":[0.25,12.5,1.0,13.125],"texture":"#0","tintindex":0,"rotation":0},"east":{"uv":[1.0,12.5,1.75,13.125],"texture":"#0","tintindex":0,"rotation":0},"south":{"uv":[1.75,12.5,2.5,13.125],"texture":"#0","tintindex":0,"rotation":0},"west":{"uv":[2.5,12.5,3.25,13.125],"texture":"#0","tintindex":0,"rotation":0},"up":{"uv":[10.0,12.75,9.25,12.0],"texture":"#0","tintindex":0,"rotation":0},"down":{"uv":[13.0,11.0,12.25,11.75],"texture":"#0","tintindex":0,"rotation":0}},"rotation":{"origin":[0.40000009536743164,-0.20000009536743146,8.000000762939454],"angle":0.0,"axis":"x"}},{"from":[7.2000003,5.7999997,7.200001],"to":[8.8,6.2,8.800001],"faces":{"north":{"uv":[12.0,6.375,12.5,6.5],"texture":"#0","tintindex":0,"rotation":0},"east":{"uv":[4.25,12.5,4.75,12.625],"texture":"#0","tintindex":0,"rotation":0},"south":{"uv":[5.0,12.5,5.5,12.625],"texture":"#0","tintindex":0,"rotation":0},"west":{"uv":[5.5,12.5,6.0,12.625],"texture":"#0","tintindex":0,"rotation":0},"up":{"uv":[8.0,3.0,7.5,2.5],"texture":"#0","tintindex":0,"rotation":0},"down":{"uv":[8.0,3.0,7.5,3.5],"texture":"#0","tintindex":0,"rotation":0}},"rotation":{"origin":[0.40000009536743164,-0.20000009536743146,8.000000762939454],"angle":0.0,"axis":"x"}}]}