{"textures":{"0":"freeminecraftmodels:entity/06_em_corrupted_advisor/texture"},"display":{"head":{"scale":[4.0,4.0,4.0],"translation":[0,-6.4,0]}},"elements":[{"from":[6.4,3.1999998,6.4],"to":[9.6,12.8,9.6],"faces":{"north":{"uv":[7.0,8.0,8.0,11.0],"texture":"#0","tintindex":0,"rotation":0},"east":{"uv":[9.0,0.0,10.0,3.0],"texture":"#0","tintindex":0,"rotation":0},"south":{"uv":[9.0,3.0,10.0,6.0],"texture":"#0","tintindex":0,"rotation":0},"west":{"uv":[9.0,6.0,10.0,9.0],"texture":"#0","tintindex":0,"rotation":0},"up":{"uv":[3.0,12.5,2.0,11.5],"texture":"#0","tintindex":0,"rotation":0},"down":{"uv":[4.0,11.5,3.0,12.5],"texture":"#0","tintindex":0,"rotation":0}},"rotation":{"origin":[12.800000190734863,-6.40000057220459,8.0],"angle":0.0,"axis":"x"}}]}