{"textures":{"0":"freeminecraftmodels:entity/04_em_minor_ice_elemental/water_elemental_texture","1":"freeminecraftmodels:entity/04_em_minor_ice_elemental/water_elemental_texture_2"},"display":{"head":{"scale":[4.0,4.0,4.0],"translation":[0,-6.4,0]}},"elements":[{"from":[7.1,7.2,7.0],"to":[8.9,8.8,9.0],"rotation":{"origin":[8.0,0.0,6.599999904632568],"angle":-22.5,"axis":"x"},"faces":{"north":{"uv":[8.5,5.375,9.0625,5.875],"texture":"#0","tintindex":0,"rotation":0},"east":{"uv":[8.5,0.0,9.125,0.5],"texture":"#0","tintindex":0,"rotation":0},"south":{"uv":[8.5,7.5,9.0625,8.0],"texture":"#0","tintindex":0,"rotation":0},"west":{"uv":[8.5,0.5,9.125,1.0],"texture":"#0","tintindex":0,"rotation":0},"up":{"uv":[1.3125,8.5,0.75,7.875],"texture":"#0","tintindex":0,"rotation":0},"down":{"uv":[1.9375,7.875,1.375,8.5],"texture":"#0","tintindex":0,"rotation":0}}}]}