{"textures":{"0":"freeminecraftmodels:entity/04_em_minor_ice_elemental/water_elemental_texture","1":"freeminecraftmodels:entity/04_em_minor_ice_elemental/water_elemental_texture_2"},"display":{"head":{"scale":[4.0,4.0,4.0],"translation":[0,-6.4,0]}},"elements":[{"from":[7.500001,6.2,7.2],"to":[9.1,11.8,8.8],"faces":{"north":{"uv":[4.25,4.125,4.75,5.875],"texture":"#0","tintindex":0,"rotation":0},"east":{"uv":[1.0,4.5,1.5,6.25],"texture":"#0","tintindex":0,"rotation":0},"south":{"uv":[1.5,4.5,2.0,6.25],"texture":"#0","tintindex":0,"rotation":0},"west":{"uv":[4.625,0.0,5.125,1.75],"texture":"#0","tintindex":0,"rotation":0},"up":{"uv":[3.0,9.25,2.5,8.75],"texture":"#0","tintindex":0,"rotation":0},"down":{"uv":[9.25,6.875,8.75,7.375],"texture":"#0","tintindex":0,"rotation":0}},"rotation":{"origin":[12.200000762939453,5.0,8.0],"angle":0.0,"axis":"x"}},{"from":[10.6,11.0,7.2],"to":[12.6,13.0,8.8],"rotation":{"origin":[12.200000762939453,5.0,8.0],"angle":22.5,"axis":"z"},"faces":{"north":{"uv":[5.875,7.375,6.5,8.0],"texture":"#0","tintindex":0,"rotation":0},"east":{"uv":[8.25,1.0,8.75,1.625],"texture":"#0","tintindex":0,"rotation":0},"south":{"uv":[6.5,7.375,7.125,8.0],"texture":"#0","tintindex":0,"rotation":0},"west":{"uv":[3.125,8.25,3.625,8.875],"texture":"#0","tintindex":0,"rotation":0},"up":{"uv":[8.875,6.875,8.25,6.375],"texture":"#0","tintindex":0,"rotation":0},"down":{"uv":[8.875,8.125,8.25,8.625],"texture":"#0","tintindex":0,"rotation":0}}},{"from":[7.120001,7.9,7.02],"to":[9.4800005,9.5,8.98],"faces":{"north":{"uv":[7.75,3.125,8.5,3.625],"texture":"#0","tintindex":0,"rotation":0},"east":{"uv":[8.375,2.125,9.0,2.625],"texture":"#0","tintindex":0,"rotation":0},"south":{"uv":[3.375,7.75,4.125,8.25],"texture":"#0","tintindex":0,"rotation":0},"west":{"uv":[8.375,5.875,9.0,6.375],"texture":"#0","tintindex":0,"rotation":0},"up":{"uv":[0.75,7.875,0.0,7.25],"texture":"#0","tintindex":0,"rotation":0},"down":{"uv":[8.0,2.0,7.25,2.625],"texture":"#0","tintindex":0,"rotation":0}},"rotation":{"origin":[12.200000762939453,5.0,8.0],"angle":0.0,"axis":"x"}},{"from":[5.200001,5.8,6.8],"to":[8.700001,6.6,9.2],"rotation":{"origin":[12.200000762939453,5.0,8.0],"angle":-22.5,"axis":"z"},"faces":{"north":{"uv":[8.5,4.75,9.625,5.0],"texture":"#0","tintindex":0,"rotation":0},"east":{"uv":[9.0,2.375,9.75,2.625],"texture":"#0","tintindex":0,"rotation":0},"south":{"uv":[7.125,8.625,8.25,8.875],"texture":"#0","tintindex":0,"rotation":0},"west":{"uv":[9.0,5.0,9.75,5.25],"texture":"#0","tintindex":0,"rotation":0},"up":{"uv":[5.25,2.5,4.125,1.75],"texture":"#0","tintindex":0,"rotation":0},"down":{"uv":[5.875,3.25,4.75,4.0],"texture":"#0","tintindex":0,"rotation":0}}},{"from":[6.000001,4.2,6.8],"to":[8.700001,5.8,9.2],"rotation":{"origin":[12.200000762939453,5.0,8.0],"angle":-22.5,"axis":"z"},"faces":{"north":{"uv":[0.75,7.375,1.625,7.875],"texture":"#0","tintindex":0,"rotation":0},"east":{"uv":[7.75,3.625,8.5,4.125],"texture":"#0","tintindex":0,"rotation":0},"south":{"uv":[7.375,1.25,8.25,1.75],"texture":"#0","tintindex":0,"rotation":0},"west":{"uv":[7.75,4.125,8.5,4.625],"texture":"#0","tintindex":0,"rotation":0},"up":{"uv":[6.5,6.25,5.625,5.5],"texture":"#0","tintindex":0,"rotation":0},"down":{"uv":[0.875,5.75,0.0,6.5],"texture":"#0","tintindex":0,"rotation":0}}},{"from":[6.100001,6.6,6.4],"to":[9.800001,7.4,9.6],"faces":{"north":{"uv":[8.5,3.25,9.6875,3.5],"texture":"#0","tintindex":0,"rotation":0},"east":{"uv":[8.875,6.375,9.875,6.625],"texture":"#0","tintindex":0,"rotation":0},"south":{"uv":[8.5,3.5,9.6875,3.75],"texture":"#0","tintindex":0,"rotation":0},"west":{"uv":[6.5,8.875,7.5,9.125],"texture":"#0","tintindex":0,"rotation":0},"up":{"uv":[2.4375,3.5,1.25,2.5],"texture":"#0","tintindex":0,"rotation":0},"down":{"uv":[3.6875,2.5,2.5,3.5],"texture":"#0","tintindex":0,"rotation":0}},"rotation":{"origin":[12.200000762939453,5.0,8.0],"angle":0.0,"axis":"x"}},{"from":[6.500001,5.0,6.4],"to":[9.800001,6.6,9.6],"faces":{"north":{"uv":[6.5,5.375,7.5625,5.875],"texture":"#0","tintindex":0,"rotation":0},"east":{"uv":[6.75,3.875,7.75,4.375],"texture":"#0","tintindex":0,"rotation":0},"south":{"uv":[0.0,6.75,1.0625,7.25],"texture":"#0","tintindex":0,"rotation":0},"west":{"uv":[6.75,4.375,7.75,4.875],"texture":"#0","tintindex":0,"rotation":0},"up":{"uv":[4.5625,1.0,3.5,0.0],"texture":"#0","tintindex":0,"rotation":0},"down":{"uv":[2.1875,3.5,1.125,4.5],"texture":"#0","tintindex":0,"rotation":0}},"rotation":{"origin":[12.200000762939453,5.0,8.0],"angle":0.0,"axis":"x"}},{"from":[7.4200006,3.0,6.6],"to":[8.660001,3.8,9.4],"rotation":{"origin":[12.200000762939453,5.0,8.0],"angle":-22.5,"axis":"z"},"faces":{"north":{"uv":[7.75,1.0,8.125,1.25],"texture":"#0","tintindex":0,"rotation":0},"east":{"uv":[8.875,8.25,9.75,8.5],"texture":"#0","tintindex":0,"rotation":0},"south":{"uv":[9.125,0.625,9.5,0.875],"texture":"#0","tintindex":0,"rotation":0},"west":{"uv":[9.0,1.625,9.875,1.875],"texture":"#0","tintindex":0,"rotation":0},"up":{"uv":[6.0,8.875,5.625,8.0],"texture":"#0","tintindex":0,"rotation":0},"down":{"uv":[6.375,8.0,6.0,8.875],"texture":"#0","tintindex":0,"rotation":0}}},{"from":[8.300001,6.1,6.6],"to":[9.500001,6.9,9.4],"rotation":{"origin":[12.200000762939453,5.0,8.0],"angle":22.5,"axis":"z"},"faces":{"north":{"uv":[3.75,9.125,4.125,9.375],"texture":"#0","tintindex":0,"rotation":0},"east":{"uv":[9.0,1.875,9.875,2.125],"texture":"#0","tintindex":0,"rotation":0},"south":{"uv":[4.125,9.125,4.5,9.375],"texture":"#0","tintindex":0,"rotation":0},"west":{"uv":[9.0,2.125,9.875,2.375],"texture":"#0","tintindex":0,"rotation":0},"up":{"uv":[6.75,8.875,6.375,8.0],"texture":"#0","tintindex":0,"rotation":0},"down":{"uv":[7.125,8.0,6.75,8.875],"texture":"#0","tintindex":0,"rotation":0}}},{"from":[3.4000006,5.8,7.16],"to":[7.000001,6.6,8.84],"rotation":{"origin":[12.200000762939453,5.0,8.0],"angle":-45.0,"axis":"z"},"faces":{"north":{"uv":[8.5,4.25,9.625,4.5],"texture":"#0","tintindex":0,"rotation":0},"east":{"uv":[7.25,2.625,7.75,2.875],"texture":"#0","tintindex":0,"rotation":0},"south":{"uv":[8.5,4.5,9.625,4.75],"texture":"#0","tintindex":0,"rotation":0},"west":{"uv":[7.375,1.75,7.875,2.0],"texture":"#0","tintindex":0,"rotation":0},"up":{"uv":[2.0,6.75,0.875,6.25],"texture":"#0","tintindex":0,"rotation":0},"down":{"uv":[7.375,1.5,6.25,2.0],"texture":"#0","tintindex":0,"rotation":0}}}]}