{"textures":{"0":"freeminecraftmodels:entity/04_em_minor_ice_elemental/water_elemental_texture","1":"freeminecraftmodels:entity/04_em_minor_ice_elemental/water_elemental_texture_2"},"display":{"head":{"scale":[4.0,4.0,4.0],"translation":[0,-6.4,0]}},"elements":[{"from":[6.5200005,6.1,6.6],"to":[7.76,6.9,9.4],"rotation":{"origin":[3.8000001907348633,5.0,8.0],"angle":-22.5,"axis":"z"},"faces":{"north":{"uv":[7.0,1.25,7.375,1.5],"texture":"#0","tintindex":0,"rotation":0},"east":{"uv":[8.875,8.0,9.75,8.25],"texture":"#0","tintindex":0,"rotation":0},"south":{"uv":[3.375,7.375,3.75,7.625],"texture":"#0","tintindex":0,"rotation":0},"west":{"uv":[8.25,8.875,9.125,9.125],"texture":"#0","tintindex":0,"rotation":0},"up":{"uv":[5.25,8.875,4.875,8.0],"texture":"#0","tintindex":0,"rotation":0},"down":{"uv":[5.625,8.0,5.25,8.875],"texture":"#0","tintindex":0,"rotation":0}}},{"from":[7.4,3.0,6.6],"to":[8.6,3.8,9.4],"rotation":{"origin":[3.8000001907348633,5.0,8.0],"angle":22.5,"axis":"z"},"faces":{"north":{"uv":[6.5,5.875,6.875,6.125],"texture":"#0","tintindex":0,"rotation":0},"east":{"uv":[0.0,6.5,0.875,6.75],"texture":"#0","tintindex":0,"rotation":0},"south":{"uv":[6.875,6.5,7.25,6.75],"texture":"#0","tintindex":0,"rotation":0},"west":{"uv":[8.875,6.625,9.75,6.875],"texture":"#0","tintindex":0,"rotation":0},"up":{"uv":[8.375,2.625,8.0,1.75],"texture":"#0","tintindex":0,"rotation":0},"down":{"uv":[4.875,8.0,4.5,8.875],"texture":"#0","tintindex":0,"rotation":0}}},{"from":[6.2000003,5.0,6.4],"to":[9.5,6.6,9.6],"faces":{"north":{"uv":[4.625,6.25,5.6875,6.75],"texture":"#0","tintindex":0,"rotation":0},"east":{"uv":[6.75,2.875,7.75,3.375],"texture":"#0","tintindex":0,"rotation":0},"south":{"uv":[5.75,6.25,6.8125,6.75],"texture":"#0","tintindex":0,"rotation":0},"west":{"uv":[6.75,3.375,7.75,3.875],"texture":"#0","tintindex":0,"rotation":0},"up":{"uv":[1.0625,4.0,0.0,3.0],"texture":"#0","tintindex":0,"rotation":0},"down":{"uv":[4.0625,1.5,3.0,2.5],"texture":"#0","tintindex":0,"rotation":0}},"rotation":{"origin":[3.8000001907348633,5.0,8.0],"angle":0.0,"axis":"x"}},{"from":[6.2000003,6.6,6.4],"to":[9.9,7.4,9.6],"faces":{"north":{"uv":[7.75,5.125,8.9375,5.375],"texture":"#0","tintindex":0,"rotation":0},"east":{"uv":[4.5,8.875,5.5,9.125],"texture":"#0","tintindex":0,"rotation":0},"south":{"uv":[8.5,3.0,9.6875,3.25],"texture":"#0","tintindex":0,"rotation":0},"west":{"uv":[5.5,8.875,6.5,9.125],"texture":"#0","tintindex":0,"rotation":0},"up":{"uv":[2.9375,2.5,1.75,1.5],"texture":"#0","tintindex":0,"rotation":0},"down":{"uv":[1.1875,2.0,0.0,3.0],"texture":"#0","tintindex":0,"rotation":0}},"rotation":{"origin":[3.8000001907348633,5.0,8.0],"angle":0.0,"axis":"x"}},{"from":[7.3,4.2,6.8],"to":[10.0,5.8,9.2],"rotation":{"origin":[3.8000001907348633,5.0,8.0],"angle":22.5,"axis":"z"},"faces":{"north":{"uv":[3.75,7.25,4.625,7.75],"texture":"#0","tintindex":0,"rotation":0},"east":{"uv":[7.625,5.875,8.375,6.375],"texture":"#0","tintindex":0,"rotation":0},"south":{"uv":[7.25,7.0,8.125,7.5],"texture":"#0","tintindex":0,"rotation":0},"west":{"uv":[7.75,0.0,8.5,0.5],"texture":"#0","tintindex":0,"rotation":0},"up":{"uv":[6.125,3.125,5.25,2.375],"texture":"#0","tintindex":0,"rotation":0},"down":{"uv":[5.625,5.5,4.75,6.25],"texture":"#0","tintindex":0,"rotation":0}}},{"from":[7.3,5.8,6.8],"to":[10.8,6.6,9.2],"rotation":{"origin":[3.8000001907348633,5.0,8.0],"angle":22.5,"axis":"z"},"faces":{"north":{"uv":[8.25,8.625,9.375,8.875],"texture":"#0","tintindex":0,"rotation":0},"east":{"uv":[9.0,5.875,9.75,6.125],"texture":"#0","tintindex":0,"rotation":0},"south":{"uv":[8.75,1.0,9.875,1.25],"texture":"#0","tintindex":0,"rotation":0},"west":{"uv":[9.0,6.125,9.75,6.375],"texture":"#0","tintindex":0,"rotation":0},"up":{"uv":[5.875,4.75,4.75,4.0],"texture":"#0","tintindex":0,"rotation":0},"down":{"uv":[5.875,4.75,4.75,5.5],"texture":"#0","tintindex":0,"rotation":0}}},{"from":[6.5200005,7.9,7.02],"to":[8.88,9.5,8.98],"faces":{"north":{"uv":[7.75,0.5,8.5,1.0],"texture":"#0","tintindex":0,"rotation":0},"east":{"uv":[0.0,8.375,0.625,8.875],"texture":"#0","tintindex":0,"rotation":0},"south":{"uv":[7.75,2.625,8.5,3.125],"texture":"#0","tintindex":0,"rotation":0},"west":{"uv":[8.375,1.625,9.0,2.125],"texture":"#0","tintindex":0,"rotation":0},"up":{"uv":[7.625,6.5,6.875,5.875],"texture":"#0","tintindex":0,"rotation":0},"down":{"uv":[7.75,0.625,7.0,1.25],"texture":"#0","tintindex":0,"rotation":0}},"rotation":{"origin":[3.8000001907348633,5.0,8.0],"angle":0.0,"axis":"x"}},{"from":[6.9,6.2,7.2],"to":[8.5,11.8,8.8],"faces":{"north":{"uv":[3.75,4.125,4.25,5.875],"texture":"#0","tintindex":0,"rotation":0},"east":{"uv":[2.25,4.25,2.75,6.0],"texture":"#0","tintindex":0,"rotation":0},"south":{"uv":[2.75,4.25,3.25,6.0],"texture":"#0","tintindex":0,"rotation":0},"west":{"uv":[3.25,4.25,3.75,6.0],"texture":"#0","tintindex":0,"rotation":0},"up":{"uv":[1.75,2.5,1.25,2.0],"texture":"#0","tintindex":0,"rotation":0},"down":{"uv":[4.5,8.625,4.0,9.125],"texture":"#0","tintindex":0,"rotation":0}},"rotation":{"origin":[3.8000001907348633,5.0,8.0],"angle":0.0,"axis":"x"}},{"from":[9.0,5.8,7.16],"to":[12.6,6.6,8.84],"rotation":{"origin":[3.8000001907348633,5.0,8.0],"angle":45.0,"axis":"z"},"faces":{"north":{"uv":[8.5,3.75,9.625,4.0],"texture":"#0","tintindex":0,"rotation":0},"east":{"uv":[4.125,1.5,4.625,1.75],"texture":"#0","tintindex":0,"rotation":0},"south":{"uv":[8.5,4.0,9.625,4.25],"texture":"#0","tintindex":0,"rotation":0},"west":{"uv":[6.125,2.875,6.625,3.125],"texture":"#0","tintindex":0,"rotation":0},"up":{"uv":[4.625,1.5,3.5,1.0],"texture":"#0","tintindex":0,"rotation":0},"down":{"uv":[7.25,2.375,6.125,2.875],"texture":"#0","tintindex":0,"rotation":0}}},{"from":[3.4,11.0,7.2],"to":[5.4,13.0,8.8],"rotation":{"origin":[3.8000001907348633,5.0,8.0],"angle":-22.5,"axis":"z"},"faces":{"north":{"uv":[4.625,7.375,5.25,8.0],"texture":"#0","tintindex":0,"rotation":0},"east":{"uv":[7.125,8.0,7.625,8.625],"texture":"#0","tintindex":0,"rotation":0},"south":{"uv":[5.25,7.375,5.875,8.0],"texture":"#0","tintindex":0,"rotation":0},"west":{"uv":[8.0,7.5,8.5,8.125],"texture":"#0","tintindex":0,"rotation":0},"up":{"uv":[8.75,7.5,8.125,7.0],"texture":"#0","tintindex":0,"rotation":0},"down":{"uv":[8.25,8.125,7.625,8.625],"texture":"#0","tintindex":0,"rotation":0}}}]}