{"textures":{"0":"freeminecraftmodels:entity/em_goblin_weapon/em_goblin_weapon_main","1":"freeminecraftmodels:entity/em_goblin_weapon/em_goblin_weapon_extra","2":"freeminecraftmodels:entity/em_goblin_weapon/em_goblin_weapon_weapon"},"display":{"head":{"scale":[4.0,4.0,4.0],"translation":[0,-6.4,0]}},"elements":[{"from":[6.6000004,7.0,7.3999996],"to":[9.0,9.799999,9.0],"faces":{"north":{"uv":[7.0,6.0,10.0,9.5],"texture":"#0","tintindex":0,"rotation":0},"east":{"uv":[3.0,9.5,5.0,13.0],"texture":"#0","tintindex":0,"rotation":0},"south":{"uv":[8.0,0.0,11.0,3.5],"texture":"#0","tintindex":0,"rotation":0},"west":{"uv":[5.0,9.5,7.0,13.0],"texture":"#0","tintindex":0,"rotation":0},"up":{"uv":[11.0,5.5,8.0,3.5],"texture":"#0","tintindex":0,"rotation":0},"down":{"uv":[10.0,9.5,7.0,11.5],"texture":"#0","tintindex":0,"rotation":0}},"rotation":{"origin":[7.0000001907348635,6.999999713897705,8.199999809265137],"angle":0.0,"axis":"x"}},{"from":[7.0,7.3999996,7.0],"to":[8.6,9.0,7.3999996],"faces":{"north":{"uv":[11.0,0.0,13.0,2.0],"texture":"#0","tintindex":0,"rotation":0},"east":{"uv":[4.0,13.0,4.5,15.0],"texture":"#0","tintindex":0,"rotation":0},"south":{"uv":[11.0,2.0,13.0,4.0],"texture":"#0","tintindex":0,"rotation":0},"west":{"uv":[4.5,13.0,5.0,15.0],"texture":"#0","tintindex":0,"rotation":0},"up":{"uv":[10.0,6.0,8.0,5.5],"texture":"#0","tintindex":0,"rotation":0},"down":{"uv":[15.0,3.0,13.0,3.5],"texture":"#0","tintindex":0,"rotation":0}},"rotation":{"origin":[7.0000001907348635,5.799999713897705,8.199999809265137],"angle":0.0,"axis":"x"}},{"from":[7.0,6.2,7.3999996],"to":[8.6,7.0,7.3999996],"faces":{"north":{"uv":[5.0,14.0,7.0,15.0],"texture":"#0","tintindex":0,"rotation":0},"east":{"uv":[0.0,15.0,0.0,16.0],"texture":"#0","tintindex":0,"rotation":0},"south":{"uv":[7.0,14.0,9.0,15.0],"texture":"#0","tintindex":0,"rotation":0},"west":{"uv":[0.0,15.0,0.0,16.0],"texture":"#0","tintindex":0,"rotation":0},"up":{"uv":[0.0,16.0,2.0,16.0],"texture":"#0","tintindex":0,"rotation":0},"down":{"uv":[0.0,16.0,2.0,16.0],"texture":"#0","tintindex":0,"rotation":0}},"rotation":{"origin":[7.800000190734863,6.999999713897705,7.399999809265137],"angle":0.0,"axis":"x"}},{"from":[7.0,6.2,9.0],"to":[8.6,7.0,9.0],"faces":{"north":{"uv":[7.0,14.0,5.0,15.0],"texture":"#0","tintindex":0,"rotation":0},"east":{"uv":[0.0,15.0,0.0,16.0],"texture":"#0","tintindex":0,"rotation":0},"south":{"uv":[9.0,14.0,7.0,15.0],"texture":"#0","tintindex":0,"rotation":0},"west":{"uv":[0.0,15.0,0.0,16.0],"texture":"#0","tintindex":0,"rotation":0},"up":{"uv":[2.0,16.0,0.0,16.0],"texture":"#0","tintindex":0,"rotation":0},"down":{"uv":[2.0,16.0,0.0,16.0],"texture":"#0","tintindex":0,"rotation":0}},"rotation":{"origin":[7.800000190734863,6.999999713897705,8.999999809265137],"angle":0.0,"axis":"x"}},{"from":[9.0,6.6,7.7999997],"to":[9.400001,7.3999996,8.599999],"faces":{"north":{"uv":[14.0,11.0,14.5,12.0],"texture":"#0","tintindex":0,"rotation":0},"east":{"uv":[14.0,13.0,15.0,14.0],"texture":"#0","tintindex":0,"rotation":0},"south":{"uv":[14.0,4.0,14.5,5.0],"texture":"#0","tintindex":0,"rotation":0},"west":{"uv":[14.0,12.0,15.0,13.0],"texture":"#0","tintindex":0,"rotation":0},"up":{"uv":[14.5,4.0,15.0,5.0],"texture":"#0","tintindex":0,"rotation":0},"down":{"uv":[14.5,11.0,15.0,12.0],"texture":"#0","tintindex":0,"rotation":0}},"rotation":{"origin":[9.000000190734863,6.599999713897705,8.199999809265137],"angle":0.0,"axis":"x"}}]}