{"textures":{"0":"freeminecraftmodels:entity/em_goblin_weapon/em_goblin_weapon_main","1":"freeminecraftmodels:entity/em_goblin_weapon/em_goblin_weapon_extra","2":"freeminecraftmodels:entity/em_goblin_weapon/em_goblin_weapon_weapon"},"display":{"head":{"scale":[4.0,4.0,4.0],"translation":[0,-6.4,0]}},"elements":[{"from":[7.8,9.200001,7.4],"to":[8.6,10.4,8.6],"faces":{"north":{"uv":[1.0,14.0,2.0,15.5],"texture":"#2","tintindex":0,"rotation":0},"east":{"uv":[1.0,12.5,2.5,14.0],"texture":"#2","tintindex":0,"rotation":0},"south":{"uv":[2.0,14.0,3.0,15.5],"texture":"#2","tintindex":0,"rotation":0},"west":{"uv":[1.0,11.0,2.5,12.5],"texture":"#2","tintindex":0,"rotation":0},"up":{"uv":[2.5,12.5,3.5,14.0],"texture":"#2","tintindex":0,"rotation":0},"down":{"uv":[2.5,11.0,3.5,12.5],"texture":"#2","tintindex":0,"rotation":0}},"rotation":{"origin":[7.800000190734863,10.800000190734863,7.8],"angle":0.0,"axis":"x"}},{"from":[7.4,10.0,7.8],"to":[8.6,11.200001,7.8],"rotation":{"origin":[8.600000190734864,10.800000190734863,7.8],"angle":-22.5,"axis":"y"},"faces":{"north":{"uv":[0.5,9.5,2.0,11.0],"texture":"#2","tintindex":0,"rotation":0},"east":{"uv":[0.0,0.0,0.0,1.5],"texture":"#2","tintindex":0,"rotation":0},"south":{"uv":[2.0,9.5,0.5,11.0],"texture":"#2","tintindex":0,"rotation":0},"west":{"uv":[0.0,0.0,0.0,1.5],"texture":"#2","tintindex":0,"rotation":0},"up":{"uv":[0.0,0.0,1.5,0.0],"texture":"#2","tintindex":0,"rotation":0},"down":{"uv":[0.0,0.0,1.5,0.0],"texture":"#2","tintindex":0,"rotation":0}}},{"from":[7.4,10.0,8.2],"to":[8.6,11.200001,8.2],"rotation":{"origin":[8.600000190734864,10.800000190734863,8.2],"angle":22.5,"axis":"y"},"faces":{"north":{"uv":[8.5,9.5,7.0,11.0],"texture":"#2","tintindex":0,"rotation":0},"east":{"uv":[0.0,0.0,0.0,1.5],"texture":"#2","tintindex":0,"rotation":0},"south":{"uv":[7.0,9.5,8.5,11.0],"texture":"#2","tintindex":0,"rotation":0},"west":{"uv":[0.0,0.0,0.0,1.5],"texture":"#2","tintindex":0,"rotation":0},"up":{"uv":[0.0,0.0,1.5,0.0],"texture":"#2","tintindex":0,"rotation":0},"down":{"uv":[0.0,0.0,1.5,0.0],"texture":"#2","tintindex":0,"rotation":0}}},{"from":[7.8,5.2000003,7.8],"to":[8.200001,9.200001,8.2],"faces":{"north":{"uv":[0.0,6.0,0.5,11.0],"texture":"#2","tintindex":0,"rotation":0},"east":{"uv":[0.0,11.0,0.5,16.0],"texture":"#2","tintindex":0,"rotation":0},"south":{"uv":[0.0,0.0,0.5,5.0],"texture":"#2","tintindex":0,"rotation":0},"west":{"uv":[0.5,11.0,1.0,16.0],"texture":"#2","tintindex":0,"rotation":0},"up":{"uv":[1.5,0.0,2.0,0.5],"texture":"#2","tintindex":0,"rotation":0},"down":{"uv":[2.0,0.0,2.5,0.5],"texture":"#2","tintindex":0,"rotation":0}},"rotation":{"origin":[7.800000190734863,8.400000190734863,7.8],"angle":0.0,"axis":"x"}},{"from":[7.4,4.8,8.1],"to":[8.200001,5.6000004,8.1],"faces":{"north":{"uv":[1.0,6.0,2.0,7.0],"texture":"#2","tintindex":0,"rotation":0},"east":{"uv":[0.0,0.0,0.0,1.0],"texture":"#2","tintindex":0,"rotation":0},"south":{"uv":[2.0,6.0,1.0,7.0],"texture":"#2","tintindex":0,"rotation":0},"west":{"uv":[0.0,0.0,0.0,1.0],"texture":"#2","tintindex":0,"rotation":0},"up":{"uv":[0.0,0.0,1.0,0.0],"texture":"#2","tintindex":0,"rotation":0},"down":{"uv":[0.0,0.0,1.0,0.0],"texture":"#2","tintindex":0,"rotation":0}},"rotation":{"origin":[7.800000190734863,8.000000190734863,7.7],"angle":0.0,"axis":"x"}}]}