{"textures":{"0":"freeminecraftmodels:entity/07_em_corrupted_advisor_2/texture"},"display":{"head":{"scale":[4.0,4.0,4.0],"translation":[0,-6.4,0]}},"elements":[{"from":[7.8,9.0,7.8000007],"to":[8.2,9.8,8.200001],"faces":{"north":{"uv":[7.75,11.0,8.0,11.375],"texture":"#0","tintindex":0,"rotation":0},"east":{"uv":[7.75,11.375,8.0,11.75],"texture":"#0","tintindex":0,"rotation":0},"south":{"uv":[3.75,12.5,4.0,12.875],"texture":"#0","tintindex":0,"rotation":0},"west":{"uv":[4.0,12.5,4.25,12.875],"texture":"#0","tintindex":0,"rotation":0},"up":{"uv":[8.0,12.0,7.75,11.75],"texture":"#0","tintindex":0,"rotation":0},"down":{"uv":[12.5,11.75,12.25,12.0],"texture":"#0","tintindex":0,"rotation":0}},"rotation":{"origin":[0.1999999999999993,0.5999998092651371,8.200000762939453],"angle":0.0,"axis":"x"}},{"from":[7.4,8.599999,7.8000007],"to":[8.6,9.0,8.200001],"faces":{"north":{"uv":[4.0,2.75,4.5,3.0],"texture":"#0","tintindex":0,"rotation":0},"east":{"uv":[4.5,2.75,5.0,3.0],"texture":"#0","tintindex":0,"rotation":0},"south":{"uv":[5.0,2.75,5.5,3.0],"texture":"#0","tintindex":0,"rotation":0},"west":{"uv":[10.75,11.75,11.25,12.0],"texture":"#0","tintindex":0,"rotation":0},"up":{"uv":[6.0,4.5,5.5,4.0],"texture":"#0","tintindex":0,"rotation":0},"down":{"uv":[8.0,2.0,7.5,2.5],"texture":"#0","tintindex":0,"rotation":0}},"rotation":{"origin":[0.1999999999999993,0.5999998092651371,8.200000762939453],"angle":0.0,"axis":"x"}},{"from":[7.0,6.5999994,7.8000007],"to":[9.0,8.599999,8.200001],"faces":{"north":{"uv":[0.25,12.5,1.0,13.125],"texture":"#0","tintindex":0,"rotation":0},"east":{"uv":[1.0,12.5,1.75,13.125],"texture":"#0","tintindex":0,"rotation":0},"south":{"uv":[1.75,12.5,2.5,13.125],"texture":"#0","tintindex":0,"rotation":0},"west":{"uv":[2.5,12.5,3.25,13.125],"texture":"#0","tintindex":0,"rotation":0},"up":{"uv":[10.0,12.75,9.25,12.0],"texture":"#0","tintindex":0,"rotation":0},"down":{"uv":[13.0,11.0,12.25,11.75],"texture":"#0","tintindex":0,"rotation":0}},"rotation":{"origin":[0.1999999999999993,0.5999998092651371,8.200000762939453],"angle":0.0,"axis":"x"}},{"from":[7.4,6.2,7.8000007],"to":[8.6,6.5999994,8.200001],"faces":{"north":{"uv":[12.0,6.375,12.5,6.5],"texture":"#0","tintindex":0,"rotation":0},"east":{"uv":[4.25,12.5,4.75,12.625],"texture":"#0","tintindex":0,"rotation":0},"south":{"uv":[5.0,12.5,5.5,12.625],"texture":"#0","tintindex":0,"rotation":0},"west":{"uv":[5.5,12.5,6.0,12.625],"texture":"#0","tintindex":0,"rotation":0},"up":{"uv":[8.0,3.0,7.5,2.5],"texture":"#0","tintindex":0,"rotation":0},"down":{"uv":[8.0,3.0,7.5,3.5],"texture":"#0","tintindex":0,"rotation":0}},"rotation":{"origin":[0.1999999999999993,0.5999998092651371,8.200000762939453],"angle":0.0,"axis":"x"}}]}