{"textures":{"0":"freeminecraftmodels:entity/07_em_corrupted_advisor_2/texture"},"display":{"head":{"scale":[4.0,4.0,4.0],"translation":[0,-6.4,0]}},"elements":[{"from":[6.4,3.1999998,6.4],"to":[9.6,12.8,9.6],"faces":{"north":{"uv":[8.0,9.0,9.0,12.0],"texture":"#0","tintindex":0,"rotation":0},"east":{"uv":[9.0,9.0,10.0,12.0],"texture":"#0","tintindex":0,"rotation":0},"south":{"uv":[5.0,9.5,6.0,12.5],"texture":"#0","tintindex":0,"rotation":0},"west":{"uv":[10.0,0.0,11.0,3.0],"texture":"#0","tintindex":0,"rotation":0},"up":{"uv":[12.75,7.5,11.75,6.5],"texture":"#0","tintindex":0,"rotation":0},"down":{"uv":[12.75,7.5,11.75,8.5],"texture":"#0","tintindex":0,"rotation":0}},"rotation":{"origin":[3.200000047683716,-6.40000057220459,8.0],"angle":0.0,"axis":"x"}}]}