{"textures":{"0":"freeminecraftmodels:entity/em_goblin_coins/em_goblin_coins_main","1":"freeminecraftmodels:entity/em_goblin_coins/em_goblin_coins_extra","2":"freeminecraftmodels:entity/em_goblin_coins/em_goblin_coins_weapon"},"display":{"head":{"scale":[4.0,4.0,4.0],"translation":[0,-6.4,0]}},"elements":[{"from":[8.0,6.4,6.6],"to":[8.0,9.6,9.4],"rotation":{"origin":[8.00040054321289,8.399999904632569,8.6],"angle":45.0,"axis":"y"},"faces":{"north":{"uv":[0.0,0.0,0.0,5.5],"texture":"#2","tintindex":0,"rotation":0},"east":{"uv":[14.0,5.5,8.5,11.5],"texture":"#2","tintindex":0,"rotation":0},"south":{"uv":[0.0,0.0,0.0,5.5],"texture":"#2","tintindex":0,"rotation":0},"west":{"uv":[8.5,5.5,14.0,11.5],"texture":"#2","tintindex":0,"rotation":0},"up":{"uv":[0.0,4.5,0.0,0.0],"texture":"#2","tintindex":0,"rotation":0},"down":{"uv":[0.0,0.0,0.0,4.5],"texture":"#2","tintindex":0,"rotation":0}}}]}