{"textures":{"0":"freeminecraftmodels:entity/em_goblin_coins/em_goblin_coins_main","1":"freeminecraftmodels:entity/em_goblin_coins/em_goblin_coins_extra","2":"freeminecraftmodels:entity/em_goblin_coins/em_goblin_coins_weapon"},"display":{"head":{"scale":[4.0,4.0,4.0],"translation":[0,-6.4,0]}},"elements":[{"from":[6.3996,5.9,7.2],"to":[9.6004,8.3,9.599999],"faces":{"north":{"uv":[0.0,0.5,4.0,3.5],"texture":"#0","tintindex":0,"rotation":0},"east":{"uv":[4.0,6.5,7.0,9.5],"texture":"#0","tintindex":0,"rotation":0},"south":{"uv":[0.0,3.5,4.0,7.0],"texture":"#0","tintindex":0,"rotation":0},"west":{"uv":[0.0,7.5,3.0,10.5],"texture":"#0","tintindex":0,"rotation":0},"up":{"uv":[8.0,3.0,4.0,0.5],"texture":"#0","tintindex":0,"rotation":0},"down":{"uv":[8.0,3.0,4.0,6.0],"texture":"#0","tintindex":0,"rotation":0}},"rotation":{"origin":[7.2,5.900000095367432,8.399999618530273],"angle":0.0,"axis":"x"}},{"from":[7.6,6.3,6.3999996],"to":[8.4,7.5,7.2],"faces":{"north":{"uv":[3.0,7.0,4.0,8.5],"texture":"#0","tintindex":0,"rotation":0},"east":{"uv":[2.0,10.5,3.0,12.0],"texture":"#0","tintindex":0,"rotation":0},"south":{"uv":[2.0,12.0,3.0,13.5],"texture":"#0","tintindex":0,"rotation":0},"west":{"uv":[12.0,11.0,13.0,12.5],"texture":"#0","tintindex":0,"rotation":0},"up":{"uv":[4.0,9.5,3.0,8.5],"texture":"#0","tintindex":0,"rotation":0},"down":{"uv":[4.0,13.0,3.0,14.0],"texture":"#0","tintindex":0,"rotation":0}},"rotation":{"origin":[7.2,5.900000095367432,5.999999618530273],"angle":0.0,"axis":"x"}},{"from":[4.8,6.3,7.9999995],"to":[6.4,8.3,7.9999995],"rotation":{"origin":[6.4,7.100000095367432,7.999999618530273],"angle":45.0,"axis":"y"},"faces":{"north":{"uv":[10.0,5.5,12.0,8.0],"texture":"#0","tintindex":0,"rotation":0},"east":{"uv":[0.0,0.0,0.0,2.5],"texture":"#0","tintindex":0,"rotation":0},"south":{"uv":[12.0,5.5,10.0,8.0],"texture":"#0","tintindex":0,"rotation":0},"west":{"uv":[0.0,0.0,0.0,2.5],"texture":"#0","tintindex":0,"rotation":0},"up":{"uv":[2.0,0.0,0.0,0.0],"texture":"#0","tintindex":0,"rotation":0},"down":{"uv":[2.0,0.0,0.0,0.0],"texture":"#0","tintindex":0,"rotation":0}}},{"from":[9.6,6.3,7.9999995],"to":[11.2,8.3,7.9999995],"rotation":{"origin":[9.6,7.100000095367432,7.999999618530273],"angle":-45.0,"axis":"y"},"faces":{"north":{"uv":[0.0,10.5,2.0,13.0],"texture":"#0","tintindex":0,"rotation":0},"east":{"uv":[0.0,0.0,0.0,2.5],"texture":"#0","tintindex":0,"rotation":0},"south":{"uv":[2.0,10.5,0.0,13.0],"texture":"#0","tintindex":0,"rotation":0},"west":{"uv":[0.0,0.0,0.0,2.5],"texture":"#0","tintindex":0,"rotation":0},"up":{"uv":[2.0,0.0,0.0,0.0],"texture":"#0","tintindex":0,"rotation":0},"down":{"uv":[2.0,0.0,0.0,0.0],"texture":"#0","tintindex":0,"rotation":0}}},{"from":[7.2,8.700001,7.5999994],"to":[9.2,9.5,7.5999994],"faces":{"north":{"uv":[10.0,14.0,12.5,15.0],"texture":"#2","tintindex":0,"rotation":0},"east":{"uv":[12.5,10.0,12.5,11.0],"texture":"#2","tintindex":0,"rotation":0},"south":{"uv":[12.5,14.0,10.0,15.0],"texture":"#2","tintindex":0,"rotation":0},"west":{"uv":[12.0,10.0,12.0,11.0],"texture":"#2","tintindex":0,"rotation":0},"up":{"uv":[10.0,11.0,12.5,11.0],"texture":"#2","tintindex":0,"rotation":0},"down":{"uv":[10.0,11.0,12.5,11.0],"texture":"#2","tintindex":0,"rotation":0}},"rotation":{"origin":[8.0,8.300000095367432,7.599999618530274],"angle":0.0,"axis":"x"}},{"from":[7.2,8.700001,9.599999],"to":[9.2,9.5,9.599999],"faces":{"north":{"uv":[12.5,13.0,10.0,14.0],"texture":"#2","tintindex":0,"rotation":0},"east":{"uv":[10.0,12.0,10.0,13.0],"texture":"#2","tintindex":0,"rotation":0},"south":{"uv":[10.0,13.0,12.5,14.0],"texture":"#2","tintindex":0,"rotation":0},"west":{"uv":[7.5,12.0,7.5,13.0],"texture":"#2","tintindex":0,"rotation":0},"up":{"uv":[7.5,13.0,10.0,13.0],"texture":"#2","tintindex":0,"rotation":0},"down":{"uv":[5.0,13.0,7.5,13.0],"texture":"#2","tintindex":0,"rotation":0}},"rotation":{"origin":[8.0,8.300000095367432,9.599999618530273],"angle":0.0,"axis":"x"}},{"from":[9.2,8.700001,7.5999994],"to":[9.2,9.5,9.599999],"faces":{"north":{"uv":[10.0,14.0,10.0,15.0],"texture":"#2","tintindex":0,"rotation":0},"east":{"uv":[10.0,12.0,12.5,13.0],"texture":"#2","tintindex":0,"rotation":0},"south":{"uv":[10.0,13.0,10.0,14.0],"texture":"#2","tintindex":0,"rotation":0},"west":{"uv":[12.5,12.0,10.0,13.0],"texture":"#2","tintindex":0,"rotation":0},"up":{"uv":[7.5,13.0,7.5,15.5],"texture":"#2","tintindex":0,"rotation":0},"down":{"uv":[5.0,13.0,5.0,15.5],"texture":"#2","tintindex":0,"rotation":0}},"rotation":{"origin":[8.0,8.300000095367432,8.399999618530273],"angle":0.0,"axis":"x"}},{"from":[7.2,8.700001,7.5999994],"to":[7.2,9.5,9.599999],"faces":{"north":{"uv":[10.0,14.0,10.0,15.0],"texture":"#2","tintindex":0,"rotation":0},"east":{"uv":[10.0,12.0,7.5,13.0],"texture":"#2","tintindex":0,"rotation":0},"south":{"uv":[10.0,13.0,10.0,14.0],"texture":"#2","tintindex":0,"rotation":0},"west":{"uv":[7.5,12.0,10.0,13.0],"texture":"#2","tintindex":0,"rotation":0},"up":{"uv":[7.5,13.0,7.5,15.5],"texture":"#2","tintindex":0,"rotation":0},"down":{"uv":[5.0,13.0,5.0,15.5],"texture":"#2","tintindex":0,"rotation":0}},"rotation":{"origin":[6.0,8.300000095367432,8.399999618530273],"angle":0.0,"axis":"x"}},{"from":[7.2,8.3,7.5999994],"to":[9.2,8.700001,9.599999],"faces":{"north":{"uv":[3.5,15.0,6.0,15.5],"texture":"#2","tintindex":0,"rotation":0},"east":{"uv":[3.5,14.5,6.0,15.0],"texture":"#2","tintindex":0,"rotation":0},"south":{"uv":[3.5,15.5,6.0,16.0],"texture":"#2","tintindex":0,"rotation":0},"west":{"uv":[3.5,14.0,6.0,14.5],"texture":"#2","tintindex":0,"rotation":0},"up":{"uv":[13.5,3.0,16.0,5.5],"texture":"#2","tintindex":0,"rotation":0},"down":{"uv":[13.5,3.0,16.0,5.5],"texture":"#2","tintindex":0,"rotation":0}},"rotation":{"origin":[6.0,8.300000095367432,8.399999618530273],"angle":0.0,"axis":"x"}},{"from":[7.2200003,8.700001,9.2],"to":[8.42,9.9,9.2],"rotation":{"origin":[7.82,9.300000095367432,9.199999618530274],"angle":45.0,"axis":"x"},"faces":{"north":{"uv":[9.0,0.0,2.0,7.5],"texture":"#2","tintindex":0,"rotation":0},"east":{"uv":[0.0,0.0,0.0,5.5],"texture":"#2","tintindex":0,"rotation":0},"south":{"uv":[2.0,0.0,9.0,7.5],"texture":"#2","tintindex":0,"rotation":0},"west":{"uv":[0.0,0.0,0.0,5.5],"texture":"#2","tintindex":0,"rotation":0},"up":{"uv":[4.5,0.0,0.0,0.0],"texture":"#2","tintindex":0,"rotation":0},"down":{"uv":[4.5,0.0,0.0,0.0],"texture":"#2","tintindex":0,"rotation":0}}},{"from":[7.2200003,8.700001,8.799999],"to":[8.42,9.9,8.799999],"rotation":{"origin":[7.82,9.300000095367432,8.799999618530274],"angle":45.0,"axis":"x"},"faces":{"north":{"uv":[9.0,0.0,2.0,7.5],"texture":"#2","tintindex":0,"rotation":0},"east":{"uv":[0.0,0.0,0.0,5.5],"texture":"#2","tintindex":0,"rotation":0},"south":{"uv":[2.0,0.0,9.0,7.5],"texture":"#2","tintindex":0,"rotation":0},"west":{"uv":[0.0,0.0,0.0,5.5],"texture":"#2","tintindex":0,"rotation":0},"up":{"uv":[4.5,0.0,0.0,0.0],"texture":"#2","tintindex":0,"rotation":0},"down":{"uv":[4.5,0.0,0.0,0.0],"texture":"#2","tintindex":0,"rotation":0}}},{"from":[9.02,8.8,7.6799994],"to":[9.02,10.0,8.879999],"rotation":{"origin":[8.42,9.400000095367432,8.879999618530274],"angle":0.0,"axis":"y"},"faces":{"north":{"uv":[9.0,0.0,2.0,7.5],"texture":"#2","tintindex":0,"rotation":0},"east":{"uv":[2.0,0.0,9.0,7.5],"texture":"#2","tintindex":0,"rotation":0},"south":{"uv":[2.0,0.0,9.0,7.5],"texture":"#2","tintindex":0,"rotation":0},"west":{"uv":[2.0,0.0,9.0,7.5],"texture":"#2","tintindex":0,"rotation":0},"up":{"uv":[4.5,0.0,0.0,0.0],"texture":"#2","tintindex":0,"rotation":0},"down":{"uv":[4.5,0.0,0.0,0.0],"texture":"#2","tintindex":0,"rotation":0}}},{"from":[8.62,8.9,7.6799994],"to":[8.62,10.1,8.879999],"rotation":{"origin":[8.02,9.500000095367433,8.879999618530274],"angle":0.0,"axis":"y"},"faces":{"north":{"uv":[9.0,0.0,2.0,7.5],"texture":"#2","tintindex":0,"rotation":0},"east":{"uv":[2.0,0.0,9.0,7.5],"texture":"#2","tintindex":0,"rotation":0},"south":{"uv":[2.0,0.0,9.0,7.5],"texture":"#2","tintindex":0,"rotation":0},"west":{"uv":[2.0,0.0,9.0,7.5],"texture":"#2","tintindex":0,"rotation":0},"up":{"uv":[4.5,0.0,0.0,0.0],"texture":"#2","tintindex":0,"rotation":0},"down":{"uv":[4.5,0.0,0.0,0.0],"texture":"#2","tintindex":0,"rotation":0}}},{"from":[7.82,8.1,7.6799994],"to":[7.82,9.3,8.879999],"rotation":{"origin":[7.22,8.700000095367432,8.879999618530274],"angle":0.0,"axis":"y"},"faces":{"north":{"uv":[9.0,0.0,2.0,7.5],"texture":"#2","tintindex":0,"rotation":0},"east":{"uv":[2.0,0.0,9.0,7.5],"texture":"#2","tintindex":0,"rotation":0},"south":{"uv":[2.0,0.0,9.0,7.5],"texture":"#2","tintindex":0,"rotation":0},"west":{"uv":[2.0,0.0,9.0,7.5],"texture":"#2","tintindex":0,"rotation":0},"up":{"uv":[4.5,0.0,0.0,0.0],"texture":"#2","tintindex":0,"rotation":0},"down":{"uv":[4.5,0.0,0.0,0.0],"texture":"#2","tintindex":0,"rotation":0}}},{"from":[8.22,8.1,7.6799994],"to":[8.22,9.3,8.879999],"rotation":{"origin":[7.62,8.700000095367432,8.879999618530274],"angle":0.0,"axis":"y"},"faces":{"north":{"uv":[9.0,0.0,2.0,7.5],"texture":"#2","tintindex":0,"rotation":0},"east":{"uv":[2.0,0.0,9.0,7.5],"texture":"#2","tintindex":0,"rotation":0},"south":{"uv":[2.0,0.0,9.0,7.5],"texture":"#2","tintindex":0,"rotation":0},"west":{"uv":[2.0,0.0,9.0,7.5],"texture":"#2","tintindex":0,"rotation":0},"up":{"uv":[4.5,0.0,0.0,0.0],"texture":"#2","tintindex":0,"rotation":0},"down":{"uv":[4.5,0.0,0.0,0.0],"texture":"#2","tintindex":0,"rotation":0}}},{"from":[7.82,8.9,7.6799994],"to":[9.02,8.9,8.879999],"rotation":{"origin":[7.22,9.100000095367431,8.879999618530274],"angle":0.0,"axis":"x"},"faces":{"north":{"uv":[9.0,0.0,2.0,7.5],"texture":"#2","tintindex":0,"rotation":0},"east":{"uv":[2.0,0.0,9.0,7.5],"texture":"#2","tintindex":0,"rotation":0},"south":{"uv":[2.0,0.0,9.0,7.5],"texture":"#2","tintindex":0,"rotation":0},"west":{"uv":[2.0,0.0,9.0,7.5],"texture":"#2","tintindex":0,"rotation":0},"up":{"uv":[9.0,0.0,2.0,7.5],"texture":"#2","tintindex":0,"rotation":0},"down":{"uv":[9.0,0.0,2.0,7.5],"texture":"#2","tintindex":0,"rotation":0}}},{"from":[8.02,8.700001,9.0],"to":[9.22,9.9,9.0],"rotation":{"origin":[8.620000000000001,9.300000095367432,8.999999618530273],"angle":22.5,"axis":"x"},"faces":{"north":{"uv":[9.0,0.0,2.0,7.5],"texture":"#2","tintindex":0,"rotation":0},"east":{"uv":[0.0,0.0,0.0,5.5],"texture":"#2","tintindex":0,"rotation":0},"south":{"uv":[2.0,0.0,9.0,7.5],"texture":"#2","tintindex":0,"rotation":0},"west":{"uv":[0.0,0.0,0.0,5.5],"texture":"#2","tintindex":0,"rotation":0},"up":{"uv":[4.5,0.0,0.0,0.0],"texture":"#2","tintindex":0,"rotation":0},"down":{"uv":[4.5,0.0,0.0,0.0],"texture":"#2","tintindex":0,"rotation":0}}},{"from":[8.02,8.700001,9.4],"to":[9.22,9.9,9.4],"rotation":{"origin":[8.620000000000001,9.300000095367432,9.399999618530273],"angle":22.5,"axis":"x"},"faces":{"north":{"uv":[9.0,0.0,2.0,7.5],"texture":"#2","tintindex":0,"rotation":0},"east":{"uv":[0.0,0.0,0.0,5.5],"texture":"#2","tintindex":0,"rotation":0},"south":{"uv":[2.0,0.0,9.0,7.5],"texture":"#2","tintindex":0,"rotation":0},"west":{"uv":[0.0,0.0,0.0,5.5],"texture":"#2","tintindex":0,"rotation":0},"up":{"uv":[4.5,0.0,0.0,0.0],"texture":"#2","tintindex":0,"rotation":0},"down":{"uv":[4.5,0.0,0.0,0.0],"texture":"#2","tintindex":0,"rotation":0}}},{"from":[7.62,8.700001,7.7999997],"to":[8.82,9.9,7.7999997],"rotation":{"origin":[8.22,9.300000095367432,7.799999618530274],"angle":-22.5,"axis":"x"},"faces":{"north":{"uv":[9.0,0.0,2.0,7.5],"texture":"#2","tintindex":0,"rotation":0},"east":{"uv":[0.0,0.0,0.0,5.5],"texture":"#2","tintindex":0,"rotation":0},"south":{"uv":[2.0,0.0,9.0,7.5],"texture":"#2","tintindex":0,"rotation":0},"west":{"uv":[0.0,0.0,0.0,5.5],"texture":"#2","tintindex":0,"rotation":0},"up":{"uv":[4.5,0.0,0.0,0.0],"texture":"#2","tintindex":0,"rotation":0},"down":{"uv":[4.5,0.0,0.0,0.0],"texture":"#2","tintindex":0,"rotation":0}}}]}