{"textures":{"0":"freeminecraftmodels:entity/09_em_earth_model/texture"},"display":{"head":{"scale":[4.0,4.0,4.0],"translation":[0,-6.4,0]}},"elements":[{"from":[7.649999,7.0,6.55],"to":[10.449999,8.2,9.55],"faces":{"north":{"uv":[8.75,4.75,10.5,5.5],"texture":"#0","tintindex":0,"rotation":0},"east":{"uv":[8.75,4.75,10.625,5.5],"texture":"#0","tintindex":0,"rotation":0},"south":{"uv":[8.75,4.75,10.5,5.5],"texture":"#0","tintindex":0,"rotation":0},"west":{"uv":[8.75,4.75,10.625,5.5],"texture":"#0","tintindex":0,"rotation":0},"up":{"uv":[3.75,1.875,2.0,0.0],"texture":"#0","tintindex":0,"rotation":0},"down":{"uv":[3.75,2.0,2.0,3.875],"texture":"#0","tintindex":0,"rotation":0}},"rotation":{"origin":[9.049999237060547,2.5999999046325684,7.849999904632568],"angle":0.0,"axis":"x"}},{"from":[9.449999,8.2,6.45],"to":[11.549999,9.5,9.45],"faces":{"north":{"uv":[5.75,8.75,7.125,9.625],"texture":"#0","tintindex":0,"rotation":0},"east":{"uv":[6.5,3.25,8.375,4.125],"texture":"#0","tintindex":0,"rotation":0},"south":{"uv":[5.75,8.75,7.125,9.625],"texture":"#0","tintindex":0,"rotation":0},"west":{"uv":[6.5,4.25,8.375,5.125],"texture":"#0","tintindex":0,"rotation":0},"up":{"uv":[1.375,5.375,0.0,3.5],"texture":"#0","tintindex":0,"rotation":0},"down":{"uv":[5.125,0.0,3.75,1.875],"texture":"#0","tintindex":0,"rotation":0}},"rotation":{"origin":[9.049999237060547,2.5999999046325684,7.849999904632568],"angle":0.0,"axis":"x"}},{"from":[4.4499993,6.6,6.6499996],"to":[6.049999,7.4,9.15],"rotation":{"origin":[9.049999237060547,2.5999999046325684,7.849999904632568],"angle":-22.5,"axis":"z"},"faces":{"north":{"uv":[2.25,11.5,3.25,12.0],"texture":"#0","tintindex":0,"rotation":0},"east":{"uv":[7.25,10.0,8.875,10.5],"texture":"#0","tintindex":0,"rotation":0},"south":{"uv":[11.5,3.25,12.5,3.75],"texture":"#0","tintindex":0,"rotation":0},"west":{"uv":[1.5,10.25,3.125,10.75],"texture":"#0","tintindex":0,"rotation":0},"up":{"uv":[7.5,6.875,6.5,5.25],"texture":"#0","tintindex":0,"rotation":0},"down":{"uv":[6.0,6.75,5.0,8.375],"texture":"#0","tintindex":0,"rotation":0}}},{"from":[5.8499994,6.5,6.6499996],"to":[6.749999,8.6,9.15],"rotation":{"origin":[9.049999237060547,2.5999999046325684,7.849999904632568],"angle":-45.0,"axis":"z"},"faces":{"north":{"uv":[6.5,9.75,7.125,11.125],"texture":"#0","tintindex":0,"rotation":0},"east":{"uv":[1.5,4.0,3.125,5.375],"texture":"#0","tintindex":0,"rotation":0},"south":{"uv":[9.75,9.25,10.375,10.625],"texture":"#0","tintindex":0,"rotation":0},"west":{"uv":[5.25,0.0,6.875,1.375],"texture":"#0","tintindex":0,"rotation":0},"up":{"uv":[0.625,10.875,0.0,9.25],"texture":"#0","tintindex":0,"rotation":0},"down":{"uv":[1.375,9.25,0.75,10.875],"texture":"#0","tintindex":0,"rotation":0}}},{"from":[6.3499994,8.059999,6.6499996],"to":[9.549999,9.360001,9.35],"faces":{"north":{"uv":[7.75,2.5,9.75,3.25],"texture":"#0","tintindex":0,"rotation":0},"east":{"uv":[4.0,8.5,5.75,9.25],"texture":"#0","tintindex":0,"rotation":0},"south":{"uv":[7.75,2.5,9.75,3.25],"texture":"#0","tintindex":0,"rotation":0},"west":{"uv":[8.5,4.0,10.25,4.75],"texture":"#0","tintindex":0,"rotation":0},"up":{"uv":[2.0,1.75,0.0,0.0],"texture":"#0","tintindex":0,"rotation":0},"down":{"uv":[2.0,1.75,0.0,3.5],"texture":"#0","tintindex":0,"rotation":0}},"rotation":{"origin":[9.049999237060547,2.5999999046325684,7.849999904632568],"angle":0.0,"axis":"x"}}]}