{"textures":{"0":"freeminecraftmodels:entity/09_em_earth_model/texture"},"display":{"head":{"scale":[4.0,4.0,4.0],"translation":[0,-6.4,0]}},"elements":[{"from":[8.9,9.65,7.1],"to":[9.7,11.049999,7.9],"rotation":{"origin":[12.0,5.849999904632568,8.0],"angle":22.5,"axis":"z"},"faces":{"north":{"uv":[9.25,12.0,9.75,12.875],"texture":"#0","tintindex":0,"rotation":0},"east":{"uv":[10.5,12.0,11.0,12.875],"texture":"#0","tintindex":0,"rotation":0},"south":{"uv":[11.0,12.0,11.5,12.875],"texture":"#0","tintindex":0,"rotation":0},"west":{"uv":[3.0,12.25,3.5,13.125],"texture":"#0","tintindex":0,"rotation":0},"up":{"uv":[8.0,7.0,7.5,6.5],"texture":"#0","tintindex":0,"rotation":0},"down":{"uv":[9.75,8.25,9.25,8.75],"texture":"#0","tintindex":0,"rotation":0}}},{"from":[7.1,9.25,7.0],"to":[9.1,9.85,9.0],"faces":{"north":{"uv":[4.5,11.75,5.75,12.125],"texture":"#0","tintindex":0,"rotation":0},"east":{"uv":[4.5,11.75,5.75,12.125],"texture":"#0","tintindex":0,"rotation":0},"south":{"uv":[4.5,11.75,5.75,12.125],"texture":"#0","tintindex":0,"rotation":0},"west":{"uv":[4.5,11.75,5.75,12.125],"texture":"#0","tintindex":0,"rotation":0},"up":{"uv":[9.25,9.0,8.0,7.75],"texture":"#0","tintindex":0,"rotation":0},"down":{"uv":[9.5,0.0,8.25,1.25],"texture":"#0","tintindex":0,"rotation":0}},"rotation":{"origin":[12.0,5.849999904632568,8.0],"angle":0.0,"axis":"x"}},{"from":[7.3,9.85,7.2],"to":[8.9,10.65,8.8],"faces":{"north":{"uv":[10.75,2.75,12.0,3.25],"texture":"#0","tintindex":0,"rotation":0},"east":{"uv":[10.25,11.0,11.5,11.5],"texture":"#0","tintindex":0,"rotation":0},"south":{"uv":[6.25,11.25,7.5,11.75],"texture":"#0","tintindex":0,"rotation":0},"west":{"uv":[11.25,7.25,12.5,7.75],"texture":"#0","tintindex":0,"rotation":0},"up":{"uv":[9.0,2.5,7.75,1.25],"texture":"#0","tintindex":0,"rotation":0},"down":{"uv":[9.25,6.5,8.0,7.75],"texture":"#0","tintindex":0,"rotation":0}},"rotation":{"origin":[12.0,5.849999904632568,8.0],"angle":0.0,"axis":"x"}},{"from":[7.8,8.35,8.1],"to":[9.0,8.95,8.9],"faces":{"north":{"uv":[12.75,3.75,13.5,4.125],"texture":"#0","tintindex":0,"rotation":0},"east":{"uv":[3.5,13.0,4.0,13.375],"texture":"#0","tintindex":0,"rotation":0},"south":{"uv":[6.5,12.75,7.25,13.125],"texture":"#0","tintindex":0,"rotation":0},"west":{"uv":[4.0,13.0,4.5,13.375],"texture":"#0","tintindex":0,"rotation":0},"up":{"uv":[2.25,13.0,1.5,12.5],"texture":"#0","tintindex":0,"rotation":0},"down":{"uv":[13.25,3.25,12.5,3.75],"texture":"#0","tintindex":0,"rotation":0}},"rotation":{"origin":[12.0,5.849999904632568,8.0],"angle":0.0,"axis":"x"}},{"from":[6.3,4.95,8.1],"to":[7.4,5.5499997,8.9],"rotation":{"origin":[12.0,5.849999904632568,8.0],"angle":-45.0,"axis":"z"},"faces":{"north":{"uv":[2.25,12.75,3.0,13.125],"texture":"#0","tintindex":0,"rotation":0},"east":{"uv":[1.5,13.0,2.0,13.375],"texture":"#0","tintindex":0,"rotation":0},"south":{"uv":[12.75,2.5,13.5,2.875],"texture":"#0","tintindex":0,"rotation":0},"west":{"uv":[13.0,2.0,13.5,2.375],"texture":"#0","tintindex":0,"rotation":0},"up":{"uv":[12.25,12.75,11.5,12.25],"texture":"#0","tintindex":0,"rotation":0},"down":{"uv":[13.0,12.25,12.25,12.75],"texture":"#0","tintindex":0,"rotation":0}}},{"from":[7.7,8.15,7.1],"to":[8.9,8.75,7.9],"faces":{"north":{"uv":[7.25,12.75,8.0,13.125],"texture":"#0","tintindex":0,"rotation":0},"east":{"uv":[4.5,13.0,5.0,13.375],"texture":"#0","tintindex":0,"rotation":0},"south":{"uv":[8.0,12.75,8.75,13.125],"texture":"#0","tintindex":0,"rotation":0},"west":{"uv":[5.0,13.0,5.5,13.375],"texture":"#0","tintindex":0,"rotation":0},"up":{"uv":[13.25,5.0,12.5,4.5],"texture":"#0","tintindex":0,"rotation":0},"down":{"uv":[13.25,5.0,12.5,5.5],"texture":"#0","tintindex":0,"rotation":0}},"rotation":{"origin":[12.0,5.849999904632568,8.0],"angle":0.0,"axis":"x"}}]}