{"textures":{"0":"freeminecraftmodels:entity/09_em_earth_model/texture"},"display":{"head":{"scale":[4.0,4.0,4.0],"translation":[0,-6.4,0]}},"elements":[{"from":[6.85,7.2,6.7],"to":[9.15,8.0,9.299999],"rotation":{"origin":[6.650000095367432,1.5999999046325684,10.399999618530273],"angle":22.5,"axis":"x"},"faces":{"north":{"uv":[10.5,1.0,12.0,1.5],"texture":"#0","tintindex":0,"rotation":0},"east":{"uv":[3.25,10.25,4.875,10.75],"texture":"#0","tintindex":0,"rotation":0},"south":{"uv":[10.5,1.5,12.0,2.0],"texture":"#0","tintindex":0,"rotation":0},"west":{"uv":[10.25,4.0,11.875,4.5],"texture":"#0","tintindex":0,"rotation":0},"up":{"uv":[5.25,3.625,3.75,2.0],"texture":"#0","tintindex":0,"rotation":0},"down":{"uv":[5.25,3.75,3.75,5.375],"texture":"#0","tintindex":0,"rotation":0}}},{"from":[7.65,8.0,6.7],"to":[9.15,8.799999,9.299999],"rotation":{"origin":[6.650000095367432,1.5999999046325684,10.399999618530273],"angle":22.5,"axis":"x"},"faces":{"north":{"uv":[11.5,5.5,12.5,6.0],"texture":"#0","tintindex":0,"rotation":0},"east":{"uv":[10.25,6.25,11.875,6.75],"texture":"#0","tintindex":0,"rotation":0},"south":{"uv":[8.75,11.5,9.75,12.0],"texture":"#0","tintindex":0,"rotation":0},"west":{"uv":[10.25,6.75,11.875,7.25],"texture":"#0","tintindex":0,"rotation":0},"up":{"uv":[7.0,8.625,6.0,7.0],"texture":"#0","tintindex":0,"rotation":0},"down":{"uv":[8.0,7.0,7.0,8.625],"texture":"#0","tintindex":0,"rotation":0}}}]}